============================================================
  EQUINOXEN MEDIA — CONTENT PIPELINE
  Running at: 2026-07-02 15:00:09
  Target: 1 articles
============================================================
📂 Loading intelligence report: intelligence_report_20260701_170252.json

📋 Found 7 opportunities

============================================================
  ARTICLE 1 of 1 (opportunity 1 of 7)
============================================================
⏭️  Skipping — already published (keyword match):
   Best Business Automation Software for Small Business in 2026

============================================================
  ARTICLE 1 of 1 (opportunity 2 of 7)
============================================================
⏭️  Skipping — already published (slug match):
   Best Business Process Automation Software in 2026

============================================================
  ARTICLE 1 of 1 (opportunity 3 of 7)
============================================================
⏭️  Skipping — comparison already covered: freshbooks+quickbooks

============================================================
  ARTICLE 1 of 1 (opportunity 4 of 7)
============================================================
⏭️  Skipping — comparison already covered: freshbooks+quickbooks

============================================================
  ARTICLE 1 of 1 (opportunity 5 of 7)
============================================================
⏭️  Skipping — comparison already covered: freshbooks+quickbooks

============================================================
  ARTICLE 1 of 1 (opportunity 6 of 7)
============================================================
⏭️  Skipping — already published (keyword match):
   Notion Review 2026: Is It Worth It for Project Management

============================================================
  ARTICLE 1 of 1 (opportunity 7 of 7)
============================================================
⏭️  Skipping — already published (keyword match):
   Webflow Review 2026: Pricing, Templates and Learning Curve

============================================================
  PIPELINE COMPLETE
============================================================

✅ Published 0 of 1 target articles:

⚠️  Only published 0 of 1 — run intelligence.py for fresh opportunities

💡 Next steps:
   1. Review articles in WordPress
   2. Verify affiliate links are working
   ✅ Cleanup complete
============================================================
  EQUINOXEN MEDIA — CONTENT PIPELINE
  Running at: 2026-07-02 18:00:11
  Target: 1 articles
============================================================
📂 Loading intelligence report: intelligence_report_20260702_170246.json

📋 Found 9 opportunities

============================================================
  ARTICLE 1 of 1 (opportunity 1 of 9)
============================================================
⏭️  Skipping — already published (title match):
   Best AI Productivity Tools for Work in 2026

============================================================
  ARTICLE 1 of 1 (opportunity 2 of 9)
============================================================

✍️  Generating article: Notion AI Review 2026: Features, Pricing and Real User Testing
   Keyword: notion ai review
   Type: review
   ✅ Article generated (11154 characters)
   🔍 Generating SEO metadata...
   💾 Saved locally: article_notion-ai-review-features-pricing-user-testing_20260702_180116.html
   🎨 Generating AI featured images...
   🎨 Generating landscape AI image for: Notion AI Review 2026: Features, Pricing and Real User Testing
   ✅ Landscape image generated (98KB)

📤 Publishing to WordPress as publish...
   ✅ Published! ID: 762
   🔗 URL: https://equinoxen.com/notion-ai-review-features-pricing-user-testing/
   🔄 WordPress hooks triggered
   🎯 Rank Math focus keyword set: notion ai review
   📝 Tracked: Notion AI Review 2026: Features, Pricing and Real User Testing

📱 Posting to social media...
   📤 Posting to LinkedIn...
   🖼️  Uploading image to LinkedIn...
   ✅ Image uploaded to LinkedIn
   ✅ LinkedIn posted successfully
   📤 Posting to X...
   ✅ X posted successfully
   📤 Posting to Dev.to...
   ✍️  Generating Dev.to summary...
   ✅ Dev.to summary generated (1400 chars)
   ✅ Dev.to posted successfully
   🔗 Dev.to URL: https://dev.to/jdhaack1/notion-ai-review-2026-features-pricing-and-real-user-testing-2kak
   📱 Social posting complete
   ✅ IndexNow submitted: https://equinoxen.com/notion-ai-review-features-pricing-user-testing/
   ✅ Google Indexing API submitted: https://equinoxen.com/notion-ai-review-features-pricing-user-testing/

============================================================
  PIPELINE COMPLETE
============================================================

✅ Published 1 of 1 target articles:

  📄 Notion AI Review 2026: Features, Pricing and Real User Testing
     Keyword: notion ai review
     Local: article_notion-ai-review-features-pricing-user-testing_20260702_180116.html
     WordPress: https://equinoxen.com/notion-ai-review-features-pricing-user-testing/
     Status: published

💡 Next steps:
   1. Review articles in WordPress
   2. Verify affiliate links are working
   🧹 Removed old report: intelligence_report_20260625_170255.json
   🧹 Removed old article: article_notion-ai-review-features-pricing-user-testing_20260702_180116.html
   ✅ Cleanup complete
============================================================
  EQUINOXEN MEDIA — CONTENT PIPELINE
  Running at: 2026-07-02 21:00:08
  Target: 1 articles
============================================================
📂 Loading intelligence report: intelligence_report_20260702_170246.json

📋 Found 9 opportunities

============================================================
  ARTICLE 1 of 1 (opportunity 1 of 9)
============================================================
⏭️  Skipping — already published (title match):
   Best AI Productivity Tools for Work in 2026

============================================================
  ARTICLE 1 of 1 (opportunity 2 of 9)
============================================================
⏭️  Skipping — comparison already covered: notion ai

============================================================
  ARTICLE 1 of 1 (opportunity 3 of 9)
============================================================
⏭️  Skipping — already published (title match):
   Best Landing Page Builder for Shopify in 2026

============================================================
  ARTICLE 1 of 1 (opportunity 4 of 9)
============================================================

✍️  Generating article: Instapage vs Leadpages 2026: Which Landing Page Builder Wins
   Keyword: instapage vs leadpages
   Type: comparison
   ✅ Article generated (17305 characters)
   🔍 Generating SEO metadata...
   💾 Saved locally: article_instapage-vs-leadpages_20260702_210142.html
   🎨 Generating AI featured images...
   🎨 Generating landscape AI image for: Instapage vs Leadpages 2026: Which Landing Page Builder Wins
   ✅ Landscape image generated (81KB)

📤 Publishing to WordPress as publish...
   ✅ Published! ID: 765
   🔗 URL: https://equinoxen.com/instapage-vs-leadpages/
   🔄 WordPress hooks triggered
   🎯 Rank Math focus keyword set: instapage vs leadpages
   📝 Tracked: Instapage vs Leadpages 2026: Which Landing Page Builder Wins

📱 Posting to social media...
   ⏭️  LinkedIn — already posted today
   📤 Posting to X...
   ✅ X posted successfully
   📤 Posting to Dev.to...
   ✍️  Generating Dev.to summary...
   ✅ Dev.to summary generated (1514 chars)
   ✅ Dev.to posted successfully
   🔗 Dev.to URL: https://dev.to/jdhaack1/instapage-vs-leadpages-2026-which-landing-page-builder-wins-1979
   📱 Social posting complete
   ✅ IndexNow submitted: https://equinoxen.com/instapage-vs-leadpages/
   ✅ Google Indexing API submitted: https://equinoxen.com/instapage-vs-leadpages/

============================================================
  PIPELINE COMPLETE
============================================================

✅ Published 1 of 1 target articles:

  📄 Instapage vs Leadpages 2026: Which Landing Page Builder Wins
     Keyword: instapage vs leadpages
     Local: article_instapage-vs-leadpages_20260702_210142.html
     WordPress: https://equinoxen.com/instapage-vs-leadpages/
     Status: published

💡 Next steps:
   1. Review articles in WordPress
   2. Verify affiliate links are working
   🧹 Removed old article: article_instapage-vs-leadpages_20260702_210142.html
   ✅ Cleanup complete
============================================================
  EQUINOXEN MEDIA — CONTENT PIPELINE
  Running at: 2026-07-03 15:00:09
  Target: 1 articles
============================================================
📂 Loading intelligence report: intelligence_report_20260702_170246.json

📋 Found 9 opportunities

============================================================
  ARTICLE 1 of 1 (opportunity 1 of 9)
============================================================
⏭️  Skipping — already published (title match):
   Best AI Productivity Tools for Work in 2026

============================================================
  ARTICLE 1 of 1 (opportunity 2 of 9)
============================================================
⏭️  Skipping — comparison already covered: notion ai

============================================================
  ARTICLE 1 of 1 (opportunity 3 of 9)
============================================================
⏭️  Skipping — already published (title match):
   Best Landing Page Builder for Shopify in 2026

============================================================
  ARTICLE 1 of 1 (opportunity 4 of 9)
============================================================
⏭️  Skipping — comparison already covered: instapage  leadpages

============================================================
  ARTICLE 1 of 1 (opportunity 5 of 9)
============================================================

✍️  Generating article: Pipedrive Review 2026: CRM Testing Results for Sales Teams
   Keyword: pipedrive review
   Type: review
   ✅ Article generated (12428 characters)
   🔍 Generating SEO metadata...
   💾 Saved locally: article_pipedrive-review_20260703_150115.html
   🎨 Generating AI featured images...
   🎨 Generating landscape AI image for: Pipedrive Review 2026: CRM Testing Results for Sales Teams
   ✅ Landscape image generated (69KB)

📤 Publishing to WordPress as publish...
   ✅ Published! ID: 823
   🔗 URL: https://equinoxen.com/pipedrive-review/
   🔄 WordPress hooks triggered
   🎯 Rank Math focus keyword set: pipedrive review
   📝 Tracked: Pipedrive Review 2026: CRM Testing Results for Sales Teams

📱 Posting to social media...
   ⏭️  LinkedIn — outside posting window (10am-12pm Pacific)
   📤 Posting to X...
   ✅ X posted successfully
   📤 Posting to Dev.to...
   ✍️  Generating Dev.to summary...
   ✅ Dev.to summary generated (1561 chars)
   ✅ Dev.to posted successfully
   🔗 Dev.to URL: https://dev.to/jdhaack1/pipedrive-review-2026-crm-testing-results-for-sales-teams-fpg
   📱 Social posting complete
   ✅ IndexNow submitted: https://equinoxen.com/pipedrive-review/
   ✅ Google Indexing API submitted: https://equinoxen.com/pipedrive-review/

============================================================
  PIPELINE COMPLETE
============================================================

✅ Published 1 of 1 target articles:

  📄 Pipedrive Review 2026: CRM Testing Results for Sales Teams
     Keyword: pipedrive review
     Local: article_pipedrive-review_20260703_150115.html
     WordPress: https://equinoxen.com/pipedrive-review/
     Status: published

💡 Next steps:
   1. Review articles in WordPress
   2. Verify affiliate links are working
   🧹 Removed old article: article_pipedrive-review_20260703_150115.html
   ✅ Cleanup complete
============================================================
  EQUINOXEN MEDIA — CONTENT PIPELINE
  Running at: 2026-07-03 18:00:12
  Target: 1 articles
============================================================
📂 Loading intelligence report: intelligence_report_20260703_170444.json

📋 Found 9 opportunities

============================================================
  ARTICLE 1 of 1 (opportunity 1 of 9)
============================================================
⏭️  Skipping — already published (slug match):
   Best CRM Software for Construction Companies in 2026

============================================================
  ARTICLE 1 of 1 (opportunity 2 of 9)
============================================================
⏭️  Skipping — already published (keyword match):
   Best CRM Software for Real Estate Agents 2026

============================================================
  ARTICLE 1 of 1 (opportunity 3 of 9)
============================================================

✍️  Generating article: Salesforce vs Pipedrive: Which CRM is Right for Your Business in 2026
   Keyword: salesforce vs pipedrive
   Type: comparison
   ✅ Article generated (15914 characters)
   🔍 Generating SEO metadata...
   💾 Saved locally: article_salesforce-vs-pipedrive-which-crm-is-right-for-your-business_20260703_180141.html
   🎨 Generating AI featured images...
   🎨 Generating landscape AI image for: Salesforce vs Pipedrive: Which CRM is Right for Your Business in 2026
   ✅ Landscape image generated (82KB)

📤 Publishing to WordPress as publish...
   ✅ Published! ID: 826
   🔗 URL: https://equinoxen.com/salesforce-vs-pipedrive-which-crm-is-right-for-your-business/
   🔄 WordPress hooks triggered
   🎯 Rank Math focus keyword set: salesforce vs pipedrive
   📝 Tracked: Salesforce vs Pipedrive: Which CRM is Right for Your Business in 2026

📱 Posting to social media...
   📤 Posting to LinkedIn...
   🖼️  Uploading image to LinkedIn...
   ✅ Image uploaded to LinkedIn
   ✅ LinkedIn posted successfully
   📤 Posting to X...
   ✅ X posted successfully
   📤 Posting to Dev.to...
   ✍️  Generating Dev.to summary...
   ✅ Dev.to summary generated (1426 chars)
   ✅ Dev.to posted successfully
   🔗 Dev.to URL: https://dev.to/jdhaack1/salesforce-vs-pipedrive-which-crm-is-right-for-your-business-in-2026-26de
   📱 Social posting complete
   ✅ IndexNow submitted: https://equinoxen.com/salesforce-vs-pipedrive-which-crm-is-right-for-your-business/
   ✅ Google Indexing API submitted: https://equinoxen.com/salesforce-vs-pipedrive-which-crm-is-right-for-your-business/

============================================================
  PIPELINE COMPLETE
============================================================

✅ Published 1 of 1 target articles:

  📄 Salesforce vs Pipedrive: Which CRM is Right for Your Business in 2026
     Keyword: salesforce vs pipedrive
     Local: article_salesforce-vs-pipedrive-which-crm-is-right-for-your-business_20260703_180141.html
     WordPress: https://equinoxen.com/salesforce-vs-pipedrive-which-crm-is-right-for-your-business/
     Status: published

💡 Next steps:
   1. Review articles in WordPress
   2. Verify affiliate links are working
   🧹 Removed old report: intelligence_report_20260626_170311.json
   🧹 Removed old article: article_salesforce-vs-pipedrive-which-crm-is-right-for-your-business_20260703_180141.html
   ✅ Cleanup complete
============================================================
  EQUINOXEN MEDIA — CONTENT PIPELINE
  Running at: 2026-07-03 21:00:08
  Target: 1 articles
============================================================
📂 Loading intelligence report: intelligence_report_20260703_170444.json

📋 Found 9 opportunities

============================================================
  ARTICLE 1 of 1 (opportunity 1 of 9)
============================================================
⏭️  Skipping — already published (slug match):
   Best CRM Software for Construction Companies in 2026

============================================================
  ARTICLE 1 of 1 (opportunity 2 of 9)
============================================================
⏭️  Skipping — already published (keyword match):
   Best CRM Software for Real Estate Agents 2026

============================================================
  ARTICLE 1 of 1 (opportunity 3 of 9)
============================================================
⏭️  Skipping — comparison already covered: pipedrive+salesforce

============================================================
  ARTICLE 1 of 1 (opportunity 4 of 9)
============================================================

✍️  Generating article: GetResponse Review 2026: Email Marketing Platform for Small Business
   Keyword: getresponse review
   Type: review
   ✅ Article generated (10792 characters)
   🔍 Generating SEO metadata...
   💾 Saved locally: article_getresponse-review-email-marketing-small-business_20260703_210111.html
   🎨 Generating AI featured images...
   🎨 Generating landscape AI image for: GetResponse Review 2026: Email Marketing Platform for Small Business
   ✅ Landscape image generated (79KB)

📤 Publishing to WordPress as publish...
   ✅ Published! ID: 829
   🔗 URL: https://equinoxen.com/getresponse-review-email-marketing-small-business/
   🔄 WordPress hooks triggered
   🎯 Rank Math focus keyword set: getresponse review
   📝 Tracked: GetResponse Review 2026: Email Marketing Platform for Small Business

📱 Posting to social media...
   ⏭️  LinkedIn — already posted today
   📤 Posting to X...
   ✅ X posted successfully
   📤 Posting to Dev.to...
   ✍️  Generating Dev.to summary...
   ✅ Dev.to summary generated (1483 chars)
   ✅ Dev.to posted successfully
   🔗 Dev.to URL: https://dev.to/jdhaack1/getresponse-review-2026-email-marketing-platform-for-small-business-326o
   📱 Social posting complete
   ✅ IndexNow submitted: https://equinoxen.com/getresponse-review-email-marketing-small-business/
   ✅ Google Indexing API submitted: https://equinoxen.com/getresponse-review-email-marketing-small-business/

============================================================
  PIPELINE COMPLETE
============================================================

✅ Published 1 of 1 target articles:

  📄 GetResponse Review 2026: Email Marketing Platform for Small Business
     Keyword: getresponse review
     Local: article_getresponse-review-email-marketing-small-business_20260703_210111.html
     WordPress: https://equinoxen.com/getresponse-review-email-marketing-small-business/
     Status: published

💡 Next steps:
   1. Review articles in WordPress
   2. Verify affiliate links are working
   🧹 Removed old article: article_getresponse-review-email-marketing-small-business_20260703_210111.html
   ✅ Cleanup complete
============================================================
  EQUINOXEN MEDIA — CONTENT PIPELINE
  Running at: 2026-07-04 15:00:09
  Target: 1 articles
============================================================
📂 Loading intelligence report: intelligence_report_20260703_170444.json

📋 Found 9 opportunities

============================================================
  ARTICLE 1 of 1 (opportunity 1 of 9)
============================================================
⏭️  Skipping — already published (slug match):
   Best CRM Software for Construction Companies in 2026

============================================================
  ARTICLE 1 of 1 (opportunity 2 of 9)
============================================================
⏭️  Skipping — already published (keyword match):
   Best CRM Software for Real Estate Agents 2026

============================================================
  ARTICLE 1 of 1 (opportunity 3 of 9)
============================================================
⏭️  Skipping — comparison already covered: pipedrive+salesforce

============================================================
  ARTICLE 1 of 1 (opportunity 4 of 9)
============================================================
⏭️  Skipping — comparison already covered: getresponse

============================================================
  ARTICLE 1 of 1 (opportunity 5 of 9)
============================================================

✍️  Generating article: ActiveCampaign vs Brevo: Email Marketing Comparison 2026
   Keyword: activecampaign vs brevo
   Type: comparison
   ✅ Article generated (17644 characters)
   🔍 Generating SEO metadata...
   💾 Saved locally: article_activecampaign-vs-brevo-email-marketing-comparison_20260704_150142.html
   🎨 Generating AI featured images...
   🎨 Generating landscape AI image for: ActiveCampaign vs Brevo: Email Marketing Comparison 2026
   ✅ Landscape image generated (53KB)

📤 Publishing to WordPress as publish...
   ✅ Published! ID: 832
   🔗 URL: https://equinoxen.com/activecampaign-vs-brevo-email-marketing-comparison/
   🔄 WordPress hooks triggered
   🎯 Rank Math focus keyword set: activecampaign vs brevo
   📝 Tracked: ActiveCampaign vs Brevo: Email Marketing Comparison 2026

📱 Posting to social media...
   ⏭️  LinkedIn — outside posting window (10am-12pm Pacific)
   📤 Posting to X...
   ✅ X posted successfully
   📤 Posting to Dev.to...
   ✍️  Generating Dev.to summary...
   ✅ Dev.to summary generated (1583 chars)
   ✅ Dev.to posted successfully
   🔗 Dev.to URL: https://dev.to/jdhaack1/activecampaign-vs-brevo-email-marketing-comparison-2026-2n8h
   📱 Social posting complete
   ✅ IndexNow submitted: https://equinoxen.com/activecampaign-vs-brevo-email-marketing-comparison/
   ✅ Google Indexing API submitted: https://equinoxen.com/activecampaign-vs-brevo-email-marketing-comparison/

============================================================
  PIPELINE COMPLETE
============================================================

✅ Published 1 of 1 target articles:

  📄 ActiveCampaign vs Brevo: Email Marketing Comparison 2026
     Keyword: activecampaign vs brevo
     Local: article_activecampaign-vs-brevo-email-marketing-comparison_20260704_150142.html
     WordPress: https://equinoxen.com/activecampaign-vs-brevo-email-marketing-comparison/
     Status: published

💡 Next steps:
   1. Review articles in WordPress
   2. Verify affiliate links are working
   🧹 Removed old article: article_activecampaign-vs-brevo-email-marketing-comparison_20260704_150142.html
   ✅ Cleanup complete
============================================================
  EQUINOXEN MEDIA — CONTENT PIPELINE
  Running at: 2026-07-04 18:00:10
  Target: 1 articles
============================================================
📂 Loading intelligence report: intelligence_report_20260704_170215.json

📋 Found 10 opportunities

============================================================
  ARTICLE 1 of 1 (opportunity 1 of 10)
============================================================
⏭️  Skipping — already published (title match):
   Best Project Management Software for Small Teams in 2026

============================================================
  ARTICLE 1 of 1 (opportunity 2 of 10)
============================================================
⏭️  Skipping — already published (title match):
   Best Project Management Software for Construction in 2026

============================================================
  ARTICLE 1 of 1 (opportunity 3 of 10)
============================================================
⏭️  Skipping — already published (keyword match):
   Notion vs ClickUp for Project Management in 2026

============================================================
  ARTICLE 1 of 1 (opportunity 4 of 10)
============================================================
⏭️  Skipping — already published (slug match):
   Best SEO Tools for Small Businesses in 2026

============================================================
  ARTICLE 1 of 1 (opportunity 5 of 10)
============================================================

✍️  Generating article: Mangools vs Ubersuggest: Which Budget SEO Tool Wins in 2026
   Keyword: mangools vs ubersuggest
   Type: comparison
   ✅ Article generated (17207 characters)
   🔍 Generating SEO metadata...
   💾 Saved locally: article_mangools-vs-ubersuggest-budget-seo-tool-comparison_20260704_180145.html
   🎨 Generating AI featured images...
   🎨 Generating landscape AI image for: Mangools vs Ubersuggest: Which Budget SEO Tool Wins in 2026
   ✅ Landscape image generated (82KB)

📤 Publishing to WordPress as publish...
   ✅ Published! ID: 835
   🔗 URL: https://equinoxen.com/mangools-vs-ubersuggest-budget-seo-tool-comparison/
   🔄 WordPress hooks triggered
   🎯 Rank Math focus keyword set: mangools vs ubersuggest
   📝 Tracked: Mangools vs Ubersuggest: Which Budget SEO Tool Wins in 2026

📱 Posting to social media...
   📤 Posting to LinkedIn...
   🖼️  Uploading image to LinkedIn...
   ✅ Image uploaded to LinkedIn
   ✅ LinkedIn posted successfully
   📤 Posting to X...
   ✅ X posted successfully
   📤 Posting to Dev.to...
   ✍️  Generating Dev.to summary...
   ✅ Dev.to summary generated (1603 chars)
   ✅ Dev.to posted successfully
   🔗 Dev.to URL: https://dev.to/jdhaack1/mangools-vs-ubersuggest-which-budget-seo-tool-wins-in-2026-koa
   📱 Social posting complete
   ✅ IndexNow submitted: https://equinoxen.com/mangools-vs-ubersuggest-budget-seo-tool-comparison/
   ✅ Google Indexing API submitted: https://equinoxen.com/mangools-vs-ubersuggest-budget-seo-tool-comparison/

============================================================
  PIPELINE COMPLETE
============================================================

✅ Published 1 of 1 target articles:

  📄 Mangools vs Ubersuggest: Which Budget SEO Tool Wins in 2026
     Keyword: mangools vs ubersuggest
     Local: article_mangools-vs-ubersuggest-budget-seo-tool-comparison_20260704_180145.html
     WordPress: https://equinoxen.com/mangools-vs-ubersuggest-budget-seo-tool-comparison/
     Status: published

💡 Next steps:
   1. Review articles in WordPress
   2. Verify affiliate links are working
   🧹 Removed old report: intelligence_report_20260627_170246.json
   🧹 Removed old article: article_mangools-vs-ubersuggest-budget-seo-tool-comparison_20260704_180145.html
   ✅ Cleanup complete
============================================================
  EQUINOXEN MEDIA — CONTENT PIPELINE
  Running at: 2026-07-04 21:00:12
  Target: 1 articles
============================================================
📂 Loading intelligence report: intelligence_report_20260704_170215.json

📋 Found 10 opportunities

============================================================
  ARTICLE 1 of 1 (opportunity 1 of 10)
============================================================
⏭️  Skipping — already published (title match):
   Best Project Management Software for Small Teams in 2026

============================================================
  ARTICLE 1 of 1 (opportunity 2 of 10)
============================================================
⏭️  Skipping — already published (title match):
   Best Project Management Software for Construction in 2026

============================================================
  ARTICLE 1 of 1 (opportunity 3 of 10)
============================================================
⏭️  Skipping — already published (keyword match):
   Notion vs ClickUp for Project Management in 2026

============================================================
  ARTICLE 1 of 1 (opportunity 4 of 10)
============================================================
⏭️  Skipping — already published (slug match):
   Best SEO Tools for Small Businesses in 2026

============================================================
  ARTICLE 1 of 1 (opportunity 5 of 10)
============================================================
⏭️  Skipping — comparison already covered: mangools+ubersuggest

============================================================
  ARTICLE 1 of 1 (opportunity 6 of 10)
============================================================

✍️  Generating article: Close CRM Review: Is It Worth It for Sales Teams in 2026
   Keyword: close crm review
   Type: review
   ✅ Article generated (9919 characters)
   🔍 Generating SEO metadata...
   💾 Saved locally: article_close-crm-review-sales-teams_20260704_210111.html
   🎨 Generating AI featured images...
   🎨 Generating landscape AI image for: Close CRM Review: Is It Worth It for Sales Teams in 2026
   ✅ Landscape image generated (99KB)

📤 Publishing to WordPress as publish...
   ✅ Published! ID: 838
   🔗 URL: https://equinoxen.com/close-crm-review-sales-teams/
   🔄 WordPress hooks triggered
   🎯 Rank Math focus keyword set: close crm review
   📝 Tracked: Close CRM Review: Is It Worth It for Sales Teams in 2026

📱 Posting to social media...
   ⏭️  LinkedIn — already posted today
   📤 Posting to X...
   ✅ X posted successfully
   📤 Posting to Dev.to...
   ✍️  Generating Dev.to summary...
   ✅ Dev.to summary generated (1323 chars)
   ✅ Dev.to posted successfully
   🔗 Dev.to URL: https://dev.to/jdhaack1/close-crm-review-is-it-worth-it-for-sales-teams-in-2026-3fa1
   📱 Social posting complete
   ✅ IndexNow submitted: https://equinoxen.com/close-crm-review-sales-teams/
   ✅ Google Indexing API submitted: https://equinoxen.com/close-crm-review-sales-teams/

============================================================
  PIPELINE COMPLETE
============================================================

✅ Published 1 of 1 target articles:

  📄 Close CRM Review: Is It Worth It for Sales Teams in 2026
     Keyword: close crm review
     Local: article_close-crm-review-sales-teams_20260704_210111.html
     WordPress: https://equinoxen.com/close-crm-review-sales-teams/
     Status: published

💡 Next steps:
   1. Review articles in WordPress
   2. Verify affiliate links are working
   🧹 Removed old article: article_close-crm-review-sales-teams_20260704_210111.html
   ✅ Cleanup complete
============================================================
  EQUINOXEN MEDIA — CONTENT PIPELINE
  Running at: 2026-07-05 15:00:09
  Target: 1 articles
============================================================
📂 Loading intelligence report: intelligence_report_20260704_170215.json

📋 Found 10 opportunities

============================================================
  ARTICLE 1 of 1 (opportunity 1 of 10)
============================================================
⏭️  Skipping — already published (title match):
   Best Project Management Software for Small Teams in 2026

============================================================
  ARTICLE 1 of 1 (opportunity 2 of 10)
============================================================
⏭️  Skipping — already published (title match):
   Best Project Management Software for Construction in 2026

============================================================
  ARTICLE 1 of 1 (opportunity 3 of 10)
============================================================
⏭️  Skipping — already published (keyword match):
   Notion vs ClickUp for Project Management in 2026

============================================================
  ARTICLE 1 of 1 (opportunity 4 of 10)
============================================================
⏭️  Skipping — already published (slug match):
   Best SEO Tools for Small Businesses in 2026

============================================================
  ARTICLE 1 of 1 (opportunity 5 of 10)
============================================================
⏭️  Skipping — comparison already covered: mangools+ubersuggest

============================================================
  ARTICLE 1 of 1 (opportunity 6 of 10)
============================================================
⏭️  Skipping — comparison already covered: close crm

============================================================
  ARTICLE 1 of 1 (opportunity 7 of 10)
============================================================

✍️  Generating article: Copper vs Nimble: Best CRM for Google Workspace Users in 2026
   Keyword: copper vs nimble
   Type: comparison
   ✅ Article generated (18349 characters)
   🔍 Generating SEO metadata...
   💾 Saved locally: article_copper-vs-nimble-crm-google-workspace_20260705_150153.html
   🎨 Generating AI featured images...
   🎨 Generating landscape AI image for: Copper vs Nimble: Best CRM for Google Workspace Users in 2026
   ✅ Landscape image generated (124KB)

📤 Publishing to WordPress as publish...
   ✅ Published! ID: 841
   🔗 URL: https://equinoxen.com/copper-vs-nimble-crm-google-workspace/
   🔄 WordPress hooks triggered
   🎯 Rank Math focus keyword set: copper vs nimble
   📝 Tracked: Copper vs Nimble: Best CRM for Google Workspace Users in 2026

📱 Posting to social media...
   ⏭️  LinkedIn — outside posting window (10am-12pm Pacific)
   📤 Posting to X...
   ✅ X posted successfully
   📤 Posting to Dev.to...
   ✍️  Generating Dev.to summary...
   ✅ Dev.to summary generated (1381 chars)
   ✅ Dev.to posted successfully
   🔗 Dev.to URL: https://dev.to/jdhaack1/copper-vs-nimble-best-crm-for-google-workspace-users-in-2026-jeb
   📱 Social posting complete
   ✅ IndexNow submitted: https://equinoxen.com/copper-vs-nimble-crm-google-workspace/
   ✅ Google Indexing API submitted: https://equinoxen.com/copper-vs-nimble-crm-google-workspace/

============================================================
  PIPELINE COMPLETE
============================================================

✅ Published 1 of 1 target articles:

  📄 Copper vs Nimble: Best CRM for Google Workspace Users in 2026
     Keyword: copper vs nimble
     Local: article_copper-vs-nimble-crm-google-workspace_20260705_150153.html
     WordPress: https://equinoxen.com/copper-vs-nimble-crm-google-workspace/
     Status: published

💡 Next steps:
   1. Review articles in WordPress
   2. Verify affiliate links are working
   🧹 Removed old article: article_copper-vs-nimble-crm-google-workspace_20260705_150153.html
   ✅ Cleanup complete
============================================================
  EQUINOXEN MEDIA — CONTENT PIPELINE
  Running at: 2026-07-05 18:00:12
  Target: 1 articles
============================================================
📂 Loading intelligence report: intelligence_report_20260705_170313.json

📋 Found 9 opportunities

============================================================
  ARTICLE 1 of 1 (opportunity 1 of 9)
============================================================

✍️  Generating article: Xero Review 2026: Features, Pricing and Performance for Growing Businesses
   Keyword: xero review
   Type: review
   ✅ Article generated (9882 characters)
   🔍 Generating SEO metadata...
   💾 Saved locally: article_xero-review-features-pricing-performance_20260705_180109.html
   🎨 Generating AI featured images...
   🎨 Generating landscape AI image for: Xero Review 2026: Features, Pricing and Performance for Growing Businesses
   ✅ Landscape image generated (53KB)

📤 Publishing to WordPress as publish...
   ✅ Published! ID: 844
   🔗 URL: https://equinoxen.com/xero-review-features-pricing-performance/
   🔄 WordPress hooks triggered
   🎯 Rank Math focus keyword set: xero review
   📝 Tracked: Xero Review 2026: Features, Pricing and Performance for Growing Businesses

📱 Posting to social media...
   📤 Posting to LinkedIn...
   🖼️  Uploading image to LinkedIn...
   ✅ Image uploaded to LinkedIn
   ✅ LinkedIn posted successfully
   📤 Posting to X...
   ✅ X posted successfully
   📤 Posting to Dev.to...
   ✍️  Generating Dev.to summary...
   ✅ Dev.to summary generated (1620 chars)
   ✅ Dev.to posted successfully
   🔗 Dev.to URL: https://dev.to/jdhaack1/xero-review-2026-features-pricing-and-performance-for-growing-businesses-27k2
   📱 Social posting complete
   ✅ IndexNow submitted: https://equinoxen.com/xero-review-features-pricing-performance/
   ✅ Google Indexing API submitted: https://equinoxen.com/xero-review-features-pricing-performance/

============================================================
  PIPELINE COMPLETE
============================================================

✅ Published 1 of 1 target articles:

  📄 Xero Review 2026: Features, Pricing and Performance for Growing Businesses
     Keyword: xero review
     Local: article_xero-review-features-pricing-performance_20260705_180109.html
     WordPress: https://equinoxen.com/xero-review-features-pricing-performance/
     Status: published

💡 Next steps:
   1. Review articles in WordPress
   2. Verify affiliate links are working
   🧹 Removed old report: intelligence_report_20260628_170249.json
   🧹 Removed old article: article_xero-review-features-pricing-performance_20260705_180109.html
   ✅ Cleanup complete
============================================================
  EQUINOXEN MEDIA — CONTENT PIPELINE
  Running at: 2026-07-05 21:00:11
  Target: 1 articles
============================================================
📂 Loading intelligence report: intelligence_report_20260705_170313.json

📋 Found 9 opportunities

============================================================
  ARTICLE 1 of 1 (opportunity 1 of 9)
============================================================
⏭️  Skipping — comparison already covered: xero

============================================================
  ARTICLE 1 of 1 (opportunity 2 of 9)
============================================================
⏭️  Skipping — already published (slug match):
   Best Accounting Software for Nonprofits 2026: 5 Solutions Reviewed

============================================================
  ARTICLE 1 of 1 (opportunity 3 of 9)
============================================================

✍️  Generating article: Wave vs QuickBooks 2026: Which Free Accounting Software Wins
   Keyword: wave vs quickbooks
   Type: comparison
   ✅ Article generated (17224 characters)
   🔍 Generating SEO metadata...
   💾 Saved locally: article_wave-vs-quickbooks-free-accounting-software_20260705_210143.html
   🎨 Generating AI featured images...
   🎨 Generating landscape AI image for: Wave vs QuickBooks 2026: Which Free Accounting Software Wins
   ✅ Landscape image generated (102KB)

📤 Publishing to WordPress as publish...
   ✅ Published! ID: 847
   🔗 URL: https://equinoxen.com/wave-vs-quickbooks-free-accounting-software/
   🔄 WordPress hooks triggered
   🎯 Rank Math focus keyword set: wave vs quickbooks
   📝 Tracked: Wave vs QuickBooks 2026: Which Free Accounting Software Wins

📱 Posting to social media...
   ⏭️  LinkedIn — already posted today
   📤 Posting to X...
   ✅ X posted successfully
   📤 Posting to Dev.to...
   ✍️  Generating Dev.to summary...
   ✅ Dev.to summary generated (1520 chars)
   ✅ Dev.to posted successfully
   🔗 Dev.to URL: https://dev.to/jdhaack1/wave-vs-quickbooks-2026-which-free-accounting-software-wins-10ka
   📱 Social posting complete
   ✅ IndexNow submitted: https://equinoxen.com/wave-vs-quickbooks-free-accounting-software/
   ✅ Google Indexing API submitted: https://equinoxen.com/wave-vs-quickbooks-free-accounting-software/

============================================================
  PIPELINE COMPLETE
============================================================

✅ Published 1 of 1 target articles:

  📄 Wave vs QuickBooks 2026: Which Free Accounting Software Wins
     Keyword: wave vs quickbooks
     Local: article_wave-vs-quickbooks-free-accounting-software_20260705_210143.html
     WordPress: https://equinoxen.com/wave-vs-quickbooks-free-accounting-software/
     Status: published

💡 Next steps:
   1. Review articles in WordPress
   2. Verify affiliate links are working
   🧹 Removed old article: article_wave-vs-quickbooks-free-accounting-software_20260705_210143.html
   ✅ Cleanup complete
============================================================
  EQUINOXEN MEDIA — CONTENT PIPELINE
  Running at: 2026-07-06 15:00:11
  Target: 1 articles
============================================================
📂 Loading intelligence report: intelligence_report_20260705_170313.json

📋 Found 9 opportunities

============================================================
  ARTICLE 1 of 1 (opportunity 1 of 9)
============================================================
⏭️  Skipping — comparison already covered: xero

============================================================
  ARTICLE 1 of 1 (opportunity 2 of 9)
============================================================
⏭️  Skipping — already published (slug match):
   Best Accounting Software for Nonprofits 2026: 5 Solutions Reviewed

============================================================
  ARTICLE 1 of 1 (opportunity 3 of 9)
============================================================
⏭️  Skipping — comparison already covered: quickbooks+wave

============================================================
  ARTICLE 1 of 1 (opportunity 4 of 9)
============================================================
⏭️  Skipping — already published (keyword match):
   ClickUp Review 2026: Project Management Features and Pricing Breakdown

============================================================
  ARTICLE 1 of 1 (opportunity 5 of 9)
============================================================

✍️  Generating article: Wrike vs Monday.com 2026: Best Project Management for Teams
   Keyword: wrike vs monday
   Type: comparison
   ✅ Article generated (18681 characters)
   🔍 Generating SEO metadata...
   💾 Saved locally: article_wrike-vs-monday-project-management-comparison_20260706_150153.html
   🎨 Generating AI featured images...
   🎨 Generating landscape AI image for: Wrike vs Monday.com 2026: Best Project Management for Teams
   ✅ Landscape image generated (83KB)

📤 Publishing to WordPress as publish...
   ✅ Published! ID: 850
   🔗 URL: https://equinoxen.com/wrike-vs-monday-project-management-comparison/
   🔄 WordPress hooks triggered
   🎯 Rank Math focus keyword set: wrike vs monday
   📝 Tracked: Wrike vs Monday.com 2026: Best Project Management for Teams

📱 Posting to social media...
   ⏭️  LinkedIn — outside posting window (10am-12pm Pacific)
   📤 Posting to X...
   ✅ X posted successfully
   📤 Posting to Dev.to...
   ✍️  Generating Dev.to summary...
   ✅ Dev.to summary generated (1625 chars)
   ✅ Dev.to posted successfully
   🔗 Dev.to URL: https://dev.to/jdhaack1/wrike-vs-mondaycom-2026-best-project-management-for-teams-i7p
   📱 Social posting complete
   ✅ IndexNow submitted: https://equinoxen.com/wrike-vs-monday-project-management-comparison/
   ✅ Google Indexing API submitted: https://equinoxen.com/wrike-vs-monday-project-management-comparison/

============================================================
  PIPELINE COMPLETE
============================================================

✅ Published 1 of 1 target articles:

  📄 Wrike vs Monday.com 2026: Best Project Management for Teams
     Keyword: wrike vs monday
     Local: article_wrike-vs-monday-project-management-comparison_20260706_150153.html
     WordPress: https://equinoxen.com/wrike-vs-monday-project-management-comparison/
     Status: published

💡 Next steps:
   1. Review articles in WordPress
   2. Verify affiliate links are working
   🧹 Removed old article: article_wrike-vs-monday-project-management-comparison_20260706_150153.html
   ✅ Cleanup complete
============================================================
  EQUINOXEN MEDIA — CONTENT PIPELINE
  Running at: 2026-07-06 18:00:10
  Target: 1 articles
============================================================
📂 Loading intelligence report: intelligence_report_20260706_170231.json

📋 Found 10 opportunities

============================================================
  ARTICLE 1 of 1 (opportunity 1 of 10)
============================================================
⏭️  Skipping — already published (title match):
   Best CRM Software for Small Business in 2026

============================================================
  ARTICLE 1 of 1 (opportunity 2 of 10)
============================================================

✍️  Generating article: Best CRM Software for Cleaning Business in 2026
   Keyword: best crm software for cleaning business
   Type: buying_guide
   ✅ Article generated (22721 characters)
   🔍 Generating SEO metadata...
   💾 Saved locally: article_best-crm-software-for-cleaning-business_20260706_180211.html
   🎨 Generating AI featured images...
   🎨 Generating landscape AI image for: Best CRM Software for Cleaning Business in 2026
   ✅ Landscape image generated (148KB)

📤 Publishing to WordPress as publish...
   ✅ Published! ID: 853
   🔗 URL: https://equinoxen.com/best-crm-software-for-cleaning-business/
   🔄 WordPress hooks triggered
   🎯 Rank Math focus keyword set: best crm software for cleaning business
   📝 Tracked: Best CRM Software for Cleaning Business in 2026

📱 Posting to social media...
   📤 Posting to LinkedIn...
   🖼️  Uploading image to LinkedIn...
   ✅ Image uploaded to LinkedIn
   ✅ LinkedIn posted successfully
   📤 Posting to X...
   ✅ X posted successfully
   📤 Posting to Dev.to...
   ✍️  Generating Dev.to summary...
   ✅ Dev.to summary generated (1441 chars)
   ✅ Dev.to posted successfully
   🔗 Dev.to URL: https://dev.to/jdhaack1/best-crm-software-for-cleaning-business-in-2026-4ep0
   📱 Social posting complete
   ✅ IndexNow submitted: https://equinoxen.com/best-crm-software-for-cleaning-business/
   ✅ Google Indexing API submitted: https://equinoxen.com/best-crm-software-for-cleaning-business/

============================================================
  PIPELINE COMPLETE
============================================================

✅ Published 1 of 1 target articles:

  📄 Best CRM Software for Cleaning Business in 2026
     Keyword: best crm software for cleaning business
     Local: article_best-crm-software-for-cleaning-business_20260706_180211.html
     WordPress: https://equinoxen.com/best-crm-software-for-cleaning-business/
     Status: published

💡 Next steps:
   1. Review articles in WordPress
   2. Verify affiliate links are working
   🧹 Removed old report: intelligence_report_20260629_170328.json
   🧹 Removed old article: article_best-crm-software-for-cleaning-business_20260706_180211.html
   ✅ Cleanup complete
============================================================
  EQUINOXEN MEDIA — CONTENT PIPELINE
  Running at: 2026-07-06 21:00:11
  Target: 1 articles
============================================================
📂 Loading intelligence report: intelligence_report_20260706_170231.json

📋 Found 10 opportunities

============================================================
  ARTICLE 1 of 1 (opportunity 1 of 10)
============================================================
⏭️  Skipping — already published (title match):
   Best CRM Software for Small Business in 2026

============================================================
  ARTICLE 1 of 1 (opportunity 2 of 10)
============================================================
⏭️  Skipping — comparison already covered: keap+nimble

============================================================
  ARTICLE 1 of 1 (opportunity 3 of 10)
============================================================
⏭️  Skipping — already published (title match):
   Best Email Marketing Software for Creators in 2026

============================================================
  ARTICLE 1 of 1 (opportunity 4 of 10)
============================================================

✍️  Generating article: Constant Contact Review 2026: Is It Still Worth Using
   Keyword: constant contact review
   Type: review
   ✅ Article generated (11012 characters)
   🔍 Generating SEO metadata...
   💾 Saved locally: article_constant-contact-review_20260706_210110.html
   🎨 Generating AI featured images...
   🎨 Generating landscape AI image for: Constant Contact Review 2026: Is It Still Worth Using
   ✅ Landscape image generated (57KB)

📤 Publishing to WordPress as publish...
   ✅ Published! ID: 856
   🔗 URL: https://equinoxen.com/constant-contact-review/
   🔄 WordPress hooks triggered
   🎯 Rank Math focus keyword set: constant contact review
   📝 Tracked: Constant Contact Review 2026: Is It Still Worth Using

📱 Posting to social media...
   ⏭️  LinkedIn — already posted today
   📤 Posting to X...
   ✅ X posted successfully
   📤 Posting to Dev.to...
   ✍️  Generating Dev.to summary...
   ✅ Dev.to summary generated (1451 chars)
   ✅ Dev.to posted successfully
   🔗 Dev.to URL: https://dev.to/jdhaack1/constant-contact-review-2026-is-it-still-worth-using-17em
   📱 Social posting complete
   ✅ IndexNow submitted: https://equinoxen.com/constant-contact-review/
   ✅ Google Indexing API submitted: https://equinoxen.com/constant-contact-review/

============================================================
  PIPELINE COMPLETE
============================================================

✅ Published 1 of 1 target articles:

  📄 Constant Contact Review 2026: Is It Still Worth Using
     Keyword: constant contact review
     Local: article_constant-contact-review_20260706_210110.html
     WordPress: https://equinoxen.com/constant-contact-review/
     Status: published

💡 Next steps:
   1. Review articles in WordPress
   2. Verify affiliate links are working
   🧹 Removed old article: article_constant-contact-review_20260706_210110.html
   ✅ Cleanup complete
============================================================
  EQUINOXEN MEDIA — CONTENT PIPELINE
  Running at: 2026-07-07 15:00:09
  Target: 1 articles
============================================================
📂 Loading intelligence report: intelligence_report_20260706_170231.json

📋 Found 10 opportunities

============================================================
  ARTICLE 1 of 1 (opportunity 1 of 10)
============================================================
⏭️  Skipping — already published (title match):
   Best CRM Software for Small Business in 2026

============================================================
  ARTICLE 1 of 1 (opportunity 2 of 10)
============================================================
⏭️  Skipping — comparison already covered: keap+nimble

============================================================
  ARTICLE 1 of 1 (opportunity 3 of 10)
============================================================
⏭️  Skipping — already published (title match):
   Best Email Marketing Software for Creators in 2026

============================================================
  ARTICLE 1 of 1 (opportunity 4 of 10)
============================================================
⏭️  Skipping — comparison already covered: constant contact+mailerlite

============================================================
  ARTICLE 1 of 1 (opportunity 5 of 10)
============================================================

✍️  Generating article: Ahrefs vs Moz: Which SEO Tool Is Better in 2026
   Keyword: ahrefs vs moz
   Type: comparison
   ✅ Article generated (17130 characters)
   🔍 Generating SEO metadata...
   💾 Saved locally: article_ahrefs-vs-moz-which-seo-tool-is-better_20260707_150145.html
   🎨 Generating AI featured images...
   🎨 Generating landscape AI image for: Ahrefs vs Moz: Which SEO Tool Is Better in 2026
   ✅ Landscape image generated (84KB)

📤 Publishing to WordPress as publish...
   ✅ Published! ID: 859
   🔗 URL: https://equinoxen.com/ahrefs-vs-moz-which-seo-tool-is-better/
   🔄 WordPress hooks triggered
   🎯 Rank Math focus keyword set: ahrefs vs moz
   📝 Tracked: Ahrefs vs Moz: Which SEO Tool Is Better in 2026

📱 Posting to social media...
   ⏭️  LinkedIn — outside posting window (10am-12pm Pacific)
   📤 Posting to X...
   ✅ X posted successfully
   📤 Posting to Dev.to...
   ✍️  Generating Dev.to summary...
   ✅ Dev.to summary generated (1467 chars)
   ✅ Dev.to posted successfully
   🔗 Dev.to URL: https://dev.to/jdhaack1/ahrefs-vs-moz-which-seo-tool-is-better-in-2026-5da
   📱 Social posting complete
   ✅ IndexNow submitted: https://equinoxen.com/ahrefs-vs-moz-which-seo-tool-is-better/
   ✅ Google Indexing API submitted: https://equinoxen.com/ahrefs-vs-moz-which-seo-tool-is-better/

============================================================
  PIPELINE COMPLETE
============================================================

✅ Published 1 of 1 target articles:

  📄 Ahrefs vs Moz: Which SEO Tool Is Better in 2026
     Keyword: ahrefs vs moz
     Local: article_ahrefs-vs-moz-which-seo-tool-is-better_20260707_150145.html
     WordPress: https://equinoxen.com/ahrefs-vs-moz-which-seo-tool-is-better/
     Status: published

💡 Next steps:
   1. Review articles in WordPress
   2. Verify affiliate links are working
   🧹 Removed old article: article_ahrefs-vs-moz-which-seo-tool-is-better_20260707_150145.html
   ✅ Cleanup complete
============================================================
  EQUINOXEN MEDIA — CONTENT PIPELINE
  Running at: 2026-07-07 18:00:09
  Target: 1 articles
============================================================
📂 Loading intelligence report: intelligence_report_20260707_170140.json

📋 Found 10 opportunities

============================================================
  ARTICLE 1 of 1 (opportunity 1 of 10)
============================================================
⏭️  Skipping — already published (title match):
   Best Project Management Software for Small Teams in 2026

============================================================
  ARTICLE 1 of 1 (opportunity 2 of 10)
============================================================
⏭️  Skipping — already published (title match):
   Best Project Management Software for Construction in 2026

============================================================
  ARTICLE 1 of 1 (opportunity 3 of 10)
============================================================

✍️  Generating article: ActiveCampaign vs Drip: Which Email Marketing Platform Wins in 2026
   Keyword: activecampaign vs drip
   Type: comparison
   ✅ Article generated (15875 characters)
   🔍 Generating SEO metadata...
   💾 Saved locally: article_activecampaign-vs-drip-email-marketing-platform_20260707_180131.html
   🎨 Generating AI featured images...
   🎨 Generating landscape AI image for: ActiveCampaign vs Drip: Which Email Marketing Platform Wins in 2026
   ✅ Landscape image generated (105KB)

📤 Publishing to WordPress as publish...
   ✅ Published! ID: 862
   🔗 URL: https://equinoxen.com/activecampaign-vs-drip-email-marketing-platform/
   🔄 WordPress hooks triggered
   🎯 Rank Math focus keyword set: activecampaign vs drip
   📝 Tracked: ActiveCampaign vs Drip: Which Email Marketing Platform Wins in 2026

📱 Posting to social media...
   📤 Posting to LinkedIn...
   🖼️  Uploading image to LinkedIn...
   ✅ Image uploaded to LinkedIn
   ✅ LinkedIn posted successfully
   📤 Posting to X...
   ✅ X posted successfully
   📤 Posting to Dev.to...
   ✍️  Generating Dev.to summary...
   ✅ Dev.to summary generated (1537 chars)
   ✅ Dev.to posted successfully
   🔗 Dev.to URL: https://dev.to/jdhaack1/activecampaign-vs-drip-which-email-marketing-platform-wins-in-2026-71k
   📱 Social posting complete
   ✅ IndexNow submitted: https://equinoxen.com/activecampaign-vs-drip-email-marketing-platform/
   ✅ Google Indexing API submitted: https://equinoxen.com/activecampaign-vs-drip-email-marketing-platform/

============================================================
  PIPELINE COMPLETE
============================================================

✅ Published 1 of 1 target articles:

  📄 ActiveCampaign vs Drip: Which Email Marketing Platform Wins in 2026
     Keyword: activecampaign vs drip
     Local: article_activecampaign-vs-drip-email-marketing-platform_20260707_180131.html
     WordPress: https://equinoxen.com/activecampaign-vs-drip-email-marketing-platform/
     Status: published

💡 Next steps:
   1. Review articles in WordPress
   2. Verify affiliate links are working
   🧹 Removed old report: intelligence_report_20260630_170317.json
   🧹 Removed old article: article_activecampaign-vs-drip-email-marketing-platform_20260707_180131.html
   ✅ Cleanup complete
============================================================
  EQUINOXEN MEDIA — CONTENT PIPELINE
  Running at: 2026-07-07 21:00:08
  Target: 1 articles
============================================================
📂 Loading intelligence report: intelligence_report_20260707_170140.json

📋 Found 10 opportunities

============================================================
  ARTICLE 1 of 1 (opportunity 1 of 10)
============================================================
⏭️  Skipping — already published (title match):
   Best Project Management Software for Small Teams in 2026

============================================================
  ARTICLE 1 of 1 (opportunity 2 of 10)
============================================================
⏭️  Skipping — already published (title match):
   Best Project Management Software for Construction in 2026

============================================================
  ARTICLE 1 of 1 (opportunity 3 of 10)
============================================================
⏭️  Skipping — comparison already covered: activecampaign+drip

============================================================
  ARTICLE 1 of 1 (opportunity 4 of 10)
============================================================

✍️  Generating article: Copper CRM vs Salesforce: 2026 Comparison for Small Business
   Keyword: copper vs salesforce
   Type: comparison
   ✅ Article generated (16513 characters)
   🔍 Generating SEO metadata...
   💾 Saved locally: article_copper-vs-salesforce-crm-comparison-small-business_20260707_210139.html
   🎨 Generating AI featured images...
   🎨 Generating landscape AI image for: Copper CRM vs Salesforce: 2026 Comparison for Small Business
   ✅ Landscape image generated (169KB)

📤 Publishing to WordPress as publish...
   ✅ Published! ID: 865
   🔗 URL: https://equinoxen.com/copper-vs-salesforce-crm-comparison-small-business/
   🔄 WordPress hooks triggered
   🎯 Rank Math focus keyword set: copper vs salesforce
   📝 Tracked: Copper CRM vs Salesforce: 2026 Comparison for Small Business

📱 Posting to social media...
   ⏭️  LinkedIn — already posted today
   📤 Posting to X...
   ✅ X posted successfully
   📤 Posting to Dev.to...
   ✍️  Generating Dev.to summary...
   ✅ Dev.to summary generated (1446 chars)
   ✅ Dev.to posted successfully
   🔗 Dev.to URL: https://dev.to/jdhaack1/copper-crm-vs-salesforce-2026-comparison-for-small-business-179e
   📱 Social posting complete
   ✅ IndexNow submitted: https://equinoxen.com/copper-vs-salesforce-crm-comparison-small-business/
   ✅ Google Indexing API submitted: https://equinoxen.com/copper-vs-salesforce-crm-comparison-small-business/

============================================================
  PIPELINE COMPLETE
============================================================

✅ Published 1 of 1 target articles:

  📄 Copper CRM vs Salesforce: 2026 Comparison for Small Business
     Keyword: copper vs salesforce
     Local: article_copper-vs-salesforce-crm-comparison-small-business_20260707_210139.html
     WordPress: https://equinoxen.com/copper-vs-salesforce-crm-comparison-small-business/
     Status: published

💡 Next steps:
   1. Review articles in WordPress
   2. Verify affiliate links are working
   🧹 Removed old article: article_copper-vs-salesforce-crm-comparison-small-business_20260707_210139.html
   ✅ Cleanup complete
============================================================
  EQUINOXEN MEDIA — CONTENT PIPELINE
  Running at: 2026-07-08 15:00:09
  Target: 1 articles
============================================================
📂 Loading intelligence report: intelligence_report_20260707_170140.json

📋 Found 10 opportunities

============================================================
  ARTICLE 1 of 1 (opportunity 1 of 10)
============================================================
⏭️  Skipping — already published (title match):
   Best Project Management Software for Small Teams in 2026

============================================================
  ARTICLE 1 of 1 (opportunity 2 of 10)
============================================================
⏭️  Skipping — already published (title match):
   Best Project Management Software for Construction in 2026

============================================================
  ARTICLE 1 of 1 (opportunity 3 of 10)
============================================================
⏭️  Skipping — comparison already covered: activecampaign+drip

============================================================
  ARTICLE 1 of 1 (opportunity 4 of 10)
============================================================
⏭️  Skipping — comparison already covered: copper+salesforce

============================================================
  ARTICLE 1 of 1 (opportunity 5 of 10)
============================================================
⏭️  Skipping — already published (slug match):
   Best SEO Tools for Small Businesses in 2026

============================================================
  ARTICLE 1 of 1 (opportunity 6 of 10)
============================================================

✍️  Generating article: SE Ranking Review 2026: Affordable SEO Tool for Growing Businesses
   Keyword: se ranking review
   Type: review
   ✅ Article generated (11360 characters)
   🔍 Generating SEO metadata...
   💾 Saved locally: article_se-ranking-review-affordable-seo-tool_20260708_150116.html
   🎨 Generating AI featured images...
   🎨 Generating landscape AI image for: SE Ranking Review 2026: Affordable SEO Tool for Growing Businesses
   ✅ Landscape image generated (66KB)

📤 Publishing to WordPress as publish...
   ✅ Published! ID: 868
   🔗 URL: https://equinoxen.com/se-ranking-review-affordable-seo-tool/
   🔄 WordPress hooks triggered
   🎯 Rank Math focus keyword set: se ranking review
   📝 Tracked: SE Ranking Review 2026: Affordable SEO Tool for Growing Businesses

📱 Posting to social media...
   ⏭️  LinkedIn — outside posting window (10am-12pm Pacific)
   📤 Posting to X...
   ✅ X posted successfully
   📤 Posting to Dev.to...
   ✍️  Generating Dev.to summary...
   ✅ Dev.to summary generated (1513 chars)
   ✅ Dev.to posted successfully
   🔗 Dev.to URL: https://dev.to/jdhaack1/se-ranking-review-2026-affordable-seo-tool-for-growing-businesses-15im
   📱 Social posting complete
   ✅ IndexNow submitted: https://equinoxen.com/se-ranking-review-affordable-seo-tool/
   ✅ Google Indexing API submitted: https://equinoxen.com/se-ranking-review-affordable-seo-tool/

============================================================
  PIPELINE COMPLETE
============================================================

✅ Published 1 of 1 target articles:

  📄 SE Ranking Review 2026: Affordable SEO Tool for Growing Businesses
     Keyword: se ranking review
     Local: article_se-ranking-review-affordable-seo-tool_20260708_150116.html
     WordPress: https://equinoxen.com/se-ranking-review-affordable-seo-tool/
     Status: published

💡 Next steps:
   1. Review articles in WordPress
   2. Verify affiliate links are working
   🧹 Removed old article: article_se-ranking-review-affordable-seo-tool_20260708_150116.html
   ✅ Cleanup complete
============================================================
  EQUINOXEN MEDIA — CONTENT PIPELINE
  Running at: 2026-07-08 18:00:09
  Target: 1 articles
============================================================
📂 Loading intelligence report: intelligence_report_20260708_170140.json

📋 Found 9 opportunities

============================================================
  ARTICLE 1 of 1 (opportunity 1 of 9)
============================================================

✍️  Generating article: FreshBooks vs Xero: Which Accounting Software Is Better in 2026
   Keyword: freshbooks vs xero
   Type: comparison
   ✅ Article generated (17410 characters)
   🔍 Generating SEO metadata...
   💾 Saved locally: article_freshbooks-vs-xero-accounting-software-comparison_20260708_180137.html
   🎨 Generating AI featured images...
   🎨 Generating landscape AI image for: FreshBooks vs Xero: Which Accounting Software Is Better in 2026
   ✅ Landscape image generated (98KB)

📤 Publishing to WordPress as publish...
   ✅ Published! ID: 871
   🔗 URL: https://equinoxen.com/freshbooks-vs-xero-accounting-software-comparison/
   🔄 WordPress hooks triggered
   🎯 Rank Math focus keyword set: freshbooks vs xero
   📝 Tracked: FreshBooks vs Xero: Which Accounting Software Is Better in 2026

📱 Posting to social media...
   📤 Posting to LinkedIn...
   🖼️  Uploading image to LinkedIn...
   ✅ Image uploaded to LinkedIn
   ✅ LinkedIn posted successfully
   📤 Posting to X...
   ✅ X posted successfully
   📤 Posting to Dev.to...
   ✍️  Generating Dev.to summary...
   ✅ Dev.to summary generated (1456 chars)
   ✅ Dev.to posted successfully
   🔗 Dev.to URL: https://dev.to/jdhaack1/freshbooks-vs-xero-which-accounting-software-is-better-in-2026-1p9c
   📱 Social posting complete
   ✅ IndexNow submitted: https://equinoxen.com/freshbooks-vs-xero-accounting-software-comparison/
   ✅ Google Indexing API submitted: https://equinoxen.com/freshbooks-vs-xero-accounting-software-comparison/

============================================================
  PIPELINE COMPLETE
============================================================

✅ Published 1 of 1 target articles:

  📄 FreshBooks vs Xero: Which Accounting Software Is Better in 2026
     Keyword: freshbooks vs xero
     Local: article_freshbooks-vs-xero-accounting-software-comparison_20260708_180137.html
     WordPress: https://equinoxen.com/freshbooks-vs-xero-accounting-software-comparison/
     Status: published

💡 Next steps:
   1. Review articles in WordPress
   2. Verify affiliate links are working
   🧹 Removed old report: intelligence_report_20260701_170252.json
   🧹 Removed old article: article_freshbooks-vs-xero-accounting-software-comparison_20260708_180137.html
   ✅ Cleanup complete
============================================================
  EQUINOXEN MEDIA — CONTENT PIPELINE
  Running at: 2026-07-08 21:00:09
  Target: 1 articles
============================================================
📂 Loading intelligence report: intelligence_report_20260708_170140.json

📋 Found 9 opportunities

============================================================
  ARTICLE 1 of 1 (opportunity 1 of 9)
============================================================
⏭️  Skipping — comparison already covered: freshbooks+xero

============================================================
  ARTICLE 1 of 1 (opportunity 2 of 9)
============================================================
⏭️  Skipping — already published (title match):
   Best AI Productivity Tools for Work in 2026

============================================================
  ARTICLE 1 of 1 (opportunity 3 of 9)
============================================================

✍️  Generating article: Jasper AI Review: Is It Worth It in 2026
   Keyword: jasper ai review
   Type: review
   ✅ Article generated (9639 characters)
   🔍 Generating SEO metadata...
   💾 Saved locally: article_jasper-ai-review_20260708_210105.html
   🎨 Generating AI featured images...
   🎨 Generating landscape AI image for: Jasper AI Review: Is It Worth It in 2026
   ✅ Landscape image generated (103KB)

📤 Publishing to WordPress as publish...
   ✅ Published! ID: 874
   🔗 URL: https://equinoxen.com/jasper-ai-review/
   🔄 WordPress hooks triggered
   🎯 Rank Math focus keyword set: jasper ai review
   📝 Tracked: Jasper AI Review: Is It Worth It in 2026

📱 Posting to social media...
   ⏭️  LinkedIn — already posted today
   📤 Posting to X...
   ✅ X posted successfully
   📤 Posting to Dev.to...
   ✍️  Generating Dev.to summary...
   ✅ Dev.to summary generated (1298 chars)
   ✅ Dev.to posted successfully
   🔗 Dev.to URL: https://dev.to/jdhaack1/jasper-ai-review-is-it-worth-it-in-2026-1k4c
   📱 Social posting complete
   ✅ IndexNow submitted: https://equinoxen.com/jasper-ai-review/
   ✅ Google Indexing API submitted: https://equinoxen.com/jasper-ai-review/

============================================================
  PIPELINE COMPLETE
============================================================

✅ Published 1 of 1 target articles:

  📄 Jasper AI Review: Is It Worth It in 2026
     Keyword: jasper ai review
     Local: article_jasper-ai-review_20260708_210105.html
     WordPress: https://equinoxen.com/jasper-ai-review/
     Status: published

💡 Next steps:
   1. Review articles in WordPress
   2. Verify affiliate links are working
   🧹 Removed old article: article_jasper-ai-review_20260708_210105.html
   ✅ Cleanup complete
============================================================
  EQUINOXEN MEDIA — CONTENT PIPELINE
  Running at: 2026-07-09 15:00:09
  Target: 1 articles
============================================================
📂 Loading intelligence report: intelligence_report_20260708_170140.json

📋 Found 9 opportunities

============================================================
  ARTICLE 1 of 1 (opportunity 1 of 9)
============================================================
⏭️  Skipping — comparison already covered: freshbooks+xero

============================================================
  ARTICLE 1 of 1 (opportunity 2 of 9)
============================================================
⏭️  Skipping — already published (title match):
   Best AI Productivity Tools for Work in 2026

============================================================
  ARTICLE 1 of 1 (opportunity 3 of 9)
============================================================
⏭️  Skipping — comparison already covered: jasper ai

============================================================
  ARTICLE 1 of 1 (opportunity 4 of 9)
============================================================

✍️  Generating article: Asana vs ClickUp: Best Project Management Tool for 2026
   Keyword: asana vs clickup
   Type: comparison
   ✅ Article generated (18845 characters)
   🔍 Generating SEO metadata...
   💾 Saved locally: article_asana-vs-clickup-project-management-tool_20260709_150151.html
   🎨 Generating AI featured images...
   🎨 Generating landscape AI image for: Asana vs ClickUp: Best Project Management Tool for 2026
   ✅ Landscape image generated (69KB)

📤 Publishing to WordPress as publish...
   ✅ Published! ID: 877
   🔗 URL: https://equinoxen.com/asana-vs-clickup-project-management-tool/
   🔄 WordPress hooks triggered
   🎯 Rank Math focus keyword set: asana vs clickup
   📝 Tracked: Asana vs ClickUp: Best Project Management Tool for 2026

📱 Posting to social media...
   ⏭️  LinkedIn — outside posting window (10am-12pm Pacific)
   📤 Posting to X...
   ✅ X posted successfully
   📤 Posting to Dev.to...
   ✍️  Generating Dev.to summary...
   ✅ Dev.to summary generated (1427 chars)
   ✅ Dev.to posted successfully
   🔗 Dev.to URL: https://dev.to/jdhaack1/asana-vs-clickup-best-project-management-tool-for-2026-5h5a
   📱 Social posting complete
   ✅ IndexNow submitted: https://equinoxen.com/asana-vs-clickup-project-management-tool/
   ✅ Google Indexing API submitted: https://equinoxen.com/asana-vs-clickup-project-management-tool/

============================================================
  PIPELINE COMPLETE
============================================================

✅ Published 1 of 1 target articles:

  📄 Asana vs ClickUp: Best Project Management Tool for 2026
     Keyword: asana vs clickup
     Local: article_asana-vs-clickup-project-management-tool_20260709_150151.html
     WordPress: https://equinoxen.com/asana-vs-clickup-project-management-tool/
     Status: published

💡 Next steps:
   1. Review articles in WordPress
   2. Verify affiliate links are working
   🧹 Removed old article: article_asana-vs-clickup-project-management-tool_20260709_150151.html
   ✅ Cleanup complete
============================================================
  EQUINOXEN MEDIA — CONTENT PIPELINE
  Running at: 2026-07-09 18:00:09
  Target: 1 articles
============================================================
📂 Loading intelligence report: intelligence_report_20260709_170229.json

📋 Found 10 opportunities

============================================================
  ARTICLE 1 of 1 (opportunity 1 of 10)
============================================================
⏭️  Skipping — already published (keyword match):
   Unbounce Review 2026: Pricing, Features and Best Use Cases

============================================================
  ARTICLE 1 of 1 (opportunity 2 of 10)
============================================================

✍️  Generating article: Swipe Pages vs Unbounce 2026: Which Landing Page Builder Wins
   Keyword: swipe pages vs unbounce
   Type: comparison
   ✅ Article generated (18273 characters)
   🔍 Generating SEO metadata...
   💾 Saved locally: article_swipe-pages-vs-unbounce_20260709_180140.html
   🎨 Generating AI featured images...
   🎨 Generating landscape AI image for: Swipe Pages vs Unbounce 2026: Which Landing Page Builder Wins
   ✅ Landscape image generated (82KB)

📤 Publishing to WordPress as publish...
   ✅ Published! ID: 880
   🔗 URL: https://equinoxen.com/swipe-pages-vs-unbounce/
   🔄 WordPress hooks triggered
   🎯 Rank Math focus keyword set: swipe pages vs unbounce
   📝 Tracked: Swipe Pages vs Unbounce 2026: Which Landing Page Builder Wins

📱 Posting to social media...
   📤 Posting to LinkedIn...
   🖼️  Uploading image to LinkedIn...
   ✅ Image uploaded to LinkedIn
   ✅ LinkedIn posted successfully
   📤 Posting to X...
   ✅ X posted successfully
   📤 Posting to Dev.to...
   ✍️  Generating Dev.to summary...
   ✅ Dev.to summary generated (1448 chars)
   ✅ Dev.to posted successfully
   🔗 Dev.to URL: https://dev.to/jdhaack1/swipe-pages-vs-unbounce-2026-which-landing-page-builder-wins-26h8
   📱 Social posting complete
   ✅ IndexNow submitted: https://equinoxen.com/swipe-pages-vs-unbounce/
   ✅ Google Indexing API submitted: https://equinoxen.com/swipe-pages-vs-unbounce/

============================================================
  PIPELINE COMPLETE
============================================================

✅ Published 1 of 1 target articles:

  📄 Swipe Pages vs Unbounce 2026: Which Landing Page Builder Wins
     Keyword: swipe pages vs unbounce
     Local: article_swipe-pages-vs-unbounce_20260709_180140.html
     WordPress: https://equinoxen.com/swipe-pages-vs-unbounce/
     Status: published

💡 Next steps:
   1. Review articles in WordPress
   2. Verify affiliate links are working
   🧹 Removed old report: intelligence_report_20260702_170246.json
   🧹 Removed old article: article_swipe-pages-vs-unbounce_20260709_180140.html
   ✅ Cleanup complete
============================================================
  EQUINOXEN MEDIA — CONTENT PIPELINE
  Running at: 2026-07-09 21:00:13
  Target: 1 articles
============================================================
📂 Loading intelligence report: intelligence_report_20260709_170229.json

📋 Found 10 opportunities

============================================================
  ARTICLE 1 of 1 (opportunity 1 of 10)
============================================================
⏭️  Skipping — already published (keyword match):
   Unbounce Review 2026: Pricing, Features and Best Use Cases

============================================================
  ARTICLE 1 of 1 (opportunity 2 of 10)
============================================================
⏭️  Skipping — comparison already covered: swipe pages+unbounce

============================================================
  ARTICLE 1 of 1 (opportunity 3 of 10)
============================================================

✍️  Generating article: 5 Best AI Productivity Tools for Work in 2026
   Keyword: best ai productivity tools for work
   Type: buying_guide
   ✅ Article generated (16715 characters)
   🔍 Generating SEO metadata...
   💾 Saved locally: article_best-ai-productivity-tools-for-work_20260709_210142.html
   🎨 Generating AI featured images...
   🎨 Generating landscape AI image for: 5 Best AI Productivity Tools for Work in 2026
   ✅ Landscape image generated (129KB)

📤 Publishing to WordPress as publish...
   ✅ Published! ID: 883
   🔗 URL: https://equinoxen.com/best-ai-productivity-tools-for-work/
   🔄 WordPress hooks triggered
   🎯 Rank Math focus keyword set: best ai productivity tools for work
   📝 Tracked: 5 Best AI Productivity Tools for Work in 2026

📱 Posting to social media...
   ⏭️  LinkedIn — already posted today
   📤 Posting to X...
   ✅ X posted successfully
   📤 Posting to Dev.to...
   ✍️  Generating Dev.to summary...
   ✅ Dev.to summary generated (1574 chars)
   ✅ Dev.to posted successfully
   🔗 Dev.to URL: https://dev.to/jdhaack1/5-best-ai-productivity-tools-for-work-in-2026-1kai
   📱 Social posting complete
   ✅ IndexNow submitted: https://equinoxen.com/best-ai-productivity-tools-for-work/
   ✅ Google Indexing API submitted: https://equinoxen.com/best-ai-productivity-tools-for-work/

============================================================
  PIPELINE COMPLETE
============================================================

✅ Published 1 of 1 target articles:

  📄 5 Best AI Productivity Tools for Work in 2026
     Keyword: best ai productivity tools for work
     Local: article_best-ai-productivity-tools-for-work_20260709_210142.html
     WordPress: https://equinoxen.com/best-ai-productivity-tools-for-work/
     Status: published

💡 Next steps:
   1. Review articles in WordPress
   2. Verify affiliate links are working
   🧹 Removed old article: article_best-ai-productivity-tools-for-work_20260709_210142.html
   ✅ Cleanup complete
============================================================
  EQUINOXEN MEDIA — CONTENT PIPELINE
  Running at: 2026-07-10 15:00:09
  Target: 1 articles
============================================================
📂 Loading intelligence report: intelligence_report_20260709_170229.json

📋 Found 10 opportunities

============================================================
  ARTICLE 1 of 1 (opportunity 1 of 10)
============================================================
⏭️  Skipping — already published (keyword match):
   Unbounce Review 2026: Pricing, Features and Best Use Cases

============================================================
  ARTICLE 1 of 1 (opportunity 2 of 10)
============================================================
⏭️  Skipping — comparison already covered: swipe pages+unbounce

============================================================
  ARTICLE 1 of 1 (opportunity 3 of 10)
============================================================
⏭️  Skipping — comparison already covered: jasper+notion

============================================================
  ARTICLE 1 of 1 (opportunity 4 of 10)
============================================================

✍️  Generating article: Copy.ai Review 2026: Is This AI Writing Tool Worth the Hype
   Keyword: copy.ai review
   Type: review
   ✅ Article generated (11572 characters)
   🔍 Generating SEO metadata...
   💾 Saved locally: article_copy-ai-review-is-this-ai-writing-tool-worth-the-hype_20260710_150119.html
   🎨 Generating AI featured images...
   🎨 Generating landscape AI image for: Copy.ai Review 2026: Is This AI Writing Tool Worth the Hype
   ✅ Landscape image generated (131KB)

📤 Publishing to WordPress as publish...
   ✅ Published! ID: 886
   🔗 URL: https://equinoxen.com/copy-ai-review-is-this-ai-writing-tool-worth-the-hype/
   🔄 WordPress hooks triggered
   🎯 Rank Math focus keyword set: copy.ai review
   📝 Tracked: Copy.ai Review 2026: Is This AI Writing Tool Worth the Hype

📱 Posting to social media...
   ⏭️  LinkedIn — outside posting window (10am-12pm Pacific)
   📤 Posting to X...
   ✅ X posted successfully
   📤 Posting to Dev.to...
   ✍️  Generating Dev.to summary...
   ✅ Dev.to summary generated (1336 chars)
   ✅ Dev.to posted successfully
   🔗 Dev.to URL: https://dev.to/jdhaack1/copyai-review-2026-is-this-ai-writing-tool-worth-the-hype-b1d
   📱 Social posting complete
   ✅ IndexNow submitted: https://equinoxen.com/copy-ai-review-is-this-ai-writing-tool-worth-the-hype/
   ✅ Google Indexing API submitted: https://equinoxen.com/copy-ai-review-is-this-ai-writing-tool-worth-the-hype/

============================================================
  PIPELINE COMPLETE
============================================================

✅ Published 1 of 1 target articles:

  📄 Copy.ai Review 2026: Is This AI Writing Tool Worth the Hype
     Keyword: copy.ai review
     Local: article_copy-ai-review-is-this-ai-writing-tool-worth-the-hype_20260710_150119.html
     WordPress: https://equinoxen.com/copy-ai-review-is-this-ai-writing-tool-worth-the-hype/
     Status: published

💡 Next steps:
   1. Review articles in WordPress
   2. Verify affiliate links are working
   🧹 Removed old article: article_copy-ai-review-is-this-ai-writing-tool-worth-the-hype_20260710_150119.html
   ✅ Cleanup complete
============================================================
  EQUINOXEN MEDIA — CONTENT PIPELINE
  Running at: 2026-07-10 18:00:12
  Target: 1 articles
============================================================
📂 Loading intelligence report: intelligence_report_20260710_170223.json

📋 Found 9 opportunities

============================================================
  ARTICLE 1 of 1 (opportunity 1 of 9)
============================================================
⏭️  Skipping — already published (slug match):
   Best CRM Software for Construction Companies in 2026

============================================================
  ARTICLE 1 of 1 (opportunity 2 of 9)
============================================================
⏭️  Skipping — already published (title match):
   Best Email Marketing Software for Creators in 2026

============================================================
  ARTICLE 1 of 1 (opportunity 3 of 9)
============================================================

✍️  Generating article: Smartsheet vs Wrike 2026: Which Project Management Tool Wins
   Keyword: smartsheet vs wrike
   Type: comparison
   ✅ Article generated (15159 characters)
   🔍 Generating SEO metadata...
   💾 Saved locally: article_smartsheet-vs-wrike-comparison_20260710_180132.html
   🎨 Generating AI featured images...
   🎨 Generating landscape AI image for: Smartsheet vs Wrike 2026: Which Project Management Tool Wins
   ✅ Landscape image generated (77KB)

📤 Publishing to WordPress as publish...
   ✅ Published! ID: 889
   🔗 URL: https://equinoxen.com/smartsheet-vs-wrike-comparison/
   🔄 WordPress hooks triggered
   🎯 Rank Math focus keyword set: smartsheet vs wrike
   📝 Tracked: Smartsheet vs Wrike 2026: Which Project Management Tool Wins

📱 Posting to social media...
   📤 Posting to LinkedIn...
   🖼️  Uploading image to LinkedIn...
   ✅ Image uploaded to LinkedIn
   ✅ LinkedIn posted successfully
   📤 Posting to X...
   ✅ X posted successfully
   📤 Posting to Dev.to...
   ✍️  Generating Dev.to summary...
   ✅ Dev.to summary generated (1533 chars)
   ✅ Dev.to posted successfully
   🔗 Dev.to URL: https://dev.to/jdhaack1/smartsheet-vs-wrike-2026-which-project-management-tool-wins-36k8
   📱 Social posting complete
   ✅ IndexNow submitted: https://equinoxen.com/smartsheet-vs-wrike-comparison/
   ✅ Google Indexing API submitted: https://equinoxen.com/smartsheet-vs-wrike-comparison/

============================================================
  PIPELINE COMPLETE
============================================================

✅ Published 1 of 1 target articles:

  📄 Smartsheet vs Wrike 2026: Which Project Management Tool Wins
     Keyword: smartsheet vs wrike
     Local: article_smartsheet-vs-wrike-comparison_20260710_180132.html
     WordPress: https://equinoxen.com/smartsheet-vs-wrike-comparison/
     Status: published

💡 Next steps:
   1. Review articles in WordPress
   2. Verify affiliate links are working
   🧹 Removed old report: intelligence_report_20260703_170444.json
   🧹 Removed old article: article_smartsheet-vs-wrike-comparison_20260710_180132.html
   ✅ Cleanup complete
============================================================
  EQUINOXEN MEDIA — CONTENT PIPELINE
  Running at: 2026-07-10 21:00:09
  Target: 1 articles
============================================================
📂 Loading intelligence report: intelligence_report_20260710_170223.json

📋 Found 9 opportunities

============================================================
  ARTICLE 1 of 1 (opportunity 1 of 9)
============================================================
⏭️  Skipping — already published (slug match):
   Best CRM Software for Construction Companies in 2026

============================================================
  ARTICLE 1 of 1 (opportunity 2 of 9)
============================================================
⏭️  Skipping — already published (title match):
   Best Email Marketing Software for Creators in 2026

============================================================
  ARTICLE 1 of 1 (opportunity 3 of 9)
============================================================
⏭️  Skipping — comparison already covered: smartsheet+wrike

============================================================
  ARTICLE 1 of 1 (opportunity 4 of 9)
============================================================

✍️  Generating article: Teamwork vs Basecamp 2026: Best for Agency Project Management
   Keyword: teamwork vs basecamp
   Type: comparison
   ✅ Article generated (18933 characters)
   🔍 Generating SEO metadata...
   💾 Saved locally: article_teamwork-vs-basecamp-agency-project-management_20260710_210143.html
   🎨 Generating AI featured images...
   🎨 Generating landscape AI image for: Teamwork vs Basecamp 2026: Best for Agency Project Management
   ✅ Landscape image generated (116KB)

📤 Publishing to WordPress as publish...
   ✅ Published! ID: 892
   🔗 URL: https://equinoxen.com/teamwork-vs-basecamp-agency-project-management/
   🔄 WordPress hooks triggered
   🎯 Rank Math focus keyword set: teamwork vs basecamp
   📝 Tracked: Teamwork vs Basecamp 2026: Best for Agency Project Management

📱 Posting to social media...
   ⏭️  LinkedIn — already posted today
   📤 Posting to X...
   ✅ X posted successfully
   📤 Posting to Dev.to...
   ✍️  Generating Dev.to summary...
   ✅ Dev.to summary generated (1602 chars)
   ✅ Dev.to posted successfully
   🔗 Dev.to URL: https://dev.to/jdhaack1/teamwork-vs-basecamp-2026-best-for-agency-project-management-2o7p
   📱 Social posting complete
   ✅ IndexNow submitted: https://equinoxen.com/teamwork-vs-basecamp-agency-project-management/
   ✅ Google Indexing API submitted: https://equinoxen.com/teamwork-vs-basecamp-agency-project-management/

============================================================
  PIPELINE COMPLETE
============================================================

✅ Published 1 of 1 target articles:

  📄 Teamwork vs Basecamp 2026: Best for Agency Project Management
     Keyword: teamwork vs basecamp
     Local: article_teamwork-vs-basecamp-agency-project-management_20260710_210143.html
     WordPress: https://equinoxen.com/teamwork-vs-basecamp-agency-project-management/
     Status: published

💡 Next steps:
   1. Review articles in WordPress
   2. Verify affiliate links are working
   🧹 Removed old article: article_teamwork-vs-basecamp-agency-project-management_20260710_210143.html
   ✅ Cleanup complete
============================================================
  EQUINOXEN MEDIA — CONTENT PIPELINE
  Running at: 2026-07-11 15:00:11
  Target: 1 articles
============================================================
📂 Loading intelligence report: intelligence_report_20260710_170223.json

📋 Found 9 opportunities

============================================================
  ARTICLE 1 of 1 (opportunity 1 of 9)
============================================================
⏭️  Skipping — already published (slug match):
   Best CRM Software for Construction Companies in 2026

============================================================
  ARTICLE 1 of 1 (opportunity 2 of 9)
============================================================
⏭️  Skipping — already published (title match):
   Best Email Marketing Software for Creators in 2026

============================================================
  ARTICLE 1 of 1 (opportunity 3 of 9)
============================================================
⏭️  Skipping — comparison already covered: smartsheet+wrike

============================================================
  ARTICLE 1 of 1 (opportunity 4 of 9)
============================================================
⏭️  Skipping — comparison already covered: basecamp+teamwork

============================================================
  ARTICLE 1 of 1 (opportunity 5 of 9)
============================================================

✍️  Generating article: Serpstat Review 2026: Is This SEO Tool Worth Your Money
   Keyword: serpstat review
   Type: review
   ✅ Article generated (9904 characters)
   🔍 Generating SEO metadata...
   💾 Saved locally: article_serpstat-review_20260711_150108.html
   🎨 Generating AI featured images...
   🎨 Generating landscape AI image for: Serpstat Review 2026: Is This SEO Tool Worth Your Money
   ✅ Landscape image generated (103KB)

📤 Publishing to WordPress as publish...
   ✅ Published! ID: 895
   🔗 URL: https://equinoxen.com/serpstat-review/
   🔄 WordPress hooks triggered
   🎯 Rank Math focus keyword set: serpstat review
   📝 Tracked: Serpstat Review 2026: Is This SEO Tool Worth Your Money

📱 Posting to social media...
   ⏭️  LinkedIn — outside posting window (10am-12pm Pacific)
   📤 Posting to X...
   ✅ X posted successfully
   📤 Posting to Dev.to...
   ✍️  Generating Dev.to summary...
   ✅ Dev.to summary generated (1423 chars)
   ✅ Dev.to posted successfully
   🔗 Dev.to URL: https://dev.to/jdhaack1/serpstat-review-2026-is-this-seo-tool-worth-your-money-5a4j
   📱 Social posting complete
   ✅ IndexNow submitted: https://equinoxen.com/serpstat-review/
   ✅ Google Indexing API submitted: https://equinoxen.com/serpstat-review/

============================================================
  PIPELINE COMPLETE
============================================================

✅ Published 1 of 1 target articles:

  📄 Serpstat Review 2026: Is This SEO Tool Worth Your Money
     Keyword: serpstat review
     Local: article_serpstat-review_20260711_150108.html
     WordPress: https://equinoxen.com/serpstat-review/
     Status: published

💡 Next steps:
   1. Review articles in WordPress
   2. Verify affiliate links are working
   🧹 Removed old article: article_serpstat-review_20260711_150108.html
   ✅ Cleanup complete
============================================================
  EQUINOXEN MEDIA — CONTENT PIPELINE
  Running at: 2026-07-11 18:00:09
  Target: 1 articles
============================================================
📂 Loading intelligence report: intelligence_report_20260711_170225.json

📋 Found 9 opportunities

============================================================
  ARTICLE 1 of 1 (opportunity 1 of 9)
============================================================
⏭️  Skipping — already published (title match):
   Best Project Management Software for Construction in 2026

============================================================
  ARTICLE 1 of 1 (opportunity 2 of 9)
============================================================

✍️  Generating article: Hive vs Asana: Which Project Management Tool Wins in 2026
   Keyword: hive vs asana
   Type: comparison
   ✅ Article generated (16381 characters)
   🔍 Generating SEO metadata...
   💾 Saved locally: article_hive-vs-asana-project-management-comparison_20260711_180147.html
   🎨 Generating AI featured images...
   🎨 Generating landscape AI image for: Hive vs Asana: Which Project Management Tool Wins in 2026
   ✅ Landscape image generated (93KB)

📤 Publishing to WordPress as publish...
   ✅ Published! ID: 898
   🔗 URL: https://equinoxen.com/hive-vs-asana-project-management-comparison/
   🔄 WordPress hooks triggered
   🎯 Rank Math focus keyword set: hive vs asana
   📝 Tracked: Hive vs Asana: Which Project Management Tool Wins in 2026

📱 Posting to social media...
   📤 Posting to LinkedIn...
   🖼️  Uploading image to LinkedIn...
   ✅ Image uploaded to LinkedIn
   ✅ LinkedIn posted successfully
   📤 Posting to X...
   ✅ X posted successfully
   📤 Posting to Dev.to...
   ✍️  Generating Dev.to summary...
   ✅ Dev.to summary generated (1524 chars)
   ✅ Dev.to posted successfully
   🔗 Dev.to URL: https://dev.to/jdhaack1/hive-vs-asana-which-project-management-tool-wins-in-2026-10ic
   📱 Social posting complete
   ✅ IndexNow submitted: https://equinoxen.com/hive-vs-asana-project-management-comparison/
   ✅ Google Indexing API submitted: https://equinoxen.com/hive-vs-asana-project-management-comparison/

============================================================
  PIPELINE COMPLETE
============================================================

✅ Published 1 of 1 target articles:

  📄 Hive vs Asana: Which Project Management Tool Wins in 2026
     Keyword: hive vs asana
     Local: article_hive-vs-asana-project-management-comparison_20260711_180147.html
     WordPress: https://equinoxen.com/hive-vs-asana-project-management-comparison/
     Status: published

💡 Next steps:
   1. Review articles in WordPress
   2. Verify affiliate links are working
   🧹 Removed old report: intelligence_report_20260704_170215.json
   🧹 Removed old article: article_hive-vs-asana-project-management-comparison_20260711_180147.html
   ✅ Cleanup complete
============================================================
  EQUINOXEN MEDIA — CONTENT PIPELINE
  Running at: 2026-07-11 21:00:15
  Target: 1 articles
============================================================
📂 Loading intelligence report: intelligence_report_20260711_170225.json

📋 Found 9 opportunities

============================================================
  ARTICLE 1 of 1 (opportunity 1 of 9)
============================================================
⏭️  Skipping — already published (title match):
   Best Project Management Software for Construction in 2026

============================================================
  ARTICLE 1 of 1 (opportunity 2 of 9)
============================================================
⏭️  Skipping — comparison already covered: asana+hive

============================================================
  ARTICLE 1 of 1 (opportunity 3 of 9)
============================================================

✍️  Generating article: Teamwork Review 2026: Is This PM Software Worth It for Agencies
   Keyword: teamwork review
   Type: review
   ✅ Article generated (10225 characters)
   🔍 Generating SEO metadata...
   💾 Saved locally: article_teamwork-review-pm-software-agencies_20260711_210118.html
   🎨 Generating AI featured images...
   🎨 Generating landscape AI image for: Teamwork Review 2026: Is This PM Software Worth It for Agencies
   ✅ Landscape image generated (89KB)

📤 Publishing to WordPress as publish...
   ✅ Published! ID: 902
   🔗 URL: https://equinoxen.com/teamwork-review-pm-software-agencies/
   🔄 WordPress hooks triggered
   🎯 Rank Math focus keyword set: teamwork review
   📝 Tracked: Teamwork Review 2026: Is This PM Software Worth It for Agencies

📱 Posting to social media...
   ⏭️  LinkedIn — already posted today
   📤 Posting to X...
   ✅ X posted successfully
   📤 Posting to Dev.to...
   ✍️  Generating Dev.to summary...
   ✅ Dev.to summary generated (1682 chars)
   ✅ Dev.to posted successfully
   🔗 Dev.to URL: https://dev.to/jdhaack1/teamwork-review-2026-is-this-pm-software-worth-it-for-agencies-414k
   📱 Social posting complete
   ✅ IndexNow submitted: https://equinoxen.com/teamwork-review-pm-software-agencies/
   ✅ Google Indexing API submitted: https://equinoxen.com/teamwork-review-pm-software-agencies/

============================================================
  PIPELINE COMPLETE
============================================================

✅ Published 1 of 1 target articles:

  📄 Teamwork Review 2026: Is This PM Software Worth It for Agencies
     Keyword: teamwork review
     Local: article_teamwork-review-pm-software-agencies_20260711_210118.html
     WordPress: https://equinoxen.com/teamwork-review-pm-software-agencies/
     Status: published

💡 Next steps:
   1. Review articles in WordPress
   2. Verify affiliate links are working
   🧹 Removed old article: article_teamwork-review-pm-software-agencies_20260711_210118.html
   ✅ Cleanup complete
============================================================
  EQUINOXEN MEDIA — CONTENT PIPELINE
  Running at: 2026-07-12 15:00:13
  Target: 1 articles
============================================================
📂 Loading intelligence report: intelligence_report_20260711_170225.json

📋 Found 9 opportunities

============================================================
  ARTICLE 1 of 1 (opportunity 1 of 9)
============================================================
⏭️  Skipping — already published (title match):
   Best Project Management Software for Construction in 2026

============================================================
  ARTICLE 1 of 1 (opportunity 2 of 9)
============================================================
⏭️  Skipping — comparison already covered: asana+hive

============================================================
  ARTICLE 1 of 1 (opportunity 3 of 9)
============================================================
⏭️  Skipping — comparison already covered: teamwork

============================================================
  ARTICLE 1 of 1 (opportunity 4 of 9)
============================================================

✍️  Generating article: SpyFu Review 2026: Can This SEO Tool Compete with Industry Leaders
   Keyword: spyfu review
   Type: review
   ✅ Article generated (10303 characters)
   🔍 Generating SEO metadata...
   💾 Saved locally: article_spyfu-review-seo-tool-comparison_20260712_150117.html
   🎨 Generating AI featured images...
   🎨 Generating landscape AI image for: SpyFu Review 2026: Can This SEO Tool Compete with Industry Leaders
   ✅ Landscape image generated (86KB)

📤 Publishing to WordPress as publish...
   ✅ Published! ID: 905
   🔗 URL: https://equinoxen.com/spyfu-review-seo-tool-comparison/
   🔄 WordPress hooks triggered
   🎯 Rank Math focus keyword set: spyfu review
   📝 Tracked: SpyFu Review 2026: Can This SEO Tool Compete with Industry Leaders

📱 Posting to social media...
   ⏭️  LinkedIn — outside posting window (10am-12pm Pacific)
   📤 Posting to X...
   ✅ X posted successfully
   📤 Posting to Dev.to...
   ✍️  Generating Dev.to summary...
   ✅ Dev.to summary generated (1568 chars)
   ✅ Dev.to posted successfully
   🔗 Dev.to URL: https://dev.to/jdhaack1/spyfu-review-2026-can-this-seo-tool-compete-with-industry-leaders-2h53
   📱 Social posting complete
   ✅ IndexNow submitted: https://equinoxen.com/spyfu-review-seo-tool-comparison/
   ✅ Google Indexing API submitted: https://equinoxen.com/spyfu-review-seo-tool-comparison/

============================================================
  PIPELINE COMPLETE
============================================================

✅ Published 1 of 1 target articles:

  📄 SpyFu Review 2026: Can This SEO Tool Compete with Industry Leaders
     Keyword: spyfu review
     Local: article_spyfu-review-seo-tool-comparison_20260712_150117.html
     WordPress: https://equinoxen.com/spyfu-review-seo-tool-comparison/
     Status: published

💡 Next steps:
   1. Review articles in WordPress
   2. Verify affiliate links are working
   🧹 Removed old article: article_spyfu-review-seo-tool-comparison_20260712_150117.html
   ✅ Cleanup complete
============================================================
  EQUINOXEN MEDIA — CONTENT PIPELINE
  Running at: 2026-07-12 18:00:09
  Target: 1 articles
============================================================
📂 Loading intelligence report: intelligence_report_20260712_170217.json

📋 Found 10 opportunities

============================================================
  ARTICLE 1 of 1 (opportunity 1 of 10)
============================================================
⏭️  Skipping — already published (keyword match):
   Best Business Automation Software for Small Business in 2026

============================================================
  ARTICLE 1 of 1 (opportunity 2 of 10)
============================================================

✍️  Generating article: Make vs n8n: Which Automation Platform is Better in 2026
   Keyword: make vs n8n
   Type: comparison
   ✅ Article generated (18502 characters)
   🔍 Generating SEO metadata...
   💾 Saved locally: article_make-vs-n8n-automation-platform-comparison_20260712_180150.html
   🎨 Generating AI featured images...
   🎨 Generating landscape AI image for: Make vs n8n: Which Automation Platform is Better in 2026
   ✅ Landscape image generated (74KB)

📤 Publishing to WordPress as publish...
   ✅ Published! ID: 908
   🔗 URL: https://equinoxen.com/make-vs-n8n-automation-platform-comparison/
   🔄 WordPress hooks triggered
   🎯 Rank Math focus keyword set: make vs n8n
   📝 Tracked: Make vs n8n: Which Automation Platform is Better in 2026

📱 Posting to social media...
   📤 Posting to LinkedIn...
   🖼️  Uploading image to LinkedIn...
   ✅ Image uploaded to LinkedIn
   ✅ LinkedIn posted successfully
   📤 Posting to X...
   ✅ X posted successfully
   📤 Posting to Dev.to...
   ✍️  Generating Dev.to summary...
   ✅ Dev.to summary generated (1374 chars)
   ✅ Dev.to posted successfully
   🔗 Dev.to URL: https://dev.to/jdhaack1/make-vs-n8n-which-automation-platform-is-better-in-2026-2i6o
   📱 Social posting complete
   ✅ IndexNow submitted: https://equinoxen.com/make-vs-n8n-automation-platform-comparison/
   ✅ Google Indexing API submitted: https://equinoxen.com/make-vs-n8n-automation-platform-comparison/

============================================================
  PIPELINE COMPLETE
============================================================

✅ Published 1 of 1 target articles:

  📄 Make vs n8n: Which Automation Platform is Better in 2026
     Keyword: make vs n8n
     Local: article_make-vs-n8n-automation-platform-comparison_20260712_180150.html
     WordPress: https://equinoxen.com/make-vs-n8n-automation-platform-comparison/
     Status: published

💡 Next steps:
   1. Review articles in WordPress
   2. Verify affiliate links are working
   🧹 Removed old report: intelligence_report_20260705_170313.json
   🧹 Removed old article: article_make-vs-n8n-automation-platform-comparison_20260712_180150.html
   ✅ Cleanup complete
============================================================
  EQUINOXEN MEDIA — CONTENT PIPELINE
  Running at: 2026-07-12 21:00:09
  Target: 1 articles
============================================================
📂 Loading intelligence report: intelligence_report_20260712_170217.json

📋 Found 10 opportunities

============================================================
  ARTICLE 1 of 1 (opportunity 1 of 10)
============================================================
⏭️  Skipping — already published (keyword match):
   Best Business Automation Software for Small Business in 2026

============================================================
  ARTICLE 1 of 1 (opportunity 2 of 10)
============================================================
⏭️  Skipping — comparison already covered: make+n8n

============================================================
  ARTICLE 1 of 1 (opportunity 3 of 10)
============================================================
⏭️  Skipping — already published (keyword match):
   Zoho CRM Review 2026: Features, Pricing and Performance

============================================================
  ARTICLE 1 of 1 (opportunity 4 of 10)
============================================================

✍️  Generating article: HubSpot vs Keap: CRM Comparison for Small Business in 2026
   Keyword: hubspot vs keap
   Type: comparison
   ✅ Article generated (15983 characters)
   🔍 Generating SEO metadata...
   💾 Saved locally: article_hubspot-vs-keap-crm-comparison-small-business_20260712_210141.html
   🎨 Generating AI featured images...
   🎨 Generating landscape AI image for: HubSpot vs Keap: CRM Comparison for Small Business in 2026
   ✅ Landscape image generated (80KB)

📤 Publishing to WordPress as publish...
   ✅ Published! ID: 911
   🔗 URL: https://equinoxen.com/hubspot-vs-keap-crm-comparison-small-business/
   🔄 WordPress hooks triggered
   🎯 Rank Math focus keyword set: hubspot vs keap
   📝 Tracked: HubSpot vs Keap: CRM Comparison for Small Business in 2026

📱 Posting to social media...
   ⏭️  LinkedIn — already posted today
   📤 Posting to X...
   ✅ X posted successfully
   📤 Posting to Dev.to...
   ✍️  Generating Dev.to summary...
   ✅ Dev.to summary generated (1647 chars)
   ✅ Dev.to posted successfully
   🔗 Dev.to URL: https://dev.to/jdhaack1/hubspot-vs-keap-crm-comparison-for-small-business-in-2026-kgj
   📱 Social posting complete
   ✅ IndexNow submitted: https://equinoxen.com/hubspot-vs-keap-crm-comparison-small-business/
   ✅ Google Indexing API submitted: https://equinoxen.com/hubspot-vs-keap-crm-comparison-small-business/

============================================================
  PIPELINE COMPLETE
============================================================

✅ Published 1 of 1 target articles:

  📄 HubSpot vs Keap: CRM Comparison for Small Business in 2026
     Keyword: hubspot vs keap
     Local: article_hubspot-vs-keap-crm-comparison-small-business_20260712_210141.html
     WordPress: https://equinoxen.com/hubspot-vs-keap-crm-comparison-small-business/
     Status: published

💡 Next steps:
   1. Review articles in WordPress
   2. Verify affiliate links are working
   🧹 Removed old article: article_hubspot-vs-keap-crm-comparison-small-business_20260712_210141.html
   ✅ Cleanup complete
============================================================
  EQUINOXEN MEDIA — CONTENT PIPELINE
  Running at: 2026-07-13 15:00:18
  Target: 1 articles
============================================================
📂 Loading intelligence report: intelligence_report_20260712_170217.json

📋 Found 10 opportunities

============================================================
  ARTICLE 1 of 1 (opportunity 1 of 10)
============================================================
⏭️  Skipping — already published (keyword match):
   Best Business Automation Software for Small Business in 2026

============================================================
  ARTICLE 1 of 1 (opportunity 2 of 10)
============================================================
⏭️  Skipping — comparison already covered: make+n8n

============================================================
  ARTICLE 1 of 1 (opportunity 3 of 10)
============================================================
⏭️  Skipping — already published (keyword match):
   Zoho CRM Review 2026: Features, Pricing and Performance

============================================================
  ARTICLE 1 of 1 (opportunity 4 of 10)
============================================================
⏭️  Skipping — comparison already covered: hubspot+keap

============================================================
  ARTICLE 1 of 1 (opportunity 5 of 10)
============================================================

✍️  Generating article: Drip Review 2026: Is This Email Marketing Platform Worth It
   Keyword: drip review
   Type: review
   ✅ Article generated (11232 characters)
   🔍 Generating SEO metadata...
   💾 Saved locally: article_drip-review-email-marketing-platform_20260713_150129.html
   🎨 Generating AI featured images...
   🎨 Generating landscape AI image for: Drip Review 2026: Is This Email Marketing Platform Worth It
   ✅ Landscape image generated (66KB)

📤 Publishing to WordPress as publish...
   ✅ Published! ID: 914
   🔗 URL: https://equinoxen.com/drip-review-email-marketing-platform/
   🔄 WordPress hooks triggered
   🎯 Rank Math focus keyword set: drip review
   📝 Tracked: Drip Review 2026: Is This Email Marketing Platform Worth It

📱 Posting to social media...
   ⏭️  LinkedIn — outside posting window (10am-12pm Pacific)
   📤 Posting to X...
   ✅ X posted successfully
   📤 Posting to Dev.to...
   ✍️  Generating Dev.to summary...
   ✅ Dev.to summary generated (1462 chars)
   ✅ Dev.to posted successfully
   🔗 Dev.to URL: https://dev.to/jdhaack1/drip-review-2026-is-this-email-marketing-platform-worth-it-25b8
   📱 Social posting complete
   ✅ IndexNow submitted: https://equinoxen.com/drip-review-email-marketing-platform/
   ✅ Google Indexing API submitted: https://equinoxen.com/drip-review-email-marketing-platform/

============================================================
  PIPELINE COMPLETE
============================================================

✅ Published 1 of 1 target articles:

  📄 Drip Review 2026: Is This Email Marketing Platform Worth It
     Keyword: drip review
     Local: article_drip-review-email-marketing-platform_20260713_150129.html
     WordPress: https://equinoxen.com/drip-review-email-marketing-platform/
     Status: published

💡 Next steps:
   1. Review articles in WordPress
   2. Verify affiliate links are working
   🧹 Removed old article: article_drip-review-email-marketing-platform_20260713_150129.html
   ✅ Cleanup complete
============================================================
  EQUINOXEN MEDIA — CONTENT PIPELINE
  Running at: 2026-07-13 18:00:09
  Target: 1 articles
============================================================
📂 Loading intelligence report: intelligence_report_20260713_170235.json

📋 Found 10 opportunities

============================================================
  ARTICLE 1 of 1 (opportunity 1 of 10)
============================================================
   ⚠️  Post already exists in WordPress: best-crm-for-nonprofits
⏭️  Skipping — already exists in WordPress
   Best CRM Software for Nonprofits in 2026

============================================================
  ARTICLE 1 of 1 (opportunity 2 of 10)
============================================================
⏭️  Skipping — already published (keyword match):
   Zoho CRM Review 2026: Features, Pricing and Alternatives

============================================================
  ARTICLE 1 of 1 (opportunity 3 of 10)
============================================================
⏭️  Skipping — already published (slug match):
   Best Email Marketing Software for Creators in 2026

============================================================
  ARTICLE 1 of 1 (opportunity 4 of 10)
============================================================

✍️  Generating article: Basecamp vs Monday.com: Which Project Management Tool Wins in 2026
   Keyword: basecamp vs monday
   Type: comparison
   ✅ Article generated (17780 characters)
   🔍 Generating SEO metadata...
   💾 Saved locally: article_basecamp-vs-monday-project-management-comparison_20260713_180148.html
   🎨 Generating AI featured images...
   🎨 Generating landscape AI image for: Basecamp vs Monday.com: Which Project Management Tool Wins in 2026
   ✅ Landscape image generated (105KB)

📤 Publishing to WordPress as publish...
   ✅ Published! ID: 917
   🔗 URL: https://equinoxen.com/basecamp-vs-monday-project-management-comparison/
   🔄 WordPress hooks triggered
   🎯 Rank Math focus keyword set: basecamp vs monday
   📝 Tracked: Basecamp vs Monday.com: Which Project Management Tool Wins in 2026

📱 Posting to social media...
   📤 Posting to LinkedIn...
   🖼️  Uploading image to LinkedIn...
   ✅ Image uploaded to LinkedIn
   ✅ LinkedIn posted successfully
   📤 Posting to X...
   ✅ X posted successfully
   📤 Posting to Dev.to...
   ✍️  Generating Dev.to summary...
   ✅ Dev.to summary generated (1677 chars)
   ✅ Dev.to posted successfully
   🔗 Dev.to URL: https://dev.to/jdhaack1/basecamp-vs-mondaycom-which-project-management-tool-wins-in-2026-bn9
   📱 Social posting complete
   ✅ IndexNow submitted: https://equinoxen.com/basecamp-vs-monday-project-management-comparison/
   ✅ Google Indexing API submitted: https://equinoxen.com/basecamp-vs-monday-project-management-comparison/

============================================================
  PIPELINE COMPLETE
============================================================

✅ Published 1 of 1 target articles:

  📄 Basecamp vs Monday.com: Which Project Management Tool Wins in 2026
     Keyword: basecamp vs monday
     Local: article_basecamp-vs-monday-project-management-comparison_20260713_180148.html
     WordPress: https://equinoxen.com/basecamp-vs-monday-project-management-comparison/
     Status: published

💡 Next steps:
   1. Review articles in WordPress
   2. Verify affiliate links are working
   🧹 Removed old report: intelligence_report_20260706_170231.json
   🧹 Removed old article: article_basecamp-vs-monday-project-management-comparison_20260713_180148.html
   ✅ Cleanup complete
============================================================
  EQUINOXEN MEDIA — CONTENT PIPELINE
  Running at: 2026-07-13 21:00:15
  Target: 1 articles
============================================================
📂 Loading intelligence report: intelligence_report_20260713_170235.json

📋 Found 10 opportunities

============================================================
  ARTICLE 1 of 1 (opportunity 1 of 10)
============================================================
   ⚠️  Post already exists in WordPress: best-crm-for-nonprofits
⏭️  Skipping — already exists in WordPress
   Best CRM Software for Nonprofits in 2026

============================================================
  ARTICLE 1 of 1 (opportunity 2 of 10)
============================================================
⏭️  Skipping — already published (keyword match):
   Zoho CRM Review 2026: Features, Pricing and Alternatives

============================================================
  ARTICLE 1 of 1 (opportunity 3 of 10)
============================================================
⏭️  Skipping — already published (slug match):
   Best Email Marketing Software for Creators in 2026

============================================================
  ARTICLE 1 of 1 (opportunity 4 of 10)
============================================================
⏭️  Skipping — comparison already covered: basecamp+monday.com

============================================================
  ARTICLE 1 of 1 (opportunity 5 of 10)
============================================================

✍️  Generating article: Writesonic Review 2026: AI Writing Tool Performance and Value
   Keyword: writesonic review
   Type: review
   ✅ Article generated (11764 characters)
   🔍 Generating SEO metadata...
   💾 Saved locally: article_writesonic-review-ai-writing-tool_20260713_210131.html
   🎨 Generating AI featured images...
   🎨 Generating landscape AI image for: Writesonic Review 2026: AI Writing Tool Performance and Value
   ✅ Landscape image generated (94KB)

📤 Publishing to WordPress as publish...
   ✅ Published! ID: 920
   🔗 URL: https://equinoxen.com/writesonic-review-ai-writing-tool/
   🔄 WordPress hooks triggered
   🎯 Rank Math focus keyword set: writesonic review
   📝 Tracked: Writesonic Review 2026: AI Writing Tool Performance and Value

📱 Posting to social media...
   ⏭️  LinkedIn — already posted today
   📤 Posting to X...
   ✅ X posted successfully
   📤 Posting to Dev.to...
   ✍️  Generating Dev.to summary...
   ✅ Dev.to summary generated (1412 chars)
   ✅ Dev.to posted successfully
   🔗 Dev.to URL: https://dev.to/jdhaack1/writesonic-review-2026-ai-writing-tool-performance-and-value-j11
   📱 Social posting complete
   ✅ IndexNow submitted: https://equinoxen.com/writesonic-review-ai-writing-tool/
   ✅ Google Indexing API submitted: https://equinoxen.com/writesonic-review-ai-writing-tool/

============================================================
  PIPELINE COMPLETE
============================================================

✅ Published 1 of 1 target articles:

  📄 Writesonic Review 2026: AI Writing Tool Performance and Value
     Keyword: writesonic review
     Local: article_writesonic-review-ai-writing-tool_20260713_210131.html
     WordPress: https://equinoxen.com/writesonic-review-ai-writing-tool/
     Status: published

💡 Next steps:
   1. Review articles in WordPress
   2. Verify affiliate links are working
   🧹 Removed old article: article_writesonic-review-ai-writing-tool_20260713_210131.html
   ✅ Cleanup complete
============================================================
  EQUINOXEN MEDIA — CONTENT PIPELINE
  Running at: 2026-07-14 15:00:10
  Target: 1 articles
============================================================
📂 Loading intelligence report: intelligence_report_20260713_170235.json

📋 Found 10 opportunities

============================================================
  ARTICLE 1 of 1 (opportunity 1 of 10)
============================================================
   ⚠️  Post already exists in WordPress: best-crm-for-nonprofits
⏭️  Skipping — already exists in WordPress
   Best CRM Software for Nonprofits in 2026

============================================================
  ARTICLE 1 of 1 (opportunity 2 of 10)
============================================================
⏭️  Skipping — already published (keyword match):
   Zoho CRM Review 2026: Features, Pricing and Alternatives

============================================================
  ARTICLE 1 of 1 (opportunity 3 of 10)
============================================================
⏭️  Skipping — already published (slug match):
   Best Email Marketing Software for Creators in 2026

============================================================
  ARTICLE 1 of 1 (opportunity 4 of 10)
============================================================
⏭️  Skipping — comparison already covered: basecamp+monday.com

============================================================
  ARTICLE 1 of 1 (opportunity 5 of 10)
============================================================
⏭️  Skipping — comparison already covered: jasper+writesonic

============================================================
  ARTICLE 1 of 1 (opportunity 6 of 10)
============================================================

✍️  Generating article: Surfer SEO vs Frase: Best SEO Content Tool Comparison 2026
   Keyword: surfer seo vs frase
   Type: comparison
   ✅ Article generated (16879 characters)
   🔍 Generating SEO metadata...
   💾 Saved locally: article_surfer-seo-vs-frase-comparison_20260714_150144.html
   🎨 Generating AI featured images...
   🎨 Generating landscape AI image for: Surfer SEO vs Frase: Best SEO Content Tool Comparison 2026
   ✅ Landscape image generated (75KB)

📤 Publishing to WordPress as publish...
   ✅ Published! ID: 923
   🔗 URL: https://equinoxen.com/surfer-seo-vs-frase-comparison/
   🔄 WordPress hooks triggered
   🎯 Rank Math focus keyword set: surfer seo vs frase
   📝 Tracked: Surfer SEO vs Frase: Best SEO Content Tool Comparison 2026

📱 Posting to social media...
   ⏭️  LinkedIn — outside posting window (10am-12pm Pacific)
   📤 Posting to X...
   ✅ X posted successfully
   📤 Posting to Dev.to...
   ✍️  Generating Dev.to summary...
   ✅ Dev.to summary generated (1543 chars)
   ✅ Dev.to posted successfully
   🔗 Dev.to URL: https://dev.to/jdhaack1/surfer-seo-vs-frase-best-seo-content-tool-comparison-2026-17gi
   📱 Social posting complete
   ✅ IndexNow submitted: https://equinoxen.com/surfer-seo-vs-frase-comparison/
   ✅ Google Indexing API submitted: https://equinoxen.com/surfer-seo-vs-frase-comparison/

============================================================
  PIPELINE COMPLETE
============================================================

✅ Published 1 of 1 target articles:

  📄 Surfer SEO vs Frase: Best SEO Content Tool Comparison 2026
     Keyword: surfer seo vs frase
     Local: article_surfer-seo-vs-frase-comparison_20260714_150144.html
     WordPress: https://equinoxen.com/surfer-seo-vs-frase-comparison/
     Status: published

💡 Next steps:
   1. Review articles in WordPress
   2. Verify affiliate links are working
   🧹 Removed old article: article_surfer-seo-vs-frase-comparison_20260714_150144.html
   ✅ Cleanup complete
============================================================
  EQUINOXEN MEDIA — CONTENT PIPELINE
  Running at: 2026-07-14 18:00:13
  Target: 1 articles
============================================================
📂 Loading intelligence report: intelligence_report_20260714_170320.json

📋 Found 10 opportunities

============================================================
  ARTICLE 1 of 1 (opportunity 1 of 10)
============================================================

✍️  Generating article: Notion vs Trello: Which Project Management Tool Is Better in 2026?
   Keyword: notion vs trello
   Type: comparison
   ✅ Article generated (17781 characters)
   🔍 Generating SEO metadata...
   💾 Saved locally: article_notion-vs-trello-project-management-comparison_20260714_180147.html
   🎨 Generating AI featured images...
   🎨 Generating landscape AI image for: Notion vs Trello: Which Project Management Tool Is Better in 2026?
   ✅ Landscape image generated (59KB)

📤 Publishing to WordPress as publish...
   ✅ Published! ID: 926
   🔗 URL: https://equinoxen.com/notion-vs-trello-project-management-comparison/
   🔄 WordPress hooks triggered
   🎯 Rank Math focus keyword set: notion vs trello
   📝 Tracked: Notion vs Trello: Which Project Management Tool Is Better in 2026?

📱 Posting to social media...
   📤 Posting to LinkedIn...
   🖼️  Uploading image to LinkedIn...
   ✅ Image uploaded to LinkedIn
   ✅ LinkedIn posted successfully
   📤 Posting to X...
   ✅ X posted successfully
   📤 Posting to Dev.to...
   ✍️  Generating Dev.to summary...
   ✅ Dev.to summary generated (1527 chars)
   ✅ Dev.to posted successfully
   🔗 Dev.to URL: https://dev.to/jdhaack1/notion-vs-trello-which-project-management-tool-is-better-in-2026-4ind
   📱 Social posting complete
   ✅ IndexNow submitted: https://equinoxen.com/notion-vs-trello-project-management-comparison/
   ✅ Google Indexing API submitted: https://equinoxen.com/notion-vs-trello-project-management-comparison/

============================================================
  PIPELINE COMPLETE
============================================================

✅ Published 1 of 1 target articles:

  📄 Notion vs Trello: Which Project Management Tool Is Better in 2026?
     Keyword: notion vs trello
     Local: article_notion-vs-trello-project-management-comparison_20260714_180147.html
     WordPress: https://equinoxen.com/notion-vs-trello-project-management-comparison/
     Status: published

💡 Next steps:
   1. Review articles in WordPress
   2. Verify affiliate links are working
   🧹 Removed old report: intelligence_report_20260707_170140.json
   🧹 Removed old article: article_notion-vs-trello-project-management-comparison_20260714_180147.html
   ✅ Cleanup complete
============================================================
  EQUINOXEN MEDIA — CONTENT PIPELINE
  Running at: 2026-07-14 21:00:08
  Target: 1 articles
============================================================
📂 Loading intelligence report: intelligence_report_20260714_170320.json

📋 Found 10 opportunities

============================================================
  ARTICLE 1 of 1 (opportunity 1 of 10)
============================================================
⏭️  Skipping — comparison already covered: clickup+notion

============================================================
  ARTICLE 1 of 1 (opportunity 2 of 10)
============================================================
⏭️  Skipping — already published (title match):
   Best Project Management Software for Construction in 2026

============================================================
  ARTICLE 1 of 1 (opportunity 3 of 10)
============================================================

✍️  Generating article: Smartsheet vs Asana: Project Management Software Compared for 2026
   Keyword: smartsheet vs asana
   Type: comparison
   ✅ Article generated (15386 characters)
   🔍 Generating SEO metadata...
   💾 Saved locally: article_smartsheet-vs-asana-project-management-comparison_20260714_210133.html
   🎨 Generating AI featured images...
   🎨 Generating landscape AI image for: Smartsheet vs Asana: Project Management Software Compared for 2026
   ✅ Landscape image generated (72KB)

📤 Publishing to WordPress as publish...
   ✅ Published! ID: 929
   🔗 URL: https://equinoxen.com/smartsheet-vs-asana-project-management-comparison/
   🔄 WordPress hooks triggered
   🎯 Rank Math focus keyword set: smartsheet vs asana
   📝 Tracked: Smartsheet vs Asana: Project Management Software Compared for 2026

📱 Posting to social media...
   ⏭️  LinkedIn — already posted today
   📤 Posting to X...
   ✅ X posted successfully
   📤 Posting to Dev.to...
   ✍️  Generating Dev.to summary...
   ✅ Dev.to summary generated (1468 chars)
   ✅ Dev.to posted successfully
   🔗 Dev.to URL: https://dev.to/jdhaack1/smartsheet-vs-asana-project-management-software-compared-for-2026-3c76
   📱 Social posting complete
   ✅ IndexNow submitted: https://equinoxen.com/smartsheet-vs-asana-project-management-comparison/
   ✅ Google Indexing API submitted: https://equinoxen.com/smartsheet-vs-asana-project-management-comparison/

============================================================
  PIPELINE COMPLETE
============================================================

✅ Published 1 of 1 target articles:

  📄 Smartsheet vs Asana: Project Management Software Compared for 2026
     Keyword: smartsheet vs asana
     Local: article_smartsheet-vs-asana-project-management-comparison_20260714_210133.html
     WordPress: https://equinoxen.com/smartsheet-vs-asana-project-management-comparison/
     Status: published

💡 Next steps:
   1. Review articles in WordPress
   2. Verify affiliate links are working
   🧹 Removed old article: article_smartsheet-vs-asana-project-management-comparison_20260714_210133.html
   ✅ Cleanup complete
============================================================
  EQUINOXEN MEDIA — CONTENT PIPELINE
  Running at: 2026-07-15 15:00:09
  Target: 1 articles
============================================================
📂 Loading intelligence report: intelligence_report_20260714_170320.json

📋 Found 10 opportunities

============================================================
  ARTICLE 1 of 1 (opportunity 1 of 10)
============================================================
⏭️  Skipping — comparison already covered: clickup+notion

============================================================
  ARTICLE 1 of 1 (opportunity 2 of 10)
============================================================
⏭️  Skipping — already published (title match):
   Best Project Management Software for Construction in 2026

============================================================
  ARTICLE 1 of 1 (opportunity 3 of 10)
============================================================
⏭️  Skipping — comparison already covered: asana+smartsheet

============================================================
  ARTICLE 1 of 1 (opportunity 4 of 10)
============================================================
⏭️  Skipping — already published (keyword match):
   GetResponse Review 2026: Is This Email Marketing Platform Worth It?

============================================================
  ARTICLE 1 of 1 (opportunity 5 of 10)
============================================================

✍️  Generating article: Ubersuggest vs SpyFu: Which SEO Tool Is Better in 2026?
   Keyword: ubersuggest vs spyfu
   Type: comparison
   ✅ Article generated (17437 characters)
   🔍 Generating SEO metadata...
   💾 Saved locally: article_ubersuggest-vs-spyfu-which-seo-tool-is-better_20260715_150144.html
   🎨 Generating AI featured images...
   🎨 Generating landscape AI image for: Ubersuggest vs SpyFu: Which SEO Tool Is Better in 2026?
   ✅ Landscape image generated (93KB)

📤 Publishing to WordPress as publish...
   ✅ Published! ID: 932
   🔗 URL: https://equinoxen.com/ubersuggest-vs-spyfu-which-seo-tool-is-better/
   🔄 WordPress hooks triggered
   🎯 Rank Math focus keyword set: ubersuggest vs spyfu
   📝 Tracked: Ubersuggest vs SpyFu: Which SEO Tool Is Better in 2026?

📱 Posting to social media...
   ⏭️  LinkedIn — outside posting window (10am-12pm Pacific)
   📤 Posting to X...
   ✅ X posted successfully
   📤 Posting to Dev.to...
   ✍️  Generating Dev.to summary...
   ✅ Dev.to summary generated (1609 chars)
   ✅ Dev.to posted successfully
   🔗 Dev.to URL: https://dev.to/jdhaack1/ubersuggest-vs-spyfu-which-seo-tool-is-better-in-2026-mpj
   📱 Social posting complete
   ✅ IndexNow submitted: https://equinoxen.com/ubersuggest-vs-spyfu-which-seo-tool-is-better/
   ✅ Google Indexing API submitted: https://equinoxen.com/ubersuggest-vs-spyfu-which-seo-tool-is-better/

============================================================
  PIPELINE COMPLETE
============================================================

✅ Published 1 of 1 target articles:

  📄 Ubersuggest vs SpyFu: Which SEO Tool Is Better in 2026?
     Keyword: ubersuggest vs spyfu
     Local: article_ubersuggest-vs-spyfu-which-seo-tool-is-better_20260715_150144.html
     WordPress: https://equinoxen.com/ubersuggest-vs-spyfu-which-seo-tool-is-better/
     Status: published

💡 Next steps:
   1. Review articles in WordPress
   2. Verify affiliate links are working
   🧹 Removed old article: article_ubersuggest-vs-spyfu-which-seo-tool-is-better_20260715_150144.html
   ✅ Cleanup complete
============================================================
  EQUINOXEN MEDIA — CONTENT PIPELINE
  Running at: 2026-07-15 18:00:10
  Target: 1 articles
============================================================
📂 Loading intelligence report: intelligence_report_20260715_170230.json

📋 Found 9 opportunities

============================================================
  ARTICLE 1 of 1 (opportunity 1 of 9)
============================================================
⏭️  Skipping — already published (keyword match):
   Best Business Automation Software for Small Business in 2026

============================================================
  ARTICLE 1 of 1 (opportunity 2 of 9)
============================================================
⏭️  Skipping — already published (slug match):
   Best Accounting Software for Nonprofits in 2026

============================================================
  ARTICLE 1 of 1 (opportunity 3 of 9)
============================================================
⏭️  Skipping — already published (keyword match):
   Zoho CRM Review 2026: Features, Pricing and Alternatives

============================================================
  ARTICLE 1 of 1 (opportunity 4 of 9)
============================================================

✍️  Generating article: Brevo Review 2026: Is This Email Platform Worth It
   Keyword: brevo review
   Type: review
   ✅ Article generated (10885 characters)
   🔍 Generating SEO metadata...
   💾 Saved locally: article_brevo-review-email-marketing-platform_20260715_180109.html
   🎨 Generating AI featured images...
   🎨 Generating landscape AI image for: Brevo Review 2026: Is This Email Platform Worth It
   ✅ Landscape image generated (57KB)

📤 Publishing to WordPress as publish...
   ✅ Published! ID: 935
   🔗 URL: https://equinoxen.com/brevo-review-email-marketing-platform/
   🔄 WordPress hooks triggered
   🎯 Rank Math focus keyword set: brevo review
   📝 Tracked: Brevo Review 2026: Is This Email Platform Worth It

📱 Posting to social media...
   📤 Posting to LinkedIn...
   🖼️  Uploading image to LinkedIn...
   ⚠️  Image registration failed: 401
   ❌ LinkedIn failed: 401 — {"status":401,"serviceErrorCode":65602,"code":"EXPIRED_ACCESS_TOKEN","message":"The token used in the request has expired"}
   📤 Posting to X...
   ✅ X posted successfully
   📤 Posting to Dev.to...
   ✍️  Generating Dev.to summary...
   ✅ Dev.to summary generated (1377 chars)
   ✅ Dev.to posted successfully
   🔗 Dev.to URL: https://dev.to/jdhaack1/brevo-review-2026-is-this-email-platform-worth-it-19fg
   📱 Social posting complete
   ✅ IndexNow submitted: https://equinoxen.com/brevo-review-email-marketing-platform/
   ✅ Google Indexing API submitted: https://equinoxen.com/brevo-review-email-marketing-platform/

============================================================
  PIPELINE COMPLETE
============================================================

✅ Published 1 of 1 target articles:

  📄 Brevo Review 2026: Is This Email Platform Worth It
     Keyword: brevo review
     Local: article_brevo-review-email-marketing-platform_20260715_180109.html
     WordPress: https://equinoxen.com/brevo-review-email-marketing-platform/
     Status: published

💡 Next steps:
   1. Review articles in WordPress
   2. Verify affiliate links are working
   🧹 Removed old report: intelligence_report_20260708_170140.json
   🧹 Removed old article: article_brevo-review-email-marketing-platform_20260715_180109.html
   ✅ Cleanup complete
============================================================
  EQUINOXEN MEDIA — CONTENT PIPELINE
  Running at: 2026-07-15 21:00:10
  Target: 1 articles
============================================================
📂 Loading intelligence report: intelligence_report_20260715_170230.json

📋 Found 9 opportunities

============================================================
  ARTICLE 1 of 1 (opportunity 1 of 9)
============================================================
⏭️  Skipping — already published (keyword match):
   Best Business Automation Software for Small Business in 2026

============================================================
  ARTICLE 1 of 1 (opportunity 2 of 9)
============================================================
⏭️  Skipping — already published (slug match):
   Best Accounting Software for Nonprofits in 2026

============================================================
  ARTICLE 1 of 1 (opportunity 3 of 9)
============================================================
⏭️  Skipping — already published (keyword match):
   Zoho CRM Review 2026: Features, Pricing and Alternatives

============================================================
  ARTICLE 1 of 1 (opportunity 4 of 9)
============================================================
⏭️  Skipping — comparison already covered: brevo+getresponse

============================================================
  ARTICLE 1 of 1 (opportunity 5 of 9)
============================================================

✍️  Generating article: Mangools vs SE Ranking 2026: Which SEO Tool is Better
   Keyword: mangools vs se ranking
   Type: comparison
   ✅ Article generated (18465 characters)
   🔍 Generating SEO metadata...
   💾 Saved locally: article_mangools-vs-se-ranking_20260715_210147.html
   🎨 Generating AI featured images...
   🎨 Generating landscape AI image for: Mangools vs SE Ranking 2026: Which SEO Tool is Better
   ✅ Landscape image generated (95KB)

📤 Publishing to WordPress as publish...
   ✅ Published! ID: 938
   🔗 URL: https://equinoxen.com/mangools-vs-se-ranking/
   🔄 WordPress hooks triggered
   🎯 Rank Math focus keyword set: mangools vs se ranking
   📝 Tracked: Mangools vs SE Ranking 2026: Which SEO Tool is Better

📱 Posting to social media...
   ⏭️  LinkedIn — already posted today
   📤 Posting to X...
   ✅ X posted successfully
   📤 Posting to Dev.to...
   ✍️  Generating Dev.to summary...
   ✅ Dev.to summary generated (1492 chars)
   ✅ Dev.to posted successfully
   🔗 Dev.to URL: https://dev.to/jdhaack1/mangools-vs-se-ranking-2026-which-seo-tool-is-better-13pi
   📱 Social posting complete
   ✅ IndexNow submitted: https://equinoxen.com/mangools-vs-se-ranking/
   ✅ Google Indexing API submitted: https://equinoxen.com/mangools-vs-se-ranking/

============================================================
  PIPELINE COMPLETE
============================================================

✅ Published 1 of 1 target articles:

  📄 Mangools vs SE Ranking 2026: Which SEO Tool is Better
     Keyword: mangools vs se ranking
     Local: article_mangools-vs-se-ranking_20260715_210147.html
     WordPress: https://equinoxen.com/mangools-vs-se-ranking/
     Status: published

💡 Next steps:
   1. Review articles in WordPress
   2. Verify affiliate links are working
   🧹 Removed old article: article_mangools-vs-se-ranking_20260715_210147.html
   ✅ Cleanup complete
============================================================
  EQUINOXEN MEDIA — CONTENT PIPELINE
  Running at: 2026-07-16 15:00:09
  Target: 1 articles
============================================================
📂 Loading intelligence report: intelligence_report_20260715_170230.json

📋 Found 9 opportunities

============================================================
  ARTICLE 1 of 1 (opportunity 1 of 9)
============================================================
⏭️  Skipping — already published (keyword match):
   Best Business Automation Software for Small Business in 2026

============================================================
  ARTICLE 1 of 1 (opportunity 2 of 9)
============================================================
⏭️  Skipping — already published (slug match):
   Best Accounting Software for Nonprofits in 2026

============================================================
  ARTICLE 1 of 1 (opportunity 3 of 9)
============================================================
⏭️  Skipping — already published (keyword match):
   Zoho CRM Review 2026: Features, Pricing and Alternatives

============================================================
  ARTICLE 1 of 1 (opportunity 4 of 9)
============================================================
⏭️  Skipping — comparison already covered: brevo+getresponse

============================================================
  ARTICLE 1 of 1 (opportunity 5 of 9)
============================================================
⏭️  Skipping — comparison already covered: mangools+se ranking

============================================================
  ARTICLE 1 of 1 (opportunity 6 of 9)
============================================================

✍️  Generating article: Pabbly Connect vs Zapier 2026: Automation Platform Comparison
   Keyword: pabbly connect vs zapier
   Type: comparison
   ✅ Article generated (17345 characters)
   🔍 Generating SEO metadata...
   💾 Saved locally: article_pabbly-connect-vs-zapier-automation-platform-comparison_20260716_150144.html
   🎨 Generating AI featured images...
   🎨 Generating landscape AI image for: Pabbly Connect vs Zapier 2026: Automation Platform Comparison
   ✅ Landscape image generated (74KB)

📤 Publishing to WordPress as publish...
   ✅ Published! ID: 941
   🔗 URL: https://equinoxen.com/pabbly-connect-vs-zapier-automation-platform-comparison/
   🔄 WordPress hooks triggered
   🎯 Rank Math focus keyword set: pabbly connect vs zapier
   📝 Tracked: Pabbly Connect vs Zapier 2026: Automation Platform Comparison

📱 Posting to social media...
   ⏭️  LinkedIn — outside posting window (10am-12pm Pacific)
   📤 Posting to X...
   ✅ X posted successfully
   📤 Posting to Dev.to...
   ✍️  Generating Dev.to summary...
   ✅ Dev.to summary generated (1481 chars)
   ✅ Dev.to posted successfully
   🔗 Dev.to URL: https://dev.to/jdhaack1/pabbly-connect-vs-zapier-2026-automation-platform-comparison-2o55
   📱 Social posting complete
   ✅ IndexNow submitted: https://equinoxen.com/pabbly-connect-vs-zapier-automation-platform-comparison/
   ✅ Google Indexing API submitted: https://equinoxen.com/pabbly-connect-vs-zapier-automation-platform-comparison/

============================================================
  PIPELINE COMPLETE
============================================================

✅ Published 1 of 1 target articles:

  📄 Pabbly Connect vs Zapier 2026: Automation Platform Comparison
     Keyword: pabbly connect vs zapier
     Local: article_pabbly-connect-vs-zapier-automation-platform-comparison_20260716_150144.html
     WordPress: https://equinoxen.com/pabbly-connect-vs-zapier-automation-platform-comparison/
     Status: published

💡 Next steps:
   1. Review articles in WordPress
   2. Verify affiliate links are working
   🧹 Removed old article: article_pabbly-connect-vs-zapier-automation-platform-comparison_20260716_150144.html
   ✅ Cleanup complete
============================================================
  EQUINOXEN MEDIA — CONTENT PIPELINE
  Running at: 2026-07-16 18:00:08
  Target: 1 articles
============================================================
📂 Loading intelligence report: intelligence_report_20260716_170311.json

📋 Found 10 opportunities

============================================================
  ARTICLE 1 of 1 (opportunity 1 of 10)
============================================================

✍️  Generating article: Best AI Productivity Tools for Students in 2026
   Keyword: best ai productivity tools for students
   Type: buying_guide
   ✅ Article generated (21649 characters)
   🔍 Generating SEO metadata...
   💾 Saved locally: article_best-ai-productivity-tools-for-students_20260716_180202.html
   🎨 Generating AI featured images...
   🎨 Generating landscape AI image for: Best AI Productivity Tools for Students in 2026
   ✅ Landscape image generated (118KB)

📤 Publishing to WordPress as publish...
   ✅ Published! ID: 944
   🔗 URL: https://equinoxen.com/best-ai-productivity-tools-for-students/
   🔄 WordPress hooks triggered
   🎯 Rank Math focus keyword set: best ai productivity tools for students
   📝 Tracked: Best AI Productivity Tools for Students in 2026

📱 Posting to social media...
   📤 Posting to LinkedIn...
   🖼️  Uploading image to LinkedIn...
   ⚠️  Image registration failed: 401
   ❌ LinkedIn failed: 401 — {"status":401,"serviceErrorCode":65602,"code":"EXPIRED_ACCESS_TOKEN","message":"The token used in the request has expired"}
   📤 Posting to X...
   ✅ X posted successfully
   📤 Posting to Dev.to...
   ✍️  Generating Dev.to summary...
   ✅ Dev.to summary generated (1404 chars)
   ✅ Dev.to posted successfully
   🔗 Dev.to URL: https://dev.to/jdhaack1/best-ai-productivity-tools-for-students-in-2026-1770
   📱 Social posting complete
   ✅ IndexNow submitted: https://equinoxen.com/best-ai-productivity-tools-for-students/
   ✅ Google Indexing API submitted: https://equinoxen.com/best-ai-productivity-tools-for-students/

============================================================
  PIPELINE COMPLETE
============================================================

✅ Published 1 of 1 target articles:

  📄 Best AI Productivity Tools for Students in 2026
     Keyword: best ai productivity tools for students
     Local: article_best-ai-productivity-tools-for-students_20260716_180202.html
     WordPress: https://equinoxen.com/best-ai-productivity-tools-for-students/
     Status: published

💡 Next steps:
   1. Review articles in WordPress
   2. Verify affiliate links are working
   🧹 Removed old report: intelligence_report_20260709_170229.json
   🧹 Removed old article: article_best-ai-productivity-tools-for-students_20260716_180202.html
   ✅ Cleanup complete
============================================================
  EQUINOXEN MEDIA — CONTENT PIPELINE
  Running at: 2026-07-16 21:00:08
  Target: 1 articles
============================================================
📂 Loading intelligence report: intelligence_report_20260716_170311.json

📋 Found 10 opportunities

============================================================
  ARTICLE 1 of 1 (opportunity 1 of 10)
============================================================
⏭️  Skipping — comparison already covered: grammarly+notion

============================================================
  ARTICLE 1 of 1 (opportunity 2 of 10)
============================================================

✍️  Generating article: Typeform vs Jotform: Which Form Builder Is Better in 2026
   Keyword: typeform vs jotform
   Type: comparison
   ✅ Article generated (17111 characters)
   🔍 Generating SEO metadata...
   💾 Saved locally: article_typeform-vs-jotform-which-form-builder-is-better_20260716_210134.html
   🎨 Generating AI featured images...
   🎨 Generating landscape AI image for: Typeform vs Jotform: Which Form Builder Is Better in 2026
   ✅ Landscape image generated (74KB)

📤 Publishing to WordPress as publish...
   ✅ Published! ID: 947
   🔗 URL: https://equinoxen.com/typeform-vs-jotform-which-form-builder-is-better/
   🔄 WordPress hooks triggered
   🎯 Rank Math focus keyword set: typeform vs jotform
   📝 Tracked: Typeform vs Jotform: Which Form Builder Is Better in 2026

📱 Posting to social media...
   ⏭️  LinkedIn — already posted today
   📤 Posting to X...
   ✅ X posted successfully
   📤 Posting to Dev.to...
   ✍️  Generating Dev.to summary...
   ✅ Dev.to summary generated (1389 chars)
   ✅ Dev.to posted successfully
   🔗 Dev.to URL: https://dev.to/jdhaack1/typeform-vs-jotform-which-form-builder-is-better-in-2026-554o
   📱 Social posting complete
   ✅ IndexNow submitted: https://equinoxen.com/typeform-vs-jotform-which-form-builder-is-better/
   ✅ Google Indexing API submitted: https://equinoxen.com/typeform-vs-jotform-which-form-builder-is-better/

============================================================
  PIPELINE COMPLETE
============================================================

✅ Published 1 of 1 target articles:

  📄 Typeform vs Jotform: Which Form Builder Is Better in 2026
     Keyword: typeform vs jotform
     Local: article_typeform-vs-jotform-which-form-builder-is-better_20260716_210134.html
     WordPress: https://equinoxen.com/typeform-vs-jotform-which-form-builder-is-better/
     Status: published

💡 Next steps:
   1. Review articles in WordPress
   2. Verify affiliate links are working
   🧹 Removed old article: article_typeform-vs-jotform-which-form-builder-is-better_20260716_210134.html
   ✅ Cleanup complete
============================================================
  EQUINOXEN MEDIA — CONTENT PIPELINE
  Running at: 2026-07-17 15:00:11
  Target: 1 articles
============================================================
📂 Loading intelligence report: intelligence_report_20260716_170311.json

📋 Found 10 opportunities

============================================================
  ARTICLE 1 of 1 (opportunity 1 of 10)
============================================================
⏭️  Skipping — comparison already covered: grammarly+notion

============================================================
  ARTICLE 1 of 1 (opportunity 2 of 10)
============================================================
⏭️  Skipping — comparison already covered: jotform+typeform

============================================================
  ARTICLE 1 of 1 (opportunity 3 of 10)
============================================================

✍️  Generating article: Carrd Review 2026: Best Landing Page Builder for Simple Sites
   Keyword: carrd review
   Type: review
   ✅ Article generated (12825 characters)
   🔍 Generating SEO metadata...
   💾 Saved locally: article_carrd-review-landing-page-builder_20260717_150122.html
   🎨 Generating AI featured images...
   🎨 Generating landscape AI image for: Carrd Review 2026: Best Landing Page Builder for Simple Sites
   ✅ Landscape image generated (54KB)

📤 Publishing to WordPress as publish...
   ✅ Published! ID: 950
   🔗 URL: https://equinoxen.com/carrd-review-landing-page-builder/
   🔄 WordPress hooks triggered
   🎯 Rank Math focus keyword set: carrd review
   📝 Tracked: Carrd Review 2026: Best Landing Page Builder for Simple Sites

📱 Posting to social media...
   ⏭️  LinkedIn — outside posting window (10am-12pm Pacific)
   📤 Posting to X...
   ✅ X posted successfully
   📤 Posting to Dev.to...
   ✍️  Generating Dev.to summary...
   ✅ Dev.to summary generated (1378 chars)
   ✅ Dev.to posted successfully
   🔗 Dev.to URL: https://dev.to/jdhaack1/carrd-review-2026-best-landing-page-builder-for-simple-sites-18h6
   📱 Social posting complete
   ✅ IndexNow submitted: https://equinoxen.com/carrd-review-landing-page-builder/
   ✅ Google Indexing API submitted: https://equinoxen.com/carrd-review-landing-page-builder/

============================================================
  PIPELINE COMPLETE
============================================================

✅ Published 1 of 1 target articles:

  📄 Carrd Review 2026: Best Landing Page Builder for Simple Sites
     Keyword: carrd review
     Local: article_carrd-review-landing-page-builder_20260717_150122.html
     WordPress: https://equinoxen.com/carrd-review-landing-page-builder/
     Status: published

💡 Next steps:
   1. Review articles in WordPress
   2. Verify affiliate links are working
   🧹 Removed old article: article_carrd-review-landing-page-builder_20260717_150122.html
   ✅ Cleanup complete
============================================================
  EQUINOXEN MEDIA — CONTENT PIPELINE
  Running at: 2026-07-17 18:00:11
  Target: 1 articles
============================================================
📂 Loading intelligence report: intelligence_report_20260717_170227.json

📋 Found 9 opportunities

============================================================
  ARTICLE 1 of 1 (opportunity 1 of 9)
============================================================

✍️  Generating article: Constant Contact vs GetResponse 2026: Which Email Platform Wins for Small Business
   Keyword: constant contact vs getresponse
   Type: comparison
   ✅ Article generated (18790 characters)
   🔍 Generating SEO metadata...
   💾 Saved locally: article_constant-contact-vs-getresponse_20260717_180139.html
   🎨 Generating AI featured images...
   🎨 Generating landscape AI image for: Constant Contact vs GetResponse 2026: Which Email Platform Wins for Small Business
   ✅ Landscape image generated (104KB)

📤 Publishing to WordPress as publish...
   ✅ Published! ID: 953
   🔗 URL: https://equinoxen.com/constant-contact-vs-getresponse/
   🔄 WordPress hooks triggered
   🎯 Rank Math focus keyword set: constant contact vs getresponse
   📝 Tracked: Constant Contact vs GetResponse 2026: Which Email Platform Wins for Small Business

📱 Posting to social media...
   📤 Posting to LinkedIn...
   🖼️  Uploading image to LinkedIn...
   ⚠️  Image registration failed: 401
   ❌ LinkedIn failed: 401 — {"status":401,"serviceErrorCode":65602,"code":"EXPIRED_ACCESS_TOKEN","message":"The token used in the request has expired"}
   📤 Posting to X...
   ✅ X posted successfully
   📤 Posting to Dev.to...
   ✍️  Generating Dev.to summary...
   ✅ Dev.to summary generated (1555 chars)
   ✅ Dev.to posted successfully
   🔗 Dev.to URL: https://dev.to/jdhaack1/constant-contact-vs-getresponse-2026-which-email-platform-wins-for-small-business-26o9
   📱 Social posting complete
   ✅ IndexNow submitted: https://equinoxen.com/constant-contact-vs-getresponse/
   ✅ Google Indexing API submitted: https://equinoxen.com/constant-contact-vs-getresponse/

============================================================
  PIPELINE COMPLETE
============================================================

✅ Published 1 of 1 target articles:

  📄 Constant Contact vs GetResponse 2026: Which Email Platform Wins for Small Business
     Keyword: constant contact vs getresponse
     Local: article_constant-contact-vs-getresponse_20260717_180139.html
     WordPress: https://equinoxen.com/constant-contact-vs-getresponse/
     Status: published

💡 Next steps:
   1. Review articles in WordPress
   2. Verify affiliate links are working
   🧹 Removed old report: intelligence_report_20260710_170223.json
   🧹 Removed old article: article_constant-contact-vs-getresponse_20260717_180139.html
   ✅ Cleanup complete
============================================================
  EQUINOXEN MEDIA — CONTENT PIPELINE
  Running at: 2026-07-17 21:00:15
  Target: 1 articles
============================================================
📂 Loading intelligence report: intelligence_report_20260717_170227.json

📋 Found 9 opportunities

============================================================
  ARTICLE 1 of 1 (opportunity 1 of 9)
============================================================
⏭️  Skipping — comparison already covered: constant contact+getresponse

============================================================
  ARTICLE 1 of 1 (opportunity 2 of 9)
============================================================
⏭️  Skipping — already published (keyword match):
   Semrush Review 2026: Is This SEO Tool Worth the Premium Price

============================================================
  ARTICLE 1 of 1 (opportunity 3 of 9)
============================================================

✍️  Generating article: Hive vs Monday.com 2026: Best Project Management Software for Remote Teams
   Keyword: hive vs monday
   Type: comparison
   ✅ Article generated (16892 characters)
   🔍 Generating SEO metadata...
   💾 Saved locally: article_hive-vs-monday-project-management-software_20260717_210149.html
   🎨 Generating AI featured images...
   🎨 Generating landscape AI image for: Hive vs Monday.com 2026: Best Project Management Software for Remote Teams
   ✅ Landscape image generated (95KB)

📤 Publishing to WordPress as publish...
   ✅ Published! ID: 956
   🔗 URL: https://equinoxen.com/hive-vs-monday-project-management-software/
   🔄 WordPress hooks triggered
   🎯 Rank Math focus keyword set: hive vs monday
   📝 Tracked: Hive vs Monday.com 2026: Best Project Management Software for Remote Teams

📱 Posting to social media...
   ⏭️  LinkedIn — already posted today
   📤 Posting to X...
   ✅ X posted successfully
   📤 Posting to Dev.to...
   ✍️  Generating Dev.to summary...
   ✅ Dev.to summary generated (1618 chars)
   ✅ Dev.to posted successfully
   🔗 Dev.to URL: https://dev.to/jdhaack1/hive-vs-mondaycom-2026-best-project-management-software-for-remote-teams-35ja
   📱 Social posting complete
   ✅ IndexNow submitted: https://equinoxen.com/hive-vs-monday-project-management-software/
   ✅ Google Indexing API submitted: https://equinoxen.com/hive-vs-monday-project-management-software/

============================================================
  PIPELINE COMPLETE
============================================================

✅ Published 1 of 1 target articles:

  📄 Hive vs Monday.com 2026: Best Project Management Software for Remote Teams
     Keyword: hive vs monday
     Local: article_hive-vs-monday-project-management-software_20260717_210149.html
     WordPress: https://equinoxen.com/hive-vs-monday-project-management-software/
     Status: published

💡 Next steps:
   1. Review articles in WordPress
   2. Verify affiliate links are working
   🧹 Removed old article: article_hive-vs-monday-project-management-software_20260717_210149.html
   ✅ Cleanup complete
============================================================
  EQUINOXEN MEDIA — CONTENT PIPELINE
  Running at: 2026-07-18 15:00:09
  Target: 1 articles
============================================================
📂 Loading intelligence report: intelligence_report_20260717_170227.json

📋 Found 9 opportunities

============================================================
  ARTICLE 1 of 1 (opportunity 1 of 9)
============================================================
⏭️  Skipping — comparison already covered: constant contact+getresponse

============================================================
  ARTICLE 1 of 1 (opportunity 2 of 9)
============================================================
⏭️  Skipping — already published (keyword match):
   Semrush Review 2026: Is This SEO Tool Worth the Premium Price

============================================================
  ARTICLE 1 of 1 (opportunity 3 of 9)
============================================================
⏭️  Skipping — comparison already covered: hive+monday.com

============================================================
  ARTICLE 1 of 1 (opportunity 4 of 9)
============================================================

✍️  Generating article: Best CRM Software for Startups in 2026: 5 Scalable Options Under $50/Month
   Keyword: best crm software for startups
   Type: buying_guide
   ✅ Article generated (20833 characters)
   🔍 Generating SEO metadata...
   💾 Saved locally: article_best-crm-software-for-startups_20260718_150207.html
   🎨 Generating AI featured images...
   🎨 Generating landscape AI image for: Best CRM Software for Startups in 2026: 5 Scalable Options Under $50/Month
   ✅ Landscape image generated (122KB)

📤 Publishing to WordPress as publish...
   ✅ Published! ID: 959
   🔗 URL: https://equinoxen.com/best-crm-software-for-startups/
   🔄 WordPress hooks triggered
   🎯 Rank Math focus keyword set: best crm software for startups
   📝 Tracked: Best CRM Software for Startups in 2026: 5 Scalable Options Under $50/Month

📱 Posting to social media...
   ⏭️  LinkedIn — outside posting window (10am-12pm Pacific)
   📤 Posting to X...
   ✅ X posted successfully
   📤 Posting to Dev.to...
   ✍️  Generating Dev.to summary...
   ✅ Dev.to summary generated (1431 chars)
   ✅ Dev.to posted successfully
   🔗 Dev.to URL: https://dev.to/jdhaack1/best-crm-software-for-startups-in-2026-5-scalable-options-under-50month-1o7c
   📱 Social posting complete
   ✅ IndexNow submitted: https://equinoxen.com/best-crm-software-for-startups/
   ✅ Google Indexing API submitted: https://equinoxen.com/best-crm-software-for-startups/

============================================================
  PIPELINE COMPLETE
============================================================

✅ Published 1 of 1 target articles:

  📄 Best CRM Software for Startups in 2026: 5 Scalable Options Under $50/Month
     Keyword: best crm software for startups
     Local: article_best-crm-software-for-startups_20260718_150207.html
     WordPress: https://equinoxen.com/best-crm-software-for-startups/
     Status: published

💡 Next steps:
   1. Review articles in WordPress
   2. Verify affiliate links are working
   🧹 Removed old article: article_best-crm-software-for-startups_20260718_150207.html
   ✅ Cleanup complete
============================================================
  EQUINOXEN MEDIA — CONTENT PIPELINE
  Running at: 2026-07-18 18:00:09
  Target: 1 articles
============================================================
📂 Loading intelligence report: intelligence_report_20260718_170216.json

📋 Found 8 opportunities

============================================================
  ARTICLE 1 of 1 (opportunity 1 of 8)
============================================================

✍️  Generating article: Todoist Review 2026: Best Simple Project Management for Solopreneurs
   Keyword: todoist review
   Type: review
   ✅ Article generated (9869 characters)
   🔍 Generating SEO metadata...
   💾 Saved locally: article_todoist-review-simple-project-management-solopreneurs_20260718_180112.html
   🎨 Generating AI featured images...
   🎨 Generating landscape AI image for: Todoist Review 2026: Best Simple Project Management for Solopreneurs
   ✅ Landscape image generated (68KB)

📤 Publishing to WordPress as publish...
   ✅ Published! ID: 962
   🔗 URL: https://equinoxen.com/todoist-review-simple-project-management-solopreneurs/
   🔄 WordPress hooks triggered
   🎯 Rank Math focus keyword set: todoist review
   📝 Tracked: Todoist Review 2026: Best Simple Project Management for Solopreneurs

📱 Posting to social media...
   📤 Posting to LinkedIn...
   🖼️  Uploading image to LinkedIn...
   ⚠️  Image registration failed: 401
   ❌ LinkedIn failed: 401 — {"status":401,"serviceErrorCode":65602,"code":"EXPIRED_ACCESS_TOKEN","message":"The token used in the request has expired"}
   📤 Posting to X...
   ✅ X posted successfully
   📤 Posting to Dev.to...
   ✍️  Generating Dev.to summary...
   ✅ Dev.to summary generated (1489 chars)
   ✅ Dev.to posted successfully
   🔗 Dev.to URL: https://dev.to/jdhaack1/todoist-review-2026-best-simple-project-management-for-solopreneurs-4412
   📱 Social posting complete
   ✅ IndexNow submitted: https://equinoxen.com/todoist-review-simple-project-management-solopreneurs/
   ✅ Google Indexing API submitted: https://equinoxen.com/todoist-review-simple-project-management-solopreneurs/

============================================================
  PIPELINE COMPLETE
============================================================

✅ Published 1 of 1 target articles:

  📄 Todoist Review 2026: Best Simple Project Management for Solopreneurs
     Keyword: todoist review
     Local: article_todoist-review-simple-project-management-solopreneurs_20260718_180112.html
     WordPress: https://equinoxen.com/todoist-review-simple-project-management-solopreneurs/
     Status: published

💡 Next steps:
   1. Review articles in WordPress
   2. Verify affiliate links are working
   🧹 Removed old report: intelligence_report_20260711_170225.json
   🧹 Removed old article: article_todoist-review-simple-project-management-solopreneurs_20260718_180112.html
   ✅ Cleanup complete
============================================================
  EQUINOXEN MEDIA — CONTENT PIPELINE
  Running at: 2026-07-18 21:00:11
  Target: 1 articles
============================================================
📂 Loading intelligence report: intelligence_report_20260718_170216.json

📋 Found 8 opportunities

============================================================
  ARTICLE 1 of 1 (opportunity 1 of 8)
============================================================
⏭️  Skipping — comparison already covered: todoist

============================================================
  ARTICLE 1 of 1 (opportunity 2 of 8)
============================================================

✍️  Generating article: Hive vs ClickUp 2026: Which Visual Project Manager Wins for Creative Teams
   Keyword: hive vs clickup
   Type: comparison
   ✅ Article generated (16515 characters)
   🔍 Generating SEO metadata...
   💾 Saved locally: article_hive-vs-clickup-visual-project-manager-creative-teams_20260718_210143.html
   🎨 Generating AI featured images...
   🎨 Generating landscape AI image for: Hive vs ClickUp 2026: Which Visual Project Manager Wins for Creative Teams
   ✅ Landscape image generated (90KB)

📤 Publishing to WordPress as publish...
   ✅ Published! ID: 965
   🔗 URL: https://equinoxen.com/hive-vs-clickup-visual-project-manager-creative-teams/
   🔄 WordPress hooks triggered
   🎯 Rank Math focus keyword set: hive vs clickup
   📝 Tracked: Hive vs ClickUp 2026: Which Visual Project Manager Wins for Creative Teams

📱 Posting to social media...
   ⏭️  LinkedIn — already posted today
   📤 Posting to X...
   ✅ X posted successfully
   📤 Posting to Dev.to...
   ✍️  Generating Dev.to summary...
   ✅ Dev.to summary generated (1413 chars)
   ✅ Dev.to posted successfully
   🔗 Dev.to URL: https://dev.to/jdhaack1/hive-vs-clickup-2026-which-visual-project-manager-wins-for-creative-teams-1313
   📱 Social posting complete
   ✅ IndexNow submitted: https://equinoxen.com/hive-vs-clickup-visual-project-manager-creative-teams/
   ✅ Google Indexing API submitted: https://equinoxen.com/hive-vs-clickup-visual-project-manager-creative-teams/

============================================================
  PIPELINE COMPLETE
============================================================

✅ Published 1 of 1 target articles:

  📄 Hive vs ClickUp 2026: Which Visual Project Manager Wins for Creative Teams
     Keyword: hive vs clickup
     Local: article_hive-vs-clickup-visual-project-manager-creative-teams_20260718_210143.html
     WordPress: https://equinoxen.com/hive-vs-clickup-visual-project-manager-creative-teams/
     Status: published

💡 Next steps:
   1. Review articles in WordPress
   2. Verify affiliate links are working
   🧹 Removed old article: article_hive-vs-clickup-visual-project-manager-creative-teams_20260718_210143.html
   ✅ Cleanup complete
============================================================
  EQUINOXEN MEDIA — CONTENT PIPELINE
  Running at: 2026-07-19 15:00:08
  Target: 1 articles
============================================================
📂 Loading intelligence report: intelligence_report_20260718_170216.json

📋 Found 8 opportunities

============================================================
  ARTICLE 1 of 1 (opportunity 1 of 8)
============================================================
⏭️  Skipping — comparison already covered: todoist

============================================================
  ARTICLE 1 of 1 (opportunity 2 of 8)
============================================================
⏭️  Skipping — comparison already covered: clickup+hive

============================================================
  ARTICLE 1 of 1 (opportunity 3 of 8)
============================================================

✍️  Generating article: Copper CRM Review 2026: Is This Google Workspace CRM Worth It
   Keyword: copper crm review
   Type: review
   ✅ Article generated (10175 characters)
   🔍 Generating SEO metadata...
   💾 Saved locally: article_copper-crm-review_20260719_150106.html
   🎨 Generating AI featured images...
   🎨 Generating landscape AI image for: Copper CRM Review 2026: Is This Google Workspace CRM Worth It
   ✅ Landscape image generated (96KB)

📤 Publishing to WordPress as publish...
   ✅ Published! ID: 968
   🔗 URL: https://equinoxen.com/copper-crm-review/
   🔄 WordPress hooks triggered
   🎯 Rank Math focus keyword set: copper crm review
   📝 Tracked: Copper CRM Review 2026: Is This Google Workspace CRM Worth It

📱 Posting to social media...
   ⏭️  LinkedIn — outside posting window (10am-12pm Pacific)
   📤 Posting to X...
   ✅ X posted successfully
   📤 Posting to Dev.to...
   ✍️  Generating Dev.to summary...
   ✅ Dev.to summary generated (1382 chars)
   ✅ Dev.to posted successfully
   🔗 Dev.to URL: https://dev.to/jdhaack1/copper-crm-review-2026-is-this-google-workspace-crm-worth-it-1a3g
   📱 Social posting complete
   ✅ IndexNow submitted: https://equinoxen.com/copper-crm-review/
   ✅ Google Indexing API submitted: https://equinoxen.com/copper-crm-review/

============================================================
  PIPELINE COMPLETE
============================================================

✅ Published 1 of 1 target articles:

  📄 Copper CRM Review 2026: Is This Google Workspace CRM Worth It
     Keyword: copper crm review
     Local: article_copper-crm-review_20260719_150106.html
     WordPress: https://equinoxen.com/copper-crm-review/
     Status: published

💡 Next steps:
   1. Review articles in WordPress
   2. Verify affiliate links are working
   🧹 Removed old article: article_copper-crm-review_20260719_150106.html
   ✅ Cleanup complete
============================================================
  EQUINOXEN MEDIA — CONTENT PIPELINE
  Running at: 2026-07-19 18:00:09
  Target: 1 articles
============================================================
📂 Loading intelligence report: intelligence_report_20260719_170233.json

📋 Found 8 opportunities

============================================================
  ARTICLE 1 of 1 (opportunity 1 of 8)
============================================================
⏭️  Skipping — already published (slug match):
   5 Best Business Process Automation Software for 2026

============================================================
  ARTICLE 1 of 1 (opportunity 2 of 8)
============================================================

✍️  Generating article: Integrately vs Make: Which Automation Tool is Better in 2026
   Keyword: integrately vs make
   Type: comparison
   ✅ Article generated (18327 characters)
   🔍 Generating SEO metadata...
   💾 Saved locally: article_integrately-vs-make-automation-tool-comparison_20260719_180147.html
   🎨 Generating AI featured images...
   🎨 Generating landscape AI image for: Integrately vs Make: Which Automation Tool is Better in 2026
   ✅ Landscape image generated (98KB)

📤 Publishing to WordPress as publish...
   ✅ Published! ID: 971
   🔗 URL: https://equinoxen.com/integrately-vs-make-automation-tool-comparison/
   🔄 WordPress hooks triggered
   🎯 Rank Math focus keyword set: integrately vs make
   📝 Tracked: Integrately vs Make: Which Automation Tool is Better in 2026

📱 Posting to social media...
   📤 Posting to LinkedIn...
   🖼️  Uploading image to LinkedIn...
   ⚠️  Image registration failed: 401
   ❌ LinkedIn failed: 401 — {"status":401,"serviceErrorCode":65602,"code":"EXPIRED_ACCESS_TOKEN","message":"The token used in the request has expired"}
   📤 Posting to X...
   ✅ X posted successfully
   📤 Posting to Dev.to...
   ✍️  Generating Dev.to summary...
   ✅ Dev.to summary generated (1669 chars)
   ✅ Dev.to posted successfully
   🔗 Dev.to URL: https://dev.to/jdhaack1/integrately-vs-make-which-automation-tool-is-better-in-2026-1o4g
   📱 Social posting complete
   ✅ IndexNow submitted: https://equinoxen.com/integrately-vs-make-automation-tool-comparison/
   ✅ Google Indexing API submitted: https://equinoxen.com/integrately-vs-make-automation-tool-comparison/

============================================================
  PIPELINE COMPLETE
============================================================

✅ Published 1 of 1 target articles:

  📄 Integrately vs Make: Which Automation Tool is Better in 2026
     Keyword: integrately vs make
     Local: article_integrately-vs-make-automation-tool-comparison_20260719_180147.html
     WordPress: https://equinoxen.com/integrately-vs-make-automation-tool-comparison/
     Status: published

💡 Next steps:
   1. Review articles in WordPress
   2. Verify affiliate links are working
   🧹 Removed old report: intelligence_report_20260712_170217.json
   🧹 Removed old article: article_integrately-vs-make-automation-tool-comparison_20260719_180147.html
   ✅ Cleanup complete
============================================================
  EQUINOXEN MEDIA — CONTENT PIPELINE
  Running at: 2026-07-19 21:00:10
  Target: 1 articles
============================================================
📂 Loading intelligence report: intelligence_report_20260719_170233.json

📋 Found 8 opportunities

============================================================
  ARTICLE 1 of 1 (opportunity 1 of 8)
============================================================
⏭️  Skipping — already published (slug match):
   5 Best Business Process Automation Software for 2026

============================================================
  ARTICLE 1 of 1 (opportunity 2 of 8)
============================================================
⏭️  Skipping — comparison already covered: integrately+make

============================================================
  ARTICLE 1 of 1 (opportunity 3 of 8)
============================================================

✍️  Generating article: MailerLite vs ActiveCampaign: Best Email Marketing Tool 2026
   Keyword: mailerlite vs activecampaign
   Type: comparison
   ✅ Article generated (17946 characters)
   🔍 Generating SEO metadata...
   💾 Saved locally: article_mailerlite-vs-activecampaign_20260719_210139.html
   🎨 Generating AI featured images...
   🎨 Generating landscape AI image for: MailerLite vs ActiveCampaign: Best Email Marketing Tool 2026
   ✅ Landscape image generated (78KB)

📤 Publishing to WordPress as publish...
   ✅ Published! ID: 974
   🔗 URL: https://equinoxen.com/mailerlite-vs-activecampaign/
   🔄 WordPress hooks triggered
   🎯 Rank Math focus keyword set: mailerlite vs activecampaign
   📝 Tracked: MailerLite vs ActiveCampaign: Best Email Marketing Tool 2026

📱 Posting to social media...
   ⏭️  LinkedIn — already posted today
   📤 Posting to X...
   ✅ X posted successfully
   📤 Posting to Dev.to...
   ✍️  Generating Dev.to summary...
   ✅ Dev.to summary generated (1485 chars)
   ✅ Dev.to posted successfully
   🔗 Dev.to URL: https://dev.to/jdhaack1/mailerlite-vs-activecampaign-best-email-marketing-tool-2026-2b8b
   📱 Social posting complete
   ✅ IndexNow submitted: https://equinoxen.com/mailerlite-vs-activecampaign/
   ✅ Google Indexing API submitted: https://equinoxen.com/mailerlite-vs-activecampaign/

============================================================
  PIPELINE COMPLETE
============================================================

✅ Published 1 of 1 target articles:

  📄 MailerLite vs ActiveCampaign: Best Email Marketing Tool 2026
     Keyword: mailerlite vs activecampaign
     Local: article_mailerlite-vs-activecampaign_20260719_210139.html
     WordPress: https://equinoxen.com/mailerlite-vs-activecampaign/
     Status: published

💡 Next steps:
   1. Review articles in WordPress
   2. Verify affiliate links are working
   🧹 Removed old article: article_mailerlite-vs-activecampaign_20260719_210139.html
   ✅ Cleanup complete
============================================================
  EQUINOXEN MEDIA — CONTENT PIPELINE
  Running at: 2026-07-20 15:00:09
  Target: 1 articles
============================================================
📂 Loading intelligence report: intelligence_report_20260719_170233.json

📋 Found 8 opportunities

============================================================
  ARTICLE 1 of 1 (opportunity 1 of 8)
============================================================
⏭️  Skipping — already published (slug match):
   5 Best Business Process Automation Software for 2026

============================================================
  ARTICLE 1 of 1 (opportunity 2 of 8)
============================================================
⏭️  Skipping — comparison already covered: integrately+make

============================================================
  ARTICLE 1 of 1 (opportunity 3 of 8)
============================================================
⏭️  Skipping — comparison already covered: activecampaign+mailerlite

============================================================
  ARTICLE 1 of 1 (opportunity 4 of 8)
============================================================

✍️  Generating article: Patriot Accounting Software Review 2026: Is It Worth It
   Keyword: patriot accounting software review
   Type: review
   ✅ Article generated (9759 characters)
   🔍 Generating SEO metadata...
   💾 Saved locally: article_patriot-accounting-software-review_20260720_150102.html
   🎨 Generating AI featured images...
   🎨 Generating landscape AI image for: Patriot Accounting Software Review 2026: Is It Worth It
   ✅ Landscape image generated (88KB)

📤 Publishing to WordPress as publish...
   ✅ Published! ID: 977
   🔗 URL: https://equinoxen.com/patriot-accounting-software-review/
   🔄 WordPress hooks triggered
   🎯 Rank Math focus keyword set: patriot accounting software review
   📝 Tracked: Patriot Accounting Software Review 2026: Is It Worth It

📱 Posting to social media...
   ⏭️  LinkedIn — outside posting window (10am-12pm Pacific)
   📤 Posting to X...
   ✅ X posted successfully
   📤 Posting to Dev.to...
   ✍️  Generating Dev.to summary...
   ✅ Dev.to summary generated (1559 chars)
   ✅ Dev.to posted successfully
   🔗 Dev.to URL: https://dev.to/jdhaack1/patriot-accounting-software-review-2026-is-it-worth-it-42fp
   📱 Social posting complete
   ✅ IndexNow submitted: https://equinoxen.com/patriot-accounting-software-review/
   ✅ Google Indexing API submitted: https://equinoxen.com/patriot-accounting-software-review/

============================================================
  PIPELINE COMPLETE
============================================================

✅ Published 1 of 1 target articles:

  📄 Patriot Accounting Software Review 2026: Is It Worth It
     Keyword: patriot accounting software review
     Local: article_patriot-accounting-software-review_20260720_150102.html
     WordPress: https://equinoxen.com/patriot-accounting-software-review/
     Status: published

💡 Next steps:
   1. Review articles in WordPress
   2. Verify affiliate links are working
   🧹 Removed old article: article_patriot-accounting-software-review_20260720_150102.html
   ✅ Cleanup complete
============================================================
  EQUINOXEN MEDIA — CONTENT PIPELINE
  Running at: 2026-07-20 18:00:10
  Target: 1 articles
============================================================
📂 Loading intelligence report: intelligence_report_20260720_170220.json

📋 Found 10 opportunities

============================================================
  ARTICLE 1 of 1 (opportunity 1 of 10)
============================================================
⏭️  Skipping — already published (slug match):
   Best CRM Software for Nonprofits in 2026: Top 5 Platforms Compared

============================================================
  ARTICLE 1 of 1 (opportunity 2 of 10)
============================================================

✍️  Generating article: Mailchimp vs Klaviyo for Ecommerce in 2026: Which Email Platform Wins
   Keyword: mailchimp vs klaviyo
   Type: comparison
   ✅ Article generated (17437 characters)
   🔍 Generating SEO metadata...
   💾 Saved locally: article_mailchimp-vs-klaviyo-ecommerce_20260720_180142.html
   🎨 Generating AI featured images...
   🎨 Generating landscape AI image for: Mailchimp vs Klaviyo for Ecommerce in 2026: Which Email Platform Wins
   ✅ Landscape image generated (116KB)

📤 Publishing to WordPress as publish...
   ✅ Published! ID: 980
   🔗 URL: https://equinoxen.com/mailchimp-vs-klaviyo-ecommerce/
   🔄 WordPress hooks triggered
   🎯 Rank Math focus keyword set: mailchimp vs klaviyo
   📝 Tracked: Mailchimp vs Klaviyo for Ecommerce in 2026: Which Email Platform Wins

📱 Posting to social media...
   📤 Posting to LinkedIn...
   🖼️  Uploading image to LinkedIn...
   ⚠️  Image registration failed: 401
   ❌ LinkedIn failed: 401 — {"status":401,"serviceErrorCode":65602,"code":"EXPIRED_ACCESS_TOKEN","message":"The token used in the request has expired"}
   📤 Posting to X...
   ✅ X posted successfully
   📤 Posting to Dev.to...
   ✍️  Generating Dev.to summary...
   ✅ Dev.to summary generated (1539 chars)
   ✅ Dev.to posted successfully
   🔗 Dev.to URL: https://dev.to/jdhaack1/mailchimp-vs-klaviyo-for-ecommerce-in-2026-which-email-platform-wins-k9c
   📱 Social posting complete
   ✅ IndexNow submitted: https://equinoxen.com/mailchimp-vs-klaviyo-ecommerce/
   ✅ Google Indexing API submitted: https://equinoxen.com/mailchimp-vs-klaviyo-ecommerce/

============================================================
  PIPELINE COMPLETE
============================================================

✅ Published 1 of 1 target articles:

  📄 Mailchimp vs Klaviyo for Ecommerce in 2026: Which Email Platform Wins
     Keyword: mailchimp vs klaviyo
     Local: article_mailchimp-vs-klaviyo-ecommerce_20260720_180142.html
     WordPress: https://equinoxen.com/mailchimp-vs-klaviyo-ecommerce/
     Status: published

💡 Next steps:
   1. Review articles in WordPress
   2. Verify affiliate links are working
   🧹 Removed old report: intelligence_report_20260713_170235.json
   🧹 Removed old article: article_mailchimp-vs-klaviyo-ecommerce_20260720_180142.html
   ✅ Cleanup complete
============================================================
  EQUINOXEN MEDIA — CONTENT PIPELINE
  Running at: 2026-07-20 21:00:11
  Target: 1 articles
============================================================
📂 Loading intelligence report: intelligence_report_20260720_170220.json

📋 Found 10 opportunities

============================================================
  ARTICLE 1 of 1 (opportunity 1 of 10)
============================================================
⏭️  Skipping — already published (slug match):
   Best CRM Software for Nonprofits in 2026: Top 5 Platforms Compared

============================================================
  ARTICLE 1 of 1 (opportunity 2 of 10)
============================================================
⏭️  Skipping — comparison already covered: mailchimp  klaviyo

============================================================
  ARTICLE 1 of 1 (opportunity 3 of 10)
============================================================

✍️  Generating article: SE Ranking vs Ahrefs 2026: Complete SEO Tool Comparison
   Keyword: se ranking vs ahrefs
   Type: comparison
   ✅ Article generated (16850 characters)
   🔍 Generating SEO metadata...
   💾 Saved locally: article_se-ranking-vs-ahrefs-comparison_20260720_210145.html
   🎨 Generating AI featured images...
   🎨 Generating landscape AI image for: SE Ranking vs Ahrefs 2026: Complete SEO Tool Comparison
   ✅ Landscape image generated (98KB)

📤 Publishing to WordPress as publish...
   ✅ Published! ID: 983
   🔗 URL: https://equinoxen.com/se-ranking-vs-ahrefs-comparison/
   🔄 WordPress hooks triggered
   🎯 Rank Math focus keyword set: se ranking vs ahrefs
   📝 Tracked: SE Ranking vs Ahrefs 2026: Complete SEO Tool Comparison

📱 Posting to social media...
   ⏭️  LinkedIn — already posted today
   📤 Posting to X...
   ✅ X posted successfully
   📤 Posting to Dev.to...
   ✍️  Generating Dev.to summary...
   ✅ Dev.to summary generated (1421 chars)
   ✅ Dev.to posted successfully
   🔗 Dev.to URL: https://dev.to/jdhaack1/se-ranking-vs-ahrefs-2026-complete-seo-tool-comparison-23j8
   📱 Social posting complete
   ✅ IndexNow submitted: https://equinoxen.com/se-ranking-vs-ahrefs-comparison/
   ✅ Google Indexing API submitted: https://equinoxen.com/se-ranking-vs-ahrefs-comparison/

============================================================
  PIPELINE COMPLETE
============================================================

✅ Published 1 of 1 target articles:

  📄 SE Ranking vs Ahrefs 2026: Complete SEO Tool Comparison
     Keyword: se ranking vs ahrefs
     Local: article_se-ranking-vs-ahrefs-comparison_20260720_210145.html
     WordPress: https://equinoxen.com/se-ranking-vs-ahrefs-comparison/
     Status: published

💡 Next steps:
   1. Review articles in WordPress
   2. Verify affiliate links are working
   🧹 Removed old article: article_se-ranking-vs-ahrefs-comparison_20260720_210145.html
   ✅ Cleanup complete
============================================================
  EQUINOXEN MEDIA — CONTENT PIPELINE
  Running at: 2026-07-21 15:00:09
  Target: 1 articles
============================================================
📂 Loading intelligence report: intelligence_report_20260720_170220.json

📋 Found 10 opportunities

============================================================
  ARTICLE 1 of 1 (opportunity 1 of 10)
============================================================
⏭️  Skipping — already published (slug match):
   Best CRM Software for Nonprofits in 2026: Top 5 Platforms Compared

============================================================
  ARTICLE 1 of 1 (opportunity 2 of 10)
============================================================
⏭️  Skipping — comparison already covered: mailchimp  klaviyo

============================================================
  ARTICLE 1 of 1 (opportunity 3 of 10)
============================================================
⏭️  Skipping — comparison already covered: ahrefs+se ranking

============================================================
  ARTICLE 1 of 1 (opportunity 4 of 10)
============================================================

✍️  Generating article: Wrike Review 2026: Project Management Features, Pricing and Alternatives
   Keyword: wrike review
   Type: review
   ✅ Article generated (13244 characters)
   🔍 Generating SEO metadata...
   💾 Saved locally: article_wrike-review-project-management-features-pricing-alternatives_20260721_150121.html
   🎨 Generating AI featured images...
   🎨 Generating landscape AI image for: Wrike Review 2026: Project Management Features, Pricing and Alternatives
   ✅ Landscape image generated (64KB)

📤 Publishing to WordPress as publish...
   ✅ Published! ID: 986
   🔗 URL: https://equinoxen.com/wrike-review-project-management-features-pricing-alternatives/
   🔄 WordPress hooks triggered
   🎯 Rank Math focus keyword set: wrike review
   📝 Tracked: Wrike Review 2026: Project Management Features, Pricing and Alternatives

📱 Posting to social media...
   ⏭️  LinkedIn — outside posting window (10am-12pm Pacific)
   📤 Posting to X...
   ✅ X posted successfully
   📤 Posting to Dev.to...
   ✍️  Generating Dev.to summary...
   ✅ Dev.to summary generated (1659 chars)
   ✅ Dev.to posted successfully
   🔗 Dev.to URL: https://dev.to/jdhaack1/wrike-review-2026-project-management-features-pricing-and-alternatives-49hg
   📱 Social posting complete
   ✅ IndexNow submitted: https://equinoxen.com/wrike-review-project-management-features-pricing-alternatives/
   ✅ Google Indexing API submitted: https://equinoxen.com/wrike-review-project-management-features-pricing-alternatives/

============================================================
  PIPELINE COMPLETE
============================================================

✅ Published 1 of 1 target articles:

  📄 Wrike Review 2026: Project Management Features, Pricing and Alternatives
     Keyword: wrike review
     Local: article_wrike-review-project-management-features-pricing-alternatives_20260721_150121.html
     WordPress: https://equinoxen.com/wrike-review-project-management-features-pricing-alternatives/
     Status: published

💡 Next steps:
   1. Review articles in WordPress
   2. Verify affiliate links are working
   🧹 Removed old article: article_wrike-review-project-management-features-pricing-alternatives_20260721_150121.html
   ✅ Cleanup complete
============================================================
  EQUINOXEN MEDIA — CONTENT PIPELINE
  Running at: 2026-07-21 18:00:08
  Target: 1 articles
============================================================
📂 Loading intelligence report: intelligence_report_20260721_170204.json

📋 Found 7 opportunities

============================================================
  ARTICLE 1 of 1 (opportunity 1 of 7)
============================================================
⏭️  Skipping — already published (title match):
   Best Project Management Software for Small Teams in 2026

============================================================
  ARTICLE 1 of 1 (opportunity 2 of 7)
============================================================
⏭️  Skipping — already published (keyword match):
   Notion vs Asana: Which Project Management Tool Is Right for You in 2026

============================================================
  ARTICLE 1 of 1 (opportunity 3 of 7)
============================================================

✍️  Generating article: Smartsheet Review 2026: Features, Pricing and Performance Tested
   Keyword: smartsheet review
   Type: review
   ✅ Article generated (9908 characters)
   🔍 Generating SEO metadata...
   💾 Saved locally: article_smartsheet-review_20260721_180104.html
   🎨 Generating AI featured images...
   🎨 Generating landscape AI image for: Smartsheet Review 2026: Features, Pricing and Performance Tested
   ✅ Landscape image generated (59KB)

📤 Publishing to WordPress as publish...
   ✅ Published! ID: 989
   🔗 URL: https://equinoxen.com/smartsheet-review/
   🔄 WordPress hooks triggered
   🎯 Rank Math focus keyword set: smartsheet review
   📝 Tracked: Smartsheet Review 2026: Features, Pricing and Performance Tested

📱 Posting to social media...
   📤 Posting to LinkedIn...
   🖼️  Uploading image to LinkedIn...
   ⚠️  Image registration failed: 401
   ❌ LinkedIn failed: 401 — {"status":401,"serviceErrorCode":65602,"code":"EXPIRED_ACCESS_TOKEN","message":"The token used in the request has expired"}
   📤 Posting to X...
   ✅ X posted successfully
   📤 Posting to Dev.to...
   ✍️  Generating Dev.to summary...
   ✅ Dev.to summary generated (1597 chars)
   ✅ Dev.to posted successfully
   🔗 Dev.to URL: https://dev.to/jdhaack1/smartsheet-review-2026-features-pricing-and-performance-tested-4b02
   📱 Social posting complete
   ✅ IndexNow submitted: https://equinoxen.com/smartsheet-review/
   ✅ Google Indexing API submitted: https://equinoxen.com/smartsheet-review/

============================================================
  PIPELINE COMPLETE
============================================================

✅ Published 1 of 1 target articles:

  📄 Smartsheet Review 2026: Features, Pricing and Performance Tested
     Keyword: smartsheet review
     Local: article_smartsheet-review_20260721_180104.html
     WordPress: https://equinoxen.com/smartsheet-review/
     Status: published

💡 Next steps:
   1. Review articles in WordPress
   2. Verify affiliate links are working
   🧹 Removed old report: intelligence_report_20260714_170320.json
   🧹 Removed old article: article_smartsheet-review_20260721_180104.html
   ✅ Cleanup complete
============================================================
  EQUINOXEN MEDIA — CONTENT PIPELINE
  Running at: 2026-07-21 21:00:11
  Target: 1 articles
============================================================
📂 Loading intelligence report: intelligence_report_20260721_170204.json

📋 Found 7 opportunities

============================================================
  ARTICLE 1 of 1 (opportunity 1 of 7)
============================================================
⏭️  Skipping — already published (title match):
   Best Project Management Software for Small Teams in 2026

============================================================
  ARTICLE 1 of 1 (opportunity 2 of 7)
============================================================
⏭️  Skipping — already published (keyword match):
   Notion vs Asana: Which Project Management Tool Is Right for You in 2026

============================================================
  ARTICLE 1 of 1 (opportunity 3 of 7)
============================================================
⏭️  Skipping — comparison already covered: smartsheet

============================================================
  ARTICLE 1 of 1 (opportunity 4 of 7)
============================================================
⏭️  Skipping — already published (keyword match):
   Klaviyo vs ActiveCampaign: Email Marketing Showdown 2026

============================================================
  ARTICLE 1 of 1 (opportunity 5 of 7)
============================================================

✍️  Generating article: Pabbly Connect vs Integrately: Which Automation Tool Wins in 2026
   Keyword: pabbly connect vs integrately
   Type: comparison
   ✅ Article generated (17460 characters)
   🔍 Generating SEO metadata...
   💾 Saved locally: article_pabbly-connect-vs-integrately_20260721_210139.html
   🎨 Generating AI featured images...
   🎨 Generating landscape AI image for: Pabbly Connect vs Integrately: Which Automation Tool Wins in 2026
   ✅ Landscape image generated (97KB)

📤 Publishing to WordPress as publish...
   ✅ Published! ID: 992
   🔗 URL: https://equinoxen.com/pabbly-connect-vs-integrately/
   🔄 WordPress hooks triggered
   🎯 Rank Math focus keyword set: pabbly connect vs integrately
   📝 Tracked: Pabbly Connect vs Integrately: Which Automation Tool Wins in 2026

📱 Posting to social media...
   ⏭️  LinkedIn — already posted today
   📤 Posting to X...
   ✅ X posted successfully
   📤 Posting to Dev.to...
   ✍️  Generating Dev.to summary...
   ✅ Dev.to summary generated (1558 chars)
   ✅ Dev.to posted successfully
   🔗 Dev.to URL: https://dev.to/jdhaack1/pabbly-connect-vs-integrately-which-automation-tool-wins-in-2026-55n1
   📱 Social posting complete
   ✅ IndexNow submitted: https://equinoxen.com/pabbly-connect-vs-integrately/
   ✅ Google Indexing API submitted: https://equinoxen.com/pabbly-connect-vs-integrately/

============================================================
  PIPELINE COMPLETE
============================================================

✅ Published 1 of 1 target articles:

  📄 Pabbly Connect vs Integrately: Which Automation Tool Wins in 2026
     Keyword: pabbly connect vs integrately
     Local: article_pabbly-connect-vs-integrately_20260721_210139.html
     WordPress: https://equinoxen.com/pabbly-connect-vs-integrately/
     Status: published

💡 Next steps:
   1. Review articles in WordPress
   2. Verify affiliate links are working
   🧹 Removed old article: article_pabbly-connect-vs-integrately_20260721_210139.html
   ✅ Cleanup complete
============================================================
  EQUINOXEN MEDIA — CONTENT PIPELINE
  Running at: 2026-07-22 15:00:08
  Target: 1 articles
============================================================
📂 Loading intelligence report: intelligence_report_20260721_170204.json

📋 Found 7 opportunities

============================================================
  ARTICLE 1 of 1 (opportunity 1 of 7)
============================================================
⏭️  Skipping — already published (title match):
   Best Project Management Software for Small Teams in 2026

============================================================
  ARTICLE 1 of 1 (opportunity 2 of 7)
============================================================
⏭️  Skipping — already published (keyword match):
   Notion vs Asana: Which Project Management Tool Is Right for You in 2026

============================================================
  ARTICLE 1 of 1 (opportunity 3 of 7)
============================================================
⏭️  Skipping — comparison already covered: smartsheet

============================================================
  ARTICLE 1 of 1 (opportunity 4 of 7)
============================================================
⏭️  Skipping — already published (keyword match):
   Klaviyo vs ActiveCampaign: Email Marketing Showdown 2026

============================================================
  ARTICLE 1 of 1 (opportunity 5 of 7)
============================================================
⏭️  Skipping — comparison already covered: integrately+pabbly connect

============================================================
  ARTICLE 1 of 1 (opportunity 6 of 7)
============================================================

✍️  Generating article: Descript Review 2026: Video and Podcast Editing Reinvented
   Keyword: descript review
   Type: review
   ✅ Article generated (11889 characters)
   🔍 Generating SEO metadata...
   💾 Saved locally: article_descript-review-video-podcast-editing_20260722_150121.html
   🎨 Generating AI featured images...
   🎨 Generating landscape AI image for: Descript Review 2026: Video and Podcast Editing Reinvented
   ✅ Landscape image generated (91KB)

📤 Publishing to WordPress as publish...
   ✅ Published! ID: 995
   🔗 URL: https://equinoxen.com/descript-review-video-podcast-editing/
   🔄 WordPress hooks triggered
   🎯 Rank Math focus keyword set: descript review
   📝 Tracked: Descript Review 2026: Video and Podcast Editing Reinvented

📱 Posting to social media...
   ⏭️  LinkedIn — outside posting window (10am-12pm Pacific)
   📤 Posting to X...
   ✅ X posted successfully
   📤 Posting to Dev.to...
   ✍️  Generating Dev.to summary...
   ✅ Dev.to summary generated (1523 chars)
   ✅ Dev.to posted successfully
   🔗 Dev.to URL: https://dev.to/jdhaack1/descript-review-2026-video-and-podcast-editing-reinvented-30mi
   📱 Social posting complete
   ✅ IndexNow submitted: https://equinoxen.com/descript-review-video-podcast-editing/
   ✅ Google Indexing API submitted: https://equinoxen.com/descript-review-video-podcast-editing/

============================================================
  PIPELINE COMPLETE
============================================================

✅ Published 1 of 1 target articles:

  📄 Descript Review 2026: Video and Podcast Editing Reinvented
     Keyword: descript review
     Local: article_descript-review-video-podcast-editing_20260722_150121.html
     WordPress: https://equinoxen.com/descript-review-video-podcast-editing/
     Status: published

💡 Next steps:
   1. Review articles in WordPress
   2. Verify affiliate links are working
   🧹 Removed old article: article_descript-review-video-podcast-editing_20260722_150121.html
   ✅ Cleanup complete
============================================================
  EQUINOXEN MEDIA — CONTENT PIPELINE
  Running at: 2026-07-22 18:00:11
  Target: 1 articles
============================================================
📂 Loading intelligence report: intelligence_report_20260722_170223.json

📋 Found 8 opportunities

============================================================
  ARTICLE 1 of 1 (opportunity 1 of 8)
============================================================

✍️  Generating article: 5 Best Business Automation Software for Small Business in 2026
   Keyword: best business automation software for small business
   Type: buying_guide
   ✅ Article generated (20649 characters)
   🔍 Generating SEO metadata...
   💾 Saved locally: article_best-business-automation-software-for-small-business_20260722_180153.html
   🎨 Generating AI featured images...
   🎨 Generating landscape AI image for: 5 Best Business Automation Software for Small Business in 2026
   ✅ Landscape image generated (80KB)

📤 Publishing to WordPress as publish...
   ✅ Published! ID: 998
   🔗 URL: https://equinoxen.com/best-business-automation-software-for-small-business/
   🔄 WordPress hooks triggered
   🎯 Rank Math focus keyword set: best business automation software for small business
   📝 Tracked: 5 Best Business Automation Software for Small Business in 2026

📱 Posting to social media...
   📤 Posting to LinkedIn...
   🖼️  Uploading image to LinkedIn...
   ⚠️  Image registration failed: 401
   ❌ LinkedIn failed: 401 — {"status":401,"serviceErrorCode":65602,"code":"EXPIRED_ACCESS_TOKEN","message":"The token used in the request has expired"}
   📤 Posting to X...
   ✅ X posted successfully
   📤 Posting to Dev.to...
   ✍️  Generating Dev.to summary...
   ✅ Dev.to summary generated (1257 chars)
   ✅ Dev.to posted successfully
   🔗 Dev.to URL: https://dev.to/jdhaack1/5-best-business-automation-software-for-small-business-in-2026-217
   📱 Social posting complete
   ✅ IndexNow submitted: https://equinoxen.com/best-business-automation-software-for-small-business/
   ✅ Google Indexing API submitted: https://equinoxen.com/best-business-automation-software-for-small-business/

============================================================
  PIPELINE COMPLETE
============================================================

✅ Published 1 of 1 target articles:

  📄 5 Best Business Automation Software for Small Business in 2026
     Keyword: best business automation software for small business
     Local: article_best-business-automation-software-for-small-business_20260722_180153.html
     WordPress: https://equinoxen.com/best-business-automation-software-for-small-business/
     Status: published

💡 Next steps:
   1. Review articles in WordPress
   2. Verify affiliate links are working
   🧹 Removed old report: intelligence_report_20260715_170230.json
   🧹 Removed old article: article_best-business-automation-software-for-small-business_20260722_180153.html
   ✅ Cleanup complete
============================================================
  EQUINOXEN MEDIA — CONTENT PIPELINE
  Running at: 2026-07-22 21:00:11
  Target: 1 articles
============================================================
📂 Loading intelligence report: intelligence_report_20260722_170223.json

📋 Found 8 opportunities

============================================================
  ARTICLE 1 of 1 (opportunity 1 of 8)
============================================================
⏭️  Skipping — comparison already covered: make+zapier

============================================================
  ARTICLE 1 of 1 (opportunity 2 of 8)
============================================================

✍️  Generating article: Sage Accounting Software Review 2026: Features, Pricing and Alternatives
   Keyword: sage accounting software review
   Type: review
   ✅ Article generated (11095 characters)
   🔍 Generating SEO metadata...
   💾 Saved locally: article_sage-accounting-software-review_20260722_210116.html
   🎨 Generating AI featured images...
   🎨 Generating landscape AI image for: Sage Accounting Software Review 2026: Features, Pricing and Alternatives
   ✅ Landscape image generated (75KB)

📤 Publishing to WordPress as publish...
   ✅ Published! ID: 1001
   🔗 URL: https://equinoxen.com/sage-accounting-software-review/
   🔄 WordPress hooks triggered
   🎯 Rank Math focus keyword set: sage accounting software review
   📝 Tracked: Sage Accounting Software Review 2026: Features, Pricing and Alternatives

📱 Posting to social media...
   ⏭️  LinkedIn — already posted today
   📤 Posting to X...
   ✅ X posted successfully
   📤 Posting to Dev.to...
   ✍️  Generating Dev.to summary...
   ✅ Dev.to summary generated (1468 chars)
   ✅ Dev.to posted successfully
   🔗 Dev.to URL: https://dev.to/jdhaack1/sage-accounting-software-review-2026-features-pricing-and-alternatives-2o6h
   📱 Social posting complete
   ✅ IndexNow submitted: https://equinoxen.com/sage-accounting-software-review/
   ✅ Google Indexing API submitted: https://equinoxen.com/sage-accounting-software-review/

============================================================
  PIPELINE COMPLETE
============================================================

✅ Published 1 of 1 target articles:

  📄 Sage Accounting Software Review 2026: Features, Pricing and Alternatives
     Keyword: sage accounting software review
     Local: article_sage-accounting-software-review_20260722_210116.html
     WordPress: https://equinoxen.com/sage-accounting-software-review/
     Status: published

💡 Next steps:
   1. Review articles in WordPress
   2. Verify affiliate links are working
   🧹 Removed old article: article_sage-accounting-software-review_20260722_210116.html
   ✅ Cleanup complete
============================================================
  EQUINOXEN MEDIA — CONTENT PIPELINE
  Running at: 2026-07-23 15:00:12
  Target: 1 articles
============================================================
📂 Loading intelligence report: intelligence_report_20260722_170223.json

📋 Found 8 opportunities

============================================================
  ARTICLE 1 of 1 (opportunity 1 of 8)
============================================================
⏭️  Skipping — comparison already covered: make+zapier

============================================================
  ARTICLE 1 of 1 (opportunity 2 of 8)
============================================================
⏭️  Skipping — comparison already covered: quickbooks+sage

============================================================
  ARTICLE 1 of 1 (opportunity 3 of 8)
============================================================

✍️  Generating article: ActiveCampaign vs Klaviyo 2026: Which Email Platform Wins for Ecommerce
   Keyword: activecampaign vs klaviyo
   Type: comparison
   ✅ Article generated (17625 characters)
   🔍 Generating SEO metadata...
   💾 Saved locally: article_activecampaign-vs-klaviyo-ecommerce-email-platform_20260723_150149.html
   🎨 Generating AI featured images...
   🎨 Generating landscape AI image for: ActiveCampaign vs Klaviyo 2026: Which Email Platform Wins for Ecommerce
   ✅ Landscape image generated (132KB)

📤 Publishing to WordPress as publish...
   ✅ Published! ID: 1004
   🔗 URL: https://equinoxen.com/activecampaign-vs-klaviyo-ecommerce-email-platform/
   🔄 WordPress hooks triggered
   🎯 Rank Math focus keyword set: activecampaign vs klaviyo
   📝 Tracked: ActiveCampaign vs Klaviyo 2026: Which Email Platform Wins for Ecommerce

📱 Posting to social media...
   ⏭️  LinkedIn — outside posting window (10am-12pm Pacific)
   📤 Posting to X...
   ✅ X posted successfully
   📤 Posting to Dev.to...
   ✍️  Generating Dev.to summary...
   ✅ Dev.to summary generated (1548 chars)
   ✅ Dev.to posted successfully
   🔗 Dev.to URL: https://dev.to/jdhaack1/activecampaign-vs-klaviyo-2026-which-email-platform-wins-for-ecommerce-2aah
   📱 Social posting complete
   ✅ IndexNow submitted: https://equinoxen.com/activecampaign-vs-klaviyo-ecommerce-email-platform/
   ✅ Google Indexing API submitted: https://equinoxen.com/activecampaign-vs-klaviyo-ecommerce-email-platform/

============================================================
  PIPELINE COMPLETE
============================================================

✅ Published 1 of 1 target articles:

  📄 ActiveCampaign vs Klaviyo 2026: Which Email Platform Wins for Ecommerce
     Keyword: activecampaign vs klaviyo
     Local: article_activecampaign-vs-klaviyo-ecommerce-email-platform_20260723_150149.html
     WordPress: https://equinoxen.com/activecampaign-vs-klaviyo-ecommerce-email-platform/
     Status: published

💡 Next steps:
   1. Review articles in WordPress
   2. Verify affiliate links are working
   🧹 Removed old article: article_activecampaign-vs-klaviyo-ecommerce-email-platform_20260723_150149.html
   ✅ Cleanup complete
============================================================
  EQUINOXEN MEDIA — CONTENT PIPELINE
  Running at: 2026-07-23 18:00:11
  Target: 1 articles
============================================================
📂 Loading intelligence report: intelligence_report_20260723_170228.json

📋 Found 9 opportunities

============================================================
  ARTICLE 1 of 1 (opportunity 1 of 9)
============================================================

✍️  Generating article: Motion vs Reclaim AI: Best AI Calendar Tool in 2026
   Keyword: motion vs reclaim ai
   Type: comparison
   ✅ Article generated (16960 characters)
   🔍 Generating SEO metadata...
   💾 Saved locally: article_motion-vs-reclaim-ai-best-calendar-tool_20260723_180142.html
   🎨 Generating AI featured images...
   🎨 Generating landscape AI image for: Motion vs Reclaim AI: Best AI Calendar Tool in 2026
   ✅ Landscape image generated (98KB)

📤 Publishing to WordPress as publish...
   ✅ Published! ID: 1007
   🔗 URL: https://equinoxen.com/motion-vs-reclaim-ai-best-calendar-tool/
   🔄 WordPress hooks triggered
   🎯 Rank Math focus keyword set: motion vs reclaim ai
   📝 Tracked: Motion vs Reclaim AI: Best AI Calendar Tool in 2026

📱 Posting to social media...
   📤 Posting to LinkedIn...
   🖼️  Uploading image to LinkedIn...
   ⚠️  Image registration failed: 401
   ❌ LinkedIn failed: 401 — {"status":401,"serviceErrorCode":65602,"code":"EXPIRED_ACCESS_TOKEN","message":"The token used in the request has expired"}
   📤 Posting to X...
   ✅ X posted successfully
   📤 Posting to Dev.to...
   ✍️  Generating Dev.to summary...
   ✅ Dev.to summary generated (1325 chars)
   ✅ Dev.to posted successfully
   🔗 Dev.to URL: https://dev.to/jdhaack1/motion-vs-reclaim-ai-best-ai-calendar-tool-in-2026-597p
   📱 Social posting complete
   ✅ IndexNow submitted: https://equinoxen.com/motion-vs-reclaim-ai-best-calendar-tool/
   ✅ Google Indexing API submitted: https://equinoxen.com/motion-vs-reclaim-ai-best-calendar-tool/

============================================================
  PIPELINE COMPLETE
============================================================

✅ Published 1 of 1 target articles:

  📄 Motion vs Reclaim AI: Best AI Calendar Tool in 2026
     Keyword: motion vs reclaim ai
     Local: article_motion-vs-reclaim-ai-best-calendar-tool_20260723_180142.html
     WordPress: https://equinoxen.com/motion-vs-reclaim-ai-best-calendar-tool/
     Status: published

💡 Next steps:
   1. Review articles in WordPress
   2. Verify affiliate links are working
   🧹 Removed old report: intelligence_report_20260716_170311.json
   🧹 Removed old article: article_motion-vs-reclaim-ai-best-calendar-tool_20260723_180142.html
   ✅ Cleanup complete
============================================================
  EQUINOXEN MEDIA — CONTENT PIPELINE
  Running at: 2026-07-23 21:00:13
  Target: 1 articles
============================================================
📂 Loading intelligence report: intelligence_report_20260723_170228.json

📋 Found 9 opportunities

============================================================
  ARTICLE 1 of 1 (opportunity 1 of 9)
============================================================
⏭️  Skipping — comparison already covered: motion+reclaim

============================================================
  ARTICLE 1 of 1 (opportunity 2 of 9)
============================================================

✍️  Generating article: Beehiiv Review 2026: Is This Email Platform Worth It for Creators
   Keyword: beehiiv review
   Type: review
   ✅ Article generated (12887 characters)
   🔍 Generating SEO metadata...
   💾 Saved locally: article_beehiiv-review-email-platform-creators_20260723_210122.html
   🎨 Generating AI featured images...
   🎨 Generating landscape AI image for: Beehiiv Review 2026: Is This Email Platform Worth It for Creators
   ✅ Landscape image generated (90KB)

📤 Publishing to WordPress as publish...
   ✅ Published! ID: 1010
   🔗 URL: https://equinoxen.com/beehiiv-review-email-platform-creators/
   🔄 WordPress hooks triggered
   🎯 Rank Math focus keyword set: beehiiv review
   📝 Tracked: Beehiiv Review 2026: Is This Email Platform Worth It for Creators

📱 Posting to social media...
   ⏭️  LinkedIn — already posted today
   📤 Posting to X...
   ✅ X posted successfully
   📤 Posting to Dev.to...
   ✍️  Generating Dev.to summary...
   ✅ Dev.to summary generated (1472 chars)
   ✅ Dev.to posted successfully
   🔗 Dev.to URL: https://dev.to/jdhaack1/beehiiv-review-2026-is-this-email-platform-worth-it-for-creators-3dfk
   📱 Social posting complete
   ✅ IndexNow submitted: https://equinoxen.com/beehiiv-review-email-platform-creators/
   ✅ Google Indexing API submitted: https://equinoxen.com/beehiiv-review-email-platform-creators/

============================================================
  PIPELINE COMPLETE
============================================================

✅ Published 1 of 1 target articles:

  📄 Beehiiv Review 2026: Is This Email Platform Worth It for Creators
     Keyword: beehiiv review
     Local: article_beehiiv-review-email-platform-creators_20260723_210122.html
     WordPress: https://equinoxen.com/beehiiv-review-email-platform-creators/
     Status: published

💡 Next steps:
   1. Review articles in WordPress
   2. Verify affiliate links are working
   🧹 Removed old article: article_beehiiv-review-email-platform-creators_20260723_210122.html
   ✅ Cleanup complete
============================================================
  EQUINOXEN MEDIA — CONTENT PIPELINE
  Running at: 2026-07-24 15:00:11
  Target: 1 articles
============================================================
📂 Loading intelligence report: intelligence_report_20260723_170228.json

📋 Found 9 opportunities

============================================================
  ARTICLE 1 of 1 (opportunity 1 of 9)
============================================================
⏭️  Skipping — comparison already covered: motion+reclaim

============================================================
  ARTICLE 1 of 1 (opportunity 2 of 9)
============================================================
⏭️  Skipping — comparison already covered: beehiiv

============================================================
  ARTICLE 1 of 1 (opportunity 3 of 9)
============================================================
⏭️  Skipping — already published (keyword match):
   5 Best Landing Page Builders for Small Business in 2026

============================================================
  ARTICLE 1 of 1 (opportunity 4 of 9)
============================================================

✍️  Generating article: Streak CRM Review 2026: Gmail CRM for Small Teams
   Keyword: streak crm review
   Type: review
   ✅ Article generated (11645 characters)
   🔍 Generating SEO metadata...
   💾 Saved locally: article_streak-crm-review_20260724_150122.html
   🎨 Generating AI featured images...
   🎨 Generating landscape AI image for: Streak CRM Review 2026: Gmail CRM for Small Teams
   ✅ Landscape image generated (83KB)

📤 Publishing to WordPress as publish...
   ✅ Published! ID: 1013
   🔗 URL: https://equinoxen.com/streak-crm-review/
   🔄 WordPress hooks triggered
   🎯 Rank Math focus keyword set: streak crm review
   📝 Tracked: Streak CRM Review 2026: Gmail CRM for Small Teams

📱 Posting to social media...
   ⏭️  LinkedIn — outside posting window (10am-12pm Pacific)
   📤 Posting to X...
   ✅ X posted successfully
   📤 Posting to Dev.to...
   ✍️  Generating Dev.to summary...
   ✅ Dev.to summary generated (1423 chars)
   ✅ Dev.to posted successfully
   🔗 Dev.to URL: https://dev.to/jdhaack1/streak-crm-review-2026-gmail-crm-for-small-teams-4fa7
   📱 Social posting complete
   ✅ IndexNow submitted: https://equinoxen.com/streak-crm-review/
   ✅ Google Indexing API submitted: https://equinoxen.com/streak-crm-review/

============================================================
  PIPELINE COMPLETE
============================================================

✅ Published 1 of 1 target articles:

  📄 Streak CRM Review 2026: Gmail CRM for Small Teams
     Keyword: streak crm review
     Local: article_streak-crm-review_20260724_150122.html
     WordPress: https://equinoxen.com/streak-crm-review/
     Status: published

💡 Next steps:
   1. Review articles in WordPress
   2. Verify affiliate links are working
   🧹 Removed old article: article_streak-crm-review_20260724_150122.html
   ✅ Cleanup complete
============================================================
  EQUINOXEN MEDIA — CONTENT PIPELINE
  Running at: 2026-07-24 18:00:15
  Target: 1 articles
============================================================
📂 Loading intelligence report: intelligence_report_20260724_170224.json

📋 Found 5 opportunities

============================================================
  ARTICLE 1 of 1 (opportunity 1 of 5)
============================================================
⏭️  Skipping — already published (slug match):
   Best Email Marketing Software for Nonprofits in 2026

============================================================
  ARTICLE 1 of 1 (opportunity 2 of 5)
============================================================

✍️  Generating article: Constant Contact vs Brevo: Email Marketing Showdown 2026
   Keyword: constant contact vs brevo
   Type: comparison
   ✅ Article generated (14695 characters)
   🔍 Generating SEO metadata...
   💾 Saved locally: article_constant-contact-vs-brevo-email-marketing-comparison_20260724_180139.html
   🎨 Generating AI featured images...
   🎨 Generating landscape AI image for: Constant Contact vs Brevo: Email Marketing Showdown 2026
   ✅ Landscape image generated (78KB)

📤 Publishing to WordPress as publish...
   ✅ Published! ID: 1016
   🔗 URL: https://equinoxen.com/constant-contact-vs-brevo-email-marketing-comparison/
   🔄 WordPress hooks triggered
   🎯 Rank Math focus keyword set: constant contact vs brevo
   📝 Tracked: Constant Contact vs Brevo: Email Marketing Showdown 2026

📱 Posting to social media...
   📤 Posting to LinkedIn...
   🖼️  Uploading image to LinkedIn...
   ⚠️  Image registration failed: 401
   ❌ LinkedIn failed: 401 — {"status":401,"serviceErrorCode":65602,"code":"EXPIRED_ACCESS_TOKEN","message":"The token used in the request has expired"}
   📤 Posting to X...
   ✅ X posted successfully
   📤 Posting to Dev.to...
   ✍️  Generating Dev.to summary...
   ✅ Dev.to summary generated (1538 chars)
   ✅ Dev.to posted successfully
   🔗 Dev.to URL: https://dev.to/jdhaack1/constant-contact-vs-brevo-email-marketing-showdown-2026-38f1
   📱 Social posting complete
   ✅ IndexNow submitted: https://equinoxen.com/constant-contact-vs-brevo-email-marketing-comparison/
   ✅ Google Indexing API submitted: https://equinoxen.com/constant-contact-vs-brevo-email-marketing-comparison/

============================================================
  PIPELINE COMPLETE
============================================================

✅ Published 1 of 1 target articles:

  📄 Constant Contact vs Brevo: Email Marketing Showdown 2026
     Keyword: constant contact vs brevo
     Local: article_constant-contact-vs-brevo-email-marketing-comparison_20260724_180139.html
     WordPress: https://equinoxen.com/constant-contact-vs-brevo-email-marketing-comparison/
     Status: published

💡 Next steps:
   1. Review articles in WordPress
   2. Verify affiliate links are working
   🧹 Removed old report: intelligence_report_20260717_170227.json
   🧹 Removed old article: article_constant-contact-vs-brevo-email-marketing-comparison_20260724_180139.html
   ✅ Cleanup complete
============================================================
  EQUINOXEN MEDIA — CONTENT PIPELINE
  Running at: 2026-07-24 21:00:12
  Target: 1 articles
============================================================
📂 Loading intelligence report: intelligence_report_20260724_170224.json

📋 Found 5 opportunities

============================================================
  ARTICLE 1 of 1 (opportunity 1 of 5)
============================================================
⏭️  Skipping — already published (slug match):
   Best Email Marketing Software for Nonprofits in 2026

============================================================
  ARTICLE 1 of 1 (opportunity 2 of 5)
============================================================
⏭️  Skipping — comparison already covered: brevo+constant contact

============================================================
  ARTICLE 1 of 1 (opportunity 3 of 5)
============================================================

✍️  Generating article: Basecamp vs Asana: Project Management Face-Off for 2026
   Keyword: basecamp vs asana
   Type: comparison
   ✅ Article generated (17994 characters)
   🔍 Generating SEO metadata...
   💾 Saved locally: article_basecamp-vs-asana-project-management-comparison_20260724_210151.html
   🎨 Generating AI featured images...
   🎨 Generating landscape AI image for: Basecamp vs Asana: Project Management Face-Off for 2026
   ✅ Landscape image generated (120KB)

📤 Publishing to WordPress as publish...
   ✅ Published! ID: 1019
   🔗 URL: https://equinoxen.com/basecamp-vs-asana-project-management-comparison/
   🔄 WordPress hooks triggered
   🎯 Rank Math focus keyword set: basecamp vs asana
   📝 Tracked: Basecamp vs Asana: Project Management Face-Off for 2026

📱 Posting to social media...
   ⏭️  LinkedIn — already posted today
   📤 Posting to X...
   ✅ X posted successfully
   📤 Posting to Dev.to...
   ✍️  Generating Dev.to summary...
   ✅ Dev.to summary generated (1560 chars)
   ✅ Dev.to posted successfully
   🔗 Dev.to URL: https://dev.to/jdhaack1/basecamp-vs-asana-project-management-face-off-for-2026-4lno
   📱 Social posting complete
   ✅ IndexNow submitted: https://equinoxen.com/basecamp-vs-asana-project-management-comparison/
   ✅ Google Indexing API submitted: https://equinoxen.com/basecamp-vs-asana-project-management-comparison/

============================================================
  PIPELINE COMPLETE
============================================================

✅ Published 1 of 1 target articles:

  📄 Basecamp vs Asana: Project Management Face-Off for 2026
     Keyword: basecamp vs asana
     Local: article_basecamp-vs-asana-project-management-comparison_20260724_210151.html
     WordPress: https://equinoxen.com/basecamp-vs-asana-project-management-comparison/
     Status: published

💡 Next steps:
   1. Review articles in WordPress
   2. Verify affiliate links are working
   🧹 Removed old article: article_basecamp-vs-asana-project-management-comparison_20260724_210151.html
   ✅ Cleanup complete
============================================================
  EQUINOXEN MEDIA — CONTENT PIPELINE
  Running at: 2026-07-25 15:00:10
  Target: 1 articles
============================================================
📂 Loading intelligence report: intelligence_report_20260724_170224.json

📋 Found 5 opportunities

============================================================
  ARTICLE 1 of 1 (opportunity 1 of 5)
============================================================
⏭️  Skipping — already published (slug match):
   Best Email Marketing Software for Nonprofits in 2026

============================================================
  ARTICLE 1 of 1 (opportunity 2 of 5)
============================================================
⏭️  Skipping — comparison already covered: brevo+constant contact

============================================================
  ARTICLE 1 of 1 (opportunity 3 of 5)
============================================================
⏭️  Skipping — comparison already covered: asana+basecamp

============================================================
  ARTICLE 1 of 1 (opportunity 4 of 5)
============================================================

✍️  Generating article: Melio Review 2026: Bill Pay Platform for Small Businesses
   Keyword: melio review
   Type: review
   ✅ Article generated (11893 characters)
   🔍 Generating SEO metadata...
   💾 Saved locally: article_melio-review-bill-pay-platform-small-businesses_20260725_150118.html
   🎨 Generating AI featured images...
   🎨 Generating landscape AI image for: Melio Review 2026: Bill Pay Platform for Small Businesses
   ✅ Landscape image generated (74KB)

📤 Publishing to WordPress as publish...
   ✅ Published! ID: 1022
   🔗 URL: https://equinoxen.com/melio-review-bill-pay-platform-small-businesses/
   🔄 WordPress hooks triggered
   🎯 Rank Math focus keyword set: melio review
   📝 Tracked: Melio Review 2026: Bill Pay Platform for Small Businesses

📱 Posting to social media...
   ⏭️  LinkedIn — outside posting window (10am-12pm Pacific)
   📤 Posting to X...
   ✅ X posted successfully
   📤 Posting to Dev.to...
   ✍️  Generating Dev.to summary...
   ✅ Dev.to summary generated (1321 chars)
   ✅ Dev.to posted successfully
   🔗 Dev.to URL: https://dev.to/jdhaack1/melio-review-2026-bill-pay-platform-for-small-businesses-2p14
   📱 Social posting complete
   ✅ IndexNow submitted: https://equinoxen.com/melio-review-bill-pay-platform-small-businesses/
   ✅ Google Indexing API submitted: https://equinoxen.com/melio-review-bill-pay-platform-small-businesses/

============================================================
  PIPELINE COMPLETE
============================================================

✅ Published 1 of 1 target articles:

  📄 Melio Review 2026: Bill Pay Platform for Small Businesses
     Keyword: melio review
     Local: article_melio-review-bill-pay-platform-small-businesses_20260725_150118.html
     WordPress: https://equinoxen.com/melio-review-bill-pay-platform-small-businesses/
     Status: published

💡 Next steps:
   1. Review articles in WordPress
   2. Verify affiliate links are working
   🧹 Removed old article: article_melio-review-bill-pay-platform-small-businesses_20260725_150118.html
   ✅ Cleanup complete
============================================================
  EQUINOXEN MEDIA — CONTENT PIPELINE
  Running at: 2026-07-25 18:00:12
  Target: 1 articles
============================================================
📂 Loading intelligence report: intelligence_report_20260725_170240.json

📋 Found 4 opportunities

============================================================
  ARTICLE 1 of 1 (opportunity 1 of 4)
============================================================
⏭️  Skipping — already published (keyword match):
   Notion vs Asana 2026: Which Is Better for Small Teams

============================================================
  ARTICLE 1 of 1 (opportunity 2 of 4)
============================================================

✍️  Generating article: Constant Contact vs Mailchimp 2026: Email Marketing Showdown
   Keyword: constant contact vs mailchimp
   Type: comparison
   ✅ Article generated (15073 characters)
   🔍 Generating SEO metadata...
   💾 Saved locally: article_constant-contact-vs-mailchimp_20260725_180130.html
   🎨 Generating AI featured images...
   🎨 Generating landscape AI image for: Constant Contact vs Mailchimp 2026: Email Marketing Showdown
   ✅ Landscape image generated (86KB)

📤 Publishing to WordPress as publish...
   ✅ Published! ID: 1025
   🔗 URL: https://equinoxen.com/constant-contact-vs-mailchimp/
   🔄 WordPress hooks triggered
   🎯 Rank Math focus keyword set: constant contact vs mailchimp
   📝 Tracked: Constant Contact vs Mailchimp 2026: Email Marketing Showdown

📱 Posting to social media...
   📤 Posting to LinkedIn...
   🖼️  Uploading image to LinkedIn...
   ⚠️  Image registration failed: 401
   ❌ LinkedIn failed: 401 — {"status":401,"serviceErrorCode":65602,"code":"EXPIRED_ACCESS_TOKEN","message":"The token used in the request has expired"}
   📤 Posting to X...
   ✅ X posted successfully
   📤 Posting to Dev.to...
   ✍️  Generating Dev.to summary...
   ✅ Dev.to summary generated (1463 chars)
   ✅ Dev.to posted successfully
   🔗 Dev.to URL: https://dev.to/jdhaack1/constant-contact-vs-mailchimp-2026-email-marketing-showdown-jai
   📱 Social posting complete
   ✅ IndexNow submitted: https://equinoxen.com/constant-contact-vs-mailchimp/
   ✅ Google Indexing API submitted: https://equinoxen.com/constant-contact-vs-mailchimp/

============================================================
  PIPELINE COMPLETE
============================================================

✅ Published 1 of 1 target articles:

  📄 Constant Contact vs Mailchimp 2026: Email Marketing Showdown
     Keyword: constant contact vs mailchimp
     Local: article_constant-contact-vs-mailchimp_20260725_180130.html
     WordPress: https://equinoxen.com/constant-contact-vs-mailchimp/
     Status: published

💡 Next steps:
   1. Review articles in WordPress
   2. Verify affiliate links are working
   🧹 Removed old report: intelligence_report_20260718_170216.json
   🧹 Removed old article: article_constant-contact-vs-mailchimp_20260725_180130.html
   ✅ Cleanup complete
============================================================
  EQUINOXEN MEDIA — CONTENT PIPELINE
  Running at: 2026-07-25 21:00:16
  Target: 1 articles
============================================================
📂 Loading intelligence report: intelligence_report_20260725_170240.json

📋 Found 4 opportunities

============================================================
  ARTICLE 1 of 1 (opportunity 1 of 4)
============================================================
⏭️  Skipping — already published (keyword match):
   Notion vs Asana 2026: Which Is Better for Small Teams

============================================================
  ARTICLE 1 of 1 (opportunity 2 of 4)
============================================================
⏭️  Skipping — comparison already covered: canva+constant contact

============================================================
  ARTICLE 1 of 1 (opportunity 3 of 4)
============================================================

✍️  Generating article: Bench Accounting Review 2026: Bookkeeping Service Analysis
   Keyword: bench accounting review
   Type: review
   ✅ Article generated (10426 characters)
   🔍 Generating SEO metadata...
   💾 Saved locally: article_bench-accounting-review_20260725_210121.html
   🎨 Generating AI featured images...
   🎨 Generating landscape AI image for: Bench Accounting Review 2026: Bookkeeping Service Analysis
   ✅ Landscape image generated (75KB)

📤 Publishing to WordPress as publish...
   ✅ Published! ID: 1028
   🔗 URL: https://equinoxen.com/bench-accounting-review/
   🔄 WordPress hooks triggered
   🎯 Rank Math focus keyword set: bench accounting review
   📝 Tracked: Bench Accounting Review 2026: Bookkeeping Service Analysis

📱 Posting to social media...
   ⏭️  LinkedIn — already posted today
   📤 Posting to X...
   ✅ X posted successfully
   📤 Posting to Dev.to...
   ✍️  Generating Dev.to summary...
   ✅ Dev.to summary generated (1470 chars)
   ✅ Dev.to posted successfully
   🔗 Dev.to URL: https://dev.to/jdhaack1/bench-accounting-review-2026-bookkeeping-service-analysis-3efc
   📱 Social posting complete
   ✅ IndexNow submitted: https://equinoxen.com/bench-accounting-review/
   ✅ Google Indexing API submitted: https://equinoxen.com/bench-accounting-review/

============================================================
  PIPELINE COMPLETE
============================================================

✅ Published 1 of 1 target articles:

  📄 Bench Accounting Review 2026: Bookkeeping Service Analysis
     Keyword: bench accounting review
     Local: article_bench-accounting-review_20260725_210121.html
     WordPress: https://equinoxen.com/bench-accounting-review/
     Status: published

💡 Next steps:
   1. Review articles in WordPress
   2. Verify affiliate links are working
   🧹 Removed old article: article_bench-accounting-review_20260725_210121.html
   ✅ Cleanup complete
============================================================
  EQUINOXEN MEDIA — CONTENT PIPELINE
  Running at: 2026-07-26 15:00:10
  Target: 1 articles
============================================================
📂 Loading intelligence report: intelligence_report_20260725_170240.json

📋 Found 4 opportunities

============================================================
  ARTICLE 1 of 1 (opportunity 1 of 4)
============================================================
⏭️  Skipping — already published (keyword match):
   Notion vs Asana 2026: Which Is Better for Small Teams

============================================================
  ARTICLE 1 of 1 (opportunity 2 of 4)
============================================================
⏭️  Skipping — comparison already covered: canva+constant contact

============================================================
  ARTICLE 1 of 1 (opportunity 3 of 4)
============================================================
⏭️  Skipping — comparison already covered: bench+quickbooks

============================================================
  ARTICLE 1 of 1 (opportunity 4 of 4)
============================================================

✍️  Generating article: Paperform Review 2026: Advanced Form Builder Tested
   Keyword: paperform review
   Type: review
   ✅ Article generated (9493 characters)
   🔍 Generating SEO metadata...
   💾 Saved locally: article_paperform-review_20260726_150110.html
   🎨 Generating AI featured images...
   🎨 Generating landscape AI image for: Paperform Review 2026: Advanced Form Builder Tested
   ✅ Landscape image generated (79KB)

📤 Publishing to WordPress as publish...
   ✅ Published! ID: 1031
   🔗 URL: https://equinoxen.com/paperform-review/
   🔄 WordPress hooks triggered
   🎯 Rank Math focus keyword set: paperform review
   📝 Tracked: Paperform Review 2026: Advanced Form Builder Tested

📱 Posting to social media...
   ⏭️  LinkedIn — outside posting window (10am-12pm Pacific)
   📤 Posting to X...
   ✅ X posted successfully
   📤 Posting to Dev.to...
   ✍️  Generating Dev.to summary...
   ✅ Dev.to summary generated (1466 chars)
   ✅ Dev.to posted successfully
   🔗 Dev.to URL: https://dev.to/jdhaack1/paperform-review-2026-advanced-form-builder-tested-n14
   📱 Social posting complete
   ✅ IndexNow submitted: https://equinoxen.com/paperform-review/
   ✅ Google Indexing API submitted: https://equinoxen.com/paperform-review/

============================================================
  PIPELINE COMPLETE
============================================================

✅ Published 1 of 1 target articles:

  📄 Paperform Review 2026: Advanced Form Builder Tested
     Keyword: paperform review
     Local: article_paperform-review_20260726_150110.html
     WordPress: https://equinoxen.com/paperform-review/
     Status: published

💡 Next steps:
   1. Review articles in WordPress
   2. Verify affiliate links are working
   🧹 Removed old article: article_paperform-review_20260726_150110.html
   ✅ Cleanup complete
============================================================
  EQUINOXEN MEDIA — CONTENT PIPELINE
  Running at: 2026-07-26 18:00:12
  Target: 1 articles
============================================================
📂 Loading intelligence report: intelligence_report_20260726_170237.json

📋 Found 7 opportunities

============================================================
  ARTICLE 1 of 1 (opportunity 1 of 7)
============================================================

✍️  Generating article: Zoho Books Review 2026: Is This Accounting Software Worth It
   Keyword: zoho books review
   Type: review
   ✅ Article generated (9582 characters)
   🔍 Generating SEO metadata...
   💾 Saved locally: article_zoho-books-review_20260726_180107.html
   🎨 Generating AI featured images...
   🎨 Generating landscape AI image for: Zoho Books Review 2026: Is This Accounting Software Worth It
   ✅ Landscape image generated (75KB)

📤 Publishing to WordPress as publish...
   ✅ Published! ID: 1034
   🔗 URL: https://equinoxen.com/zoho-books-review/
   🔄 WordPress hooks triggered
   🎯 Rank Math focus keyword set: zoho books review
   📝 Tracked: Zoho Books Review 2026: Is This Accounting Software Worth It

📱 Posting to social media...
   📤 Posting to LinkedIn...
   🖼️  Uploading image to LinkedIn...
   ⚠️  Image registration failed: 401
   ❌ LinkedIn failed: 401 — {"status":401,"serviceErrorCode":65602,"code":"EXPIRED_ACCESS_TOKEN","message":"The token used in the request has expired"}
   📤 Posting to X...
   ✅ X posted successfully
   📤 Posting to Dev.to...
   ✍️  Generating Dev.to summary...
   ✅ Dev.to summary generated (1447 chars)
   ✅ Dev.to posted successfully
   🔗 Dev.to URL: https://dev.to/jdhaack1/zoho-books-review-2026-is-this-accounting-software-worth-it-5f55
   📱 Social posting complete
   ✅ IndexNow submitted: https://equinoxen.com/zoho-books-review/
   ✅ Google Indexing API submitted: https://equinoxen.com/zoho-books-review/

============================================================
  PIPELINE COMPLETE
============================================================

✅ Published 1 of 1 target articles:

  📄 Zoho Books Review 2026: Is This Accounting Software Worth It
     Keyword: zoho books review
     Local: article_zoho-books-review_20260726_180107.html
     WordPress: https://equinoxen.com/zoho-books-review/
     Status: published

💡 Next steps:
   1. Review articles in WordPress
   2. Verify affiliate links are working
   🧹 Removed old report: intelligence_report_20260719_170233.json
   🧹 Removed old article: article_zapier-review-2026-automation-tool-worth-cost_20260605_163717.html
   ✅ Cleanup complete
============================================================
  EQUINOXEN MEDIA — CONTENT PIPELINE
  Running at: 2026-07-26 21:00:08
  Target: 1 articles
============================================================
📂 Loading intelligence report: intelligence_report_20260726_170237.json

📋 Found 7 opportunities

============================================================
  ARTICLE 1 of 1 (opportunity 1 of 7)
============================================================
⏭️  Skipping — comparison already covered: quickbooks+zoho

============================================================
  ARTICLE 1 of 1 (opportunity 2 of 7)
============================================================

✍️  Generating article: FreshBooks vs Wave 2026: Which Accounting Software is Better
   Keyword: freshbooks vs wave
   Type: comparison
   ✅ Article generated (17340 characters)
   🔍 Generating SEO metadata...
   💾 Saved locally: article_freshbooks-vs-wave-accounting-software-comparison_20260726_210150.html
   🎨 Generating AI featured images...
   🎨 Generating landscape AI image for: FreshBooks vs Wave 2026: Which Accounting Software is Better
   ✅ Landscape image generated (88KB)

📤 Publishing to WordPress as publish...
   ✅ Published! ID: 1037
   🔗 URL: https://equinoxen.com/freshbooks-vs-wave-accounting-software-comparison/
   🔄 WordPress hooks triggered
   🎯 Rank Math focus keyword set: freshbooks vs wave
   📝 Tracked: FreshBooks vs Wave 2026: Which Accounting Software is Better

📱 Posting to social media...
   ⏭️  LinkedIn — already posted today
   📤 Posting to X...
   ✅ X posted successfully
   📤 Posting to Dev.to...
   ✍️  Generating Dev.to summary...
   ✅ Dev.to summary generated (1620 chars)
   ✅ Dev.to posted successfully
   🔗 Dev.to URL: https://dev.to/jdhaack1/freshbooks-vs-wave-2026-which-accounting-software-is-better-489n
   📱 Social posting complete
   ✅ IndexNow submitted: https://equinoxen.com/freshbooks-vs-wave-accounting-software-comparison/
   ✅ Google Indexing API submitted: https://equinoxen.com/freshbooks-vs-wave-accounting-software-comparison/

============================================================
  PIPELINE COMPLETE
============================================================

✅ Published 1 of 1 target articles:

  📄 FreshBooks vs Wave 2026: Which Accounting Software is Better
     Keyword: freshbooks vs wave
     Local: article_freshbooks-vs-wave-accounting-software-comparison_20260726_210150.html
     WordPress: https://equinoxen.com/freshbooks-vs-wave-accounting-software-comparison/
     Status: published

💡 Next steps:
   1. Review articles in WordPress
   2. Verify affiliate links are working
   🧹 Removed old article: article_freshbooks-vs-wave-accounting-software-comparison_20260726_210150.html
   ✅ Cleanup complete
============================================================
  EQUINOXEN MEDIA — CONTENT PIPELINE
  Running at: 2026-07-27 15:00:09
  Target: 1 articles
============================================================
📂 Loading intelligence report: intelligence_report_20260726_170237.json

📋 Found 7 opportunities

============================================================
  ARTICLE 1 of 1 (opportunity 1 of 7)
============================================================
⏭️  Skipping — comparison already covered: quickbooks+zoho

============================================================
  ARTICLE 1 of 1 (opportunity 2 of 7)
============================================================
⏭️  Skipping — comparison already covered: freshbooks+wave

============================================================
  ARTICLE 1 of 1 (opportunity 3 of 7)
============================================================
⏭️  Skipping — already published (keyword match):
   Close CRM Review 2026: Features, Pricing and Alternatives

============================================================
  ARTICLE 1 of 1 (opportunity 4 of 7)
============================================================

✍️  Generating article: Serpstat vs SpyFu 2026: Best SEO Tool for Competitor Research
   Keyword: serpstat vs spyfu
   Type: comparison
   ✅ Article generated (19729 characters)
   🔍 Generating SEO metadata...
   💾 Saved locally: article_serpstat-vs-spyfu-best-seo-tool-competitor-research_20260727_150156.html
   🎨 Generating AI featured images...
   🎨 Generating landscape AI image for: Serpstat vs SpyFu 2026: Best SEO Tool for Competitor Research
   ✅ Landscape image generated (105KB)

📤 Publishing to WordPress as publish...
   ✅ Published! ID: 1040
   🔗 URL: https://equinoxen.com/serpstat-vs-spyfu-best-seo-tool-competitor-research/
   🔄 WordPress hooks triggered
   🎯 Rank Math focus keyword set: serpstat vs spyfu
   📝 Tracked: Serpstat vs SpyFu 2026: Best SEO Tool for Competitor Research

📱 Posting to social media...
   ⏭️  LinkedIn — outside posting window (10am-12pm Pacific)
   📤 Posting to X...
   ✅ X posted successfully
   📤 Posting to Dev.to...
   ✍️  Generating Dev.to summary...
   ✅ Dev.to summary generated (1598 chars)
   ✅ Dev.to posted successfully
   🔗 Dev.to URL: https://dev.to/jdhaack1/serpstat-vs-spyfu-2026-best-seo-tool-for-competitor-research-422c
   📱 Social posting complete
   ✅ IndexNow submitted: https://equinoxen.com/serpstat-vs-spyfu-best-seo-tool-competitor-research/
   ✅ Google Indexing API submitted: https://equinoxen.com/serpstat-vs-spyfu-best-seo-tool-competitor-research/

============================================================
  PIPELINE COMPLETE
============================================================

✅ Published 1 of 1 target articles:

  📄 Serpstat vs SpyFu 2026: Best SEO Tool for Competitor Research
     Keyword: serpstat vs spyfu
     Local: article_serpstat-vs-spyfu-best-seo-tool-competitor-research_20260727_150156.html
     WordPress: https://equinoxen.com/serpstat-vs-spyfu-best-seo-tool-competitor-research/
     Status: published

💡 Next steps:
   1. Review articles in WordPress
   2. Verify affiliate links are working
   🧹 Removed old article: article_serpstat-vs-spyfu-best-seo-tool-competitor-research_20260727_150156.html
   ✅ Cleanup complete
============================================================
  EQUINOXEN MEDIA — CONTENT PIPELINE
  Running at: 2026-07-27 18:00:09
  Target: 1 articles
============================================================
📂 Loading intelligence report: intelligence_report_20260727_170251.json

📋 Found 6 opportunities

============================================================
  ARTICLE 1 of 1 (opportunity 1 of 6)
============================================================
⏭️  Skipping — already published (slug match):
   Best CRM Software for Nonprofits in 2026: 5 Top Solutions

============================================================
  ARTICLE 1 of 1 (opportunity 2 of 6)
============================================================

✍️  Generating article: Brevo vs MailerLite 2026: Which Email Platform Is Better Value?
   Keyword: brevo vs mailerlite
   Type: comparison
   ✅ Article generated (21688 characters)
   🔍 Generating SEO metadata...
   💾 Saved locally: article_brevo-vs-mailerlite_20260727_180201.html
   🎨 Generating AI featured images...
   🎨 Generating landscape AI image for: Brevo vs MailerLite 2026: Which Email Platform Is Better Value?
   ✅ Landscape image generated (55KB)

📤 Publishing to WordPress as publish...
   ✅ Published! ID: 1043
   🔗 URL: https://equinoxen.com/brevo-vs-mailerlite/
   🔄 WordPress hooks triggered
   🎯 Rank Math focus keyword set: brevo vs mailerlite
   📝 Tracked: Brevo vs MailerLite 2026: Which Email Platform Is Better Value?

📱 Posting to social media...
   📤 Posting to LinkedIn...
   🖼️  Uploading image to LinkedIn...
   ⚠️  Image registration failed: 401
   ❌ LinkedIn failed: 401 — {"status":401,"serviceErrorCode":65602,"code":"EXPIRED_ACCESS_TOKEN","message":"The token used in the request has expired"}
   📤 Posting to X...
   ✅ X posted successfully
   📤 Posting to Dev.to...
   ✍️  Generating Dev.to summary...
   ✅ Dev.to summary generated (1457 chars)
   ✅ Dev.to posted successfully
   🔗 Dev.to URL: https://dev.to/jdhaack1/brevo-vs-mailerlite-2026-which-email-platform-is-better-value-3fg7
   📱 Social posting complete
   ✅ IndexNow submitted: https://equinoxen.com/brevo-vs-mailerlite/
   ✅ Google Indexing API submitted: https://equinoxen.com/brevo-vs-mailerlite/

============================================================
  PIPELINE COMPLETE
============================================================

✅ Published 1 of 1 target articles:

  📄 Brevo vs MailerLite 2026: Which Email Platform Is Better Value?
     Keyword: brevo vs mailerlite
     Local: article_brevo-vs-mailerlite_20260727_180201.html
     WordPress: https://equinoxen.com/brevo-vs-mailerlite/
     Status: published

💡 Next steps:
   1. Review articles in WordPress
   2. Verify affiliate links are working
   🧹 Removed old report: intelligence_report_20260720_170220.json
   🧹 Removed old article: article_brevo-vs-mailerlite_20260727_180201.html
   ✅ Cleanup complete
============================================================
  EQUINOXEN MEDIA — CONTENT PIPELINE
  Running at: 2026-07-27 21:00:10
  Target: 1 articles
============================================================
📂 Loading intelligence report: intelligence_report_20260727_170251.json

📋 Found 6 opportunities

============================================================
  ARTICLE 1 of 1 (opportunity 1 of 6)
============================================================
⏭️  Skipping — already published (slug match):
   Best CRM Software for Nonprofits in 2026: 5 Top Solutions

============================================================
  ARTICLE 1 of 1 (opportunity 2 of 6)
============================================================
⏭️  Skipping — comparison already covered: brevo+mailerlite

============================================================
  ARTICLE 1 of 1 (opportunity 3 of 6)
============================================================

✍️  Generating article: Ubersuggest Review 2026: Is Neil Patel's SEO Tool Worth It?
   Keyword: ubersuggest review
   Type: review
   ✅ Article generated (12905 characters)
   🔍 Generating SEO metadata...
   💾 Saved locally: article_ubersuggest-review-neil-patel-seo-tool_20260727_210122.html
   🎨 Generating AI featured images...
   🎨 Generating landscape AI image for: Ubersuggest Review 2026: Is Neil Patel's SEO Tool Worth It?
   ✅ Landscape image generated (70KB)

📤 Publishing to WordPress as publish...
   ✅ Published! ID: 1046
   🔗 URL: https://equinoxen.com/ubersuggest-review-neil-patel-seo-tool/
   🔄 WordPress hooks triggered
   🎯 Rank Math focus keyword set: ubersuggest review
   📝 Tracked: Ubersuggest Review 2026: Is Neil Patel's SEO Tool Worth It?

📱 Posting to social media...
   ⏭️  LinkedIn — already posted today
   📤 Posting to X...
   ✅ X posted successfully
   📤 Posting to Dev.to...
   ✍️  Generating Dev.to summary...
   ✅ Dev.to summary generated (1401 chars)
   ✅ Dev.to posted successfully
   🔗 Dev.to URL: https://dev.to/jdhaack1/ubersuggest-review-2026-is-neil-patels-seo-tool-worth-it-26ih
   📱 Social posting complete
   ✅ IndexNow submitted: https://equinoxen.com/ubersuggest-review-neil-patel-seo-tool/
   ✅ Google Indexing API submitted: https://equinoxen.com/ubersuggest-review-neil-patel-seo-tool/

============================================================
  PIPELINE COMPLETE
============================================================

✅ Published 1 of 1 target articles:

  📄 Ubersuggest Review 2026: Is Neil Patel's SEO Tool Worth It?
     Keyword: ubersuggest review
     Local: article_ubersuggest-review-neil-patel-seo-tool_20260727_210122.html
     WordPress: https://equinoxen.com/ubersuggest-review-neil-patel-seo-tool/
     Status: published

💡 Next steps:
   1. Review articles in WordPress
   2. Verify affiliate links are working
   🧹 Removed old article: article_ubersuggest-review-neil-patel-seo-tool_20260727_210122.html
   ✅ Cleanup complete
============================================================
  EQUINOXEN MEDIA — CONTENT PIPELINE
  Running at: 2026-07-28 15:00:08
  Target: 1 articles
============================================================
📂 Loading intelligence report: intelligence_report_20260727_170251.json

📋 Found 6 opportunities

============================================================
  ARTICLE 1 of 1 (opportunity 1 of 6)
============================================================
⏭️  Skipping — already published (slug match):
   Best CRM Software for Nonprofits in 2026: 5 Top Solutions

============================================================
  ARTICLE 1 of 1 (opportunity 2 of 6)
============================================================
⏭️  Skipping — comparison already covered: brevo+mailerlite

============================================================
  ARTICLE 1 of 1 (opportunity 3 of 6)
============================================================
⏭️  Skipping — comparison already covered: ahrefs+ubersuggest

============================================================
  ARTICLE 1 of 1 (opportunity 4 of 6)
============================================================

✍️  Generating article: Moz vs Mangools 2026: SEO Toolset Comparison for Small Teams
   Keyword: moz vs mangools
   Type: comparison
   ✅ Article generated (17541 characters)
   🔍 Generating SEO metadata...
   💾 Saved locally: article_moz-vs-mangools-seo-toolset-comparison_20260728_150146.html
   🎨 Generating AI featured images...
   🎨 Generating landscape AI image for: Moz vs Mangools 2026: SEO Toolset Comparison for Small Teams
   ✅ Landscape image generated (96KB)

📤 Publishing to WordPress as publish...
   ✅ Published! ID: 1049
   🔗 URL: https://equinoxen.com/moz-vs-mangools-seo-toolset-comparison/
   🔄 WordPress hooks triggered
   🎯 Rank Math focus keyword set: moz vs mangools
   📝 Tracked: Moz vs Mangools 2026: SEO Toolset Comparison for Small Teams

📱 Posting to social media...
   ⏭️  LinkedIn — outside posting window (10am-12pm Pacific)
   📤 Posting to X...
   ✅ X posted successfully
   📤 Posting to Dev.to...
   ✍️  Generating Dev.to summary...
   ✅ Dev.to summary generated (1578 chars)
   ✅ Dev.to posted successfully
   🔗 Dev.to URL: https://dev.to/jdhaack1/moz-vs-mangools-2026-seo-toolset-comparison-for-small-teams-119a
   📱 Social posting complete
   ✅ IndexNow submitted: https://equinoxen.com/moz-vs-mangools-seo-toolset-comparison/
   ✅ Google Indexing API submitted: https://equinoxen.com/moz-vs-mangools-seo-toolset-comparison/

============================================================
  PIPELINE COMPLETE
============================================================

✅ Published 1 of 1 target articles:

  📄 Moz vs Mangools 2026: SEO Toolset Comparison for Small Teams
     Keyword: moz vs mangools
     Local: article_moz-vs-mangools-seo-toolset-comparison_20260728_150146.html
     WordPress: https://equinoxen.com/moz-vs-mangools-seo-toolset-comparison/
     Status: published

💡 Next steps:
   1. Review articles in WordPress
   2. Verify affiliate links are working
   🧹 Removed old article: article_moz-vs-mangools-seo-toolset-comparison_20260728_150146.html
   ✅ Cleanup complete
============================================================
  EQUINOXEN MEDIA — CONTENT PIPELINE
  Running at: 2026-07-28 18:00:12
  Target: 1 articles
============================================================
📂 Loading intelligence report: intelligence_report_20260728_170212.json

📋 Found 6 opportunities

============================================================
  ARTICLE 1 of 1 (opportunity 1 of 6)
============================================================
⏭️  Skipping — already published (keyword match):
   Monday.com Review 2026: Features, Pricing and User Experience

============================================================
  ARTICLE 1 of 1 (opportunity 2 of 6)
============================================================
⏭️  Skipping — already published (keyword match):
   Notion vs Asana 2026: Which Tool Is Better for Project Management

============================================================
  ARTICLE 1 of 1 (opportunity 3 of 6)
============================================================

✍️  Generating article: Trello vs Monday.com 2026: Comparing Features and Pricing
   Keyword: trello vs monday.com
   Type: comparison
   ✅ Article generated (17428 characters)
   🔍 Generating SEO metadata...
   💾 Saved locally: article_trello-vs-monday-com-comparison_20260728_180201.html
   🎨 Generating AI featured images...
   🎨 Generating landscape AI image for: Trello vs Monday.com 2026: Comparing Features and Pricing
   ✅ Landscape image generated (82KB)

📤 Publishing to WordPress as publish...
   ✅ Published! ID: 1052
   🔗 URL: https://equinoxen.com/trello-vs-monday-com-comparison/
   🔄 WordPress hooks triggered
   🎯 Rank Math focus keyword set: trello vs monday.com
   📝 Tracked: Trello vs Monday.com 2026: Comparing Features and Pricing

📱 Posting to social media...
   📤 Posting to LinkedIn...
   🖼️  Uploading image to LinkedIn...
   ⚠️  Image registration failed: 401
   ❌ LinkedIn failed: 401 — {"status":401,"serviceErrorCode":65602,"code":"EXPIRED_ACCESS_TOKEN","message":"The token used in the request has expired"}
   📤 Posting to X...
   ✅ X posted successfully
   📤 Posting to Dev.to...
   ✍️  Generating Dev.to summary...
   ✅ Dev.to summary generated (1689 chars)
   ✅ Dev.to posted successfully
   🔗 Dev.to URL: https://dev.to/jdhaack1/trello-vs-mondaycom-2026-comparing-features-and-pricing-4k62
   📱 Social posting complete
   ✅ IndexNow submitted: https://equinoxen.com/trello-vs-monday-com-comparison/
   ✅ Google Indexing API submitted: https://equinoxen.com/trello-vs-monday-com-comparison/

============================================================
  PIPELINE COMPLETE
============================================================

✅ Published 1 of 1 target articles:

  📄 Trello vs Monday.com 2026: Comparing Features and Pricing
     Keyword: trello vs monday.com
     Local: article_trello-vs-monday-com-comparison_20260728_180201.html
     WordPress: https://equinoxen.com/trello-vs-monday-com-comparison/
     Status: published

💡 Next steps:
   1. Review articles in WordPress
   2. Verify affiliate links are working
   🧹 Removed old report: intelligence_report_20260721_170204.json
   🧹 Removed old article: article_trello-vs-monday-com-comparison_20260728_180201.html
   ✅ Cleanup complete
============================================================
  EQUINOXEN MEDIA — CONTENT PIPELINE
  Running at: 2026-07-28 21:00:08
  Target: 1 articles
============================================================
📂 Loading intelligence report: intelligence_report_20260728_170212.json

📋 Found 6 opportunities

============================================================
  ARTICLE 1 of 1 (opportunity 1 of 6)
============================================================
⏭️  Skipping — already published (keyword match):
   Monday.com Review 2026: Features, Pricing and User Experience

============================================================
  ARTICLE 1 of 1 (opportunity 2 of 6)
============================================================
⏭️  Skipping — already published (keyword match):
   Notion vs Asana 2026: Which Tool Is Better for Project Management

============================================================
  ARTICLE 1 of 1 (opportunity 3 of 6)
============================================================
⏭️  Skipping — comparison already covered: trello  monday.com

============================================================
  ARTICLE 1 of 1 (opportunity 4 of 6)
============================================================

✍️  Generating article: Zoho Projects Review 2026: Features, Pros and Cons
   Keyword: zoho projects review
   Type: review
   ✅ Article generated (9841 characters)
   🔍 Generating SEO metadata...
   💾 Saved locally: article_zoho-projects-review_20260728_210103.html
   🎨 Generating AI featured images...
   🎨 Generating landscape AI image for: Zoho Projects Review 2026: Features, Pros and Cons
   ✅ Landscape image generated (84KB)

📤 Publishing to WordPress as publish...
   ✅ Published! ID: 1055
   🔗 URL: https://equinoxen.com/zoho-projects-review/
   🔄 WordPress hooks triggered
   🎯 Rank Math focus keyword set: zoho projects review
   📝 Tracked: Zoho Projects Review 2026: Features, Pros and Cons

📱 Posting to social media...
   ⏭️  LinkedIn — already posted today
   📤 Posting to X...
   ✅ X posted successfully
   📤 Posting to Dev.to...
   ✍️  Generating Dev.to summary...
   ✅ Dev.to summary generated (1373 chars)
   ✅ Dev.to posted successfully
   🔗 Dev.to URL: https://dev.to/jdhaack1/zoho-projects-review-2026-features-pros-and-cons-2gf4
   📱 Social posting complete
   ✅ IndexNow submitted: https://equinoxen.com/zoho-projects-review/
   ✅ Google Indexing API submitted: https://equinoxen.com/zoho-projects-review/

============================================================
  PIPELINE COMPLETE
============================================================

✅ Published 1 of 1 target articles:

  📄 Zoho Projects Review 2026: Features, Pros and Cons
     Keyword: zoho projects review
     Local: article_zoho-projects-review_20260728_210103.html
     WordPress: https://equinoxen.com/zoho-projects-review/
     Status: published

💡 Next steps:
   1. Review articles in WordPress
   2. Verify affiliate links are working
   🧹 Removed old article: article_zapier-review-2026-process-automation-software_20260524_150754.html
   ✅ Cleanup complete
============================================================
  EQUINOXEN MEDIA — CONTENT PIPELINE
  Running at: 2026-07-29 15:00:09
  Target: 1 articles
============================================================
📂 Loading intelligence report: intelligence_report_20260728_170212.json

📋 Found 6 opportunities

============================================================
  ARTICLE 1 of 1 (opportunity 1 of 6)
============================================================
⏭️  Skipping — already published (keyword match):
   Monday.com Review 2026: Features, Pricing and User Experience

============================================================
  ARTICLE 1 of 1 (opportunity 2 of 6)
============================================================
⏭️  Skipping — already published (keyword match):
   Notion vs Asana 2026: Which Tool Is Better for Project Management

============================================================
  ARTICLE 1 of 1 (opportunity 3 of 6)
============================================================
⏭️  Skipping — comparison already covered: trello  monday.com

============================================================
  ARTICLE 1 of 1 (opportunity 4 of 6)
============================================================
⏭️  Skipping — comparison already covered: zoho projects

============================================================
  ARTICLE 1 of 1 (opportunity 5 of 6)
============================================================

✍️  Generating article: GetResponse vs Drip 2026: Email Marketing Platform Comparison
   Keyword: getresponse vs drip
   Type: comparison
   ✅ Article generated (20017 characters)
   🔍 Generating SEO metadata...
   💾 Saved locally: article_getresponse-vs-drip-email-marketing-comparison_20260729_150147.html
   🎨 Generating AI featured images...
   🎨 Generating landscape AI image for: GetResponse vs Drip 2026: Email Marketing Platform Comparison
   ✅ Landscape image generated (85KB)

📤 Publishing to WordPress as publish...
   ✅ Published! ID: 1058
   🔗 URL: https://equinoxen.com/getresponse-vs-drip-email-marketing-comparison/
   🔄 WordPress hooks triggered
   🎯 Rank Math focus keyword set: getresponse vs drip
   📝 Tracked: GetResponse vs Drip 2026: Email Marketing Platform Comparison

📱 Posting to social media...
   ⏭️  LinkedIn — outside posting window (10am-12pm Pacific)
   📤 Posting to X...
   ✅ X posted successfully
   📤 Posting to Dev.to...
   ✍️  Generating Dev.to summary...
   ✅ Dev.to summary generated (1503 chars)
   ✅ Dev.to posted successfully
   🔗 Dev.to URL: https://dev.to/jdhaack1/getresponse-vs-drip-2026-email-marketing-platform-comparison-34k9
   📱 Social posting complete
   ✅ IndexNow submitted: https://equinoxen.com/getresponse-vs-drip-email-marketing-comparison/
   ✅ Google Indexing API submitted: https://equinoxen.com/getresponse-vs-drip-email-marketing-comparison/

============================================================
  PIPELINE COMPLETE
============================================================

✅ Published 1 of 1 target articles:

  📄 GetResponse vs Drip 2026: Email Marketing Platform Comparison
     Keyword: getresponse vs drip
     Local: article_getresponse-vs-drip-email-marketing-comparison_20260729_150147.html
     WordPress: https://equinoxen.com/getresponse-vs-drip-email-marketing-comparison/
     Status: published

💡 Next steps:
   1. Review articles in WordPress
   2. Verify affiliate links are working
   🧹 Removed old article: article_getresponse-vs-drip-email-marketing-comparison_20260729_150147.html
   ✅ Cleanup complete
============================================================
  EQUINOXEN MEDIA — CONTENT PIPELINE
  Running at: 2026-07-29 18:00:10
  Target: 1 articles
============================================================
📂 Loading intelligence report: intelligence_report_20260729_170232.json

📋 Found 7 opportunities

============================================================
  ARTICLE 1 of 1 (opportunity 1 of 7)
============================================================

✍️  Generating article: Hive Review 2026: Is This Project Management Tool Worth It
   Keyword: hive review
   Type: review
   ✅ Article generated (10844 characters)
   🔍 Generating SEO metadata...
   💾 Saved locally: article_hive-review-project-management-tool_20260729_180111.html
   🎨 Generating AI featured images...
   🎨 Generating landscape AI image for: Hive Review 2026: Is This Project Management Tool Worth It
   ✅ Landscape image generated (88KB)

📤 Publishing to WordPress as publish...
   ✅ Published! ID: 1061
   🔗 URL: https://equinoxen.com/hive-review-project-management-tool/
   🔄 WordPress hooks triggered
   🎯 Rank Math focus keyword set: hive review
   📝 Tracked: Hive Review 2026: Is This Project Management Tool Worth It

📱 Posting to social media...
   📤 Posting to LinkedIn...
   🖼️  Uploading image to LinkedIn...
   ⚠️  Image registration failed: 401
   ❌ LinkedIn failed: 401 — {"status":401,"serviceErrorCode":65602,"code":"EXPIRED_ACCESS_TOKEN","message":"The token used in the request has expired"}
   📤 Posting to X...
   ✅ X posted successfully
   📤 Posting to Dev.to...
   ✍️  Generating Dev.to summary...
   ✅ Dev.to summary generated (1399 chars)
   ✅ Dev.to posted successfully
   🔗 Dev.to URL: https://dev.to/jdhaack1/hive-review-2026-is-this-project-management-tool-worth-it-20mk
   📱 Social posting complete
   ✅ IndexNow submitted: https://equinoxen.com/hive-review-project-management-tool/
   ✅ Google Indexing API submitted: https://equinoxen.com/hive-review-project-management-tool/

============================================================
  PIPELINE COMPLETE
============================================================

✅ Published 1 of 1 target articles:

  📄 Hive Review 2026: Is This Project Management Tool Worth It
     Keyword: hive review
     Local: article_hive-review-project-management-tool_20260729_180111.html
     WordPress: https://equinoxen.com/hive-review-project-management-tool/
     Status: published

💡 Next steps:
   1. Review articles in WordPress
   2. Verify affiliate links are working
   🧹 Removed old report: intelligence_report_20260722_170223.json
   🧹 Removed old article: article_hive-review-project-management-tool_20260729_180111.html
   ✅ Cleanup complete
============================================================
  EQUINOXEN MEDIA — CONTENT PIPELINE
  Running at: 2026-07-29 21:00:09
  Target: 1 articles
============================================================
📂 Loading intelligence report: intelligence_report_20260729_170232.json

📋 Found 7 opportunities

============================================================
  ARTICLE 1 of 1 (opportunity 1 of 7)
============================================================
⏭️  Skipping — comparison already covered: hive

============================================================
  ARTICLE 1 of 1 (opportunity 2 of 7)
============================================================

✍️  Generating article: Keap Review 2026: CRM and Marketing Automation Analysis
   Keyword: keap review
   Type: review
   ✅ Article generated (10660 characters)
   🔍 Generating SEO metadata...
   💾 Saved locally: article_keap-review-crm-marketing-automation_20260729_210111.html
   🎨 Generating AI featured images...
   🎨 Generating landscape AI image for: Keap Review 2026: CRM and Marketing Automation Analysis
   ✅ Landscape image generated (82KB)

📤 Publishing to WordPress as publish...
   ✅ Published! ID: 1064
   🔗 URL: https://equinoxen.com/keap-review-crm-marketing-automation/
   🔄 WordPress hooks triggered
   🎯 Rank Math focus keyword set: keap review
   📝 Tracked: Keap Review 2026: CRM and Marketing Automation Analysis

📱 Posting to social media...
   ⏭️  LinkedIn — already posted today
   📤 Posting to X...
   ✅ X posted successfully
   📤 Posting to Dev.to...
   ✍️  Generating Dev.to summary...
   ✅ Dev.to summary generated (1493 chars)
   ✅ Dev.to posted successfully
   🔗 Dev.to URL: https://dev.to/jdhaack1/keap-review-2026-crm-and-marketing-automation-analysis-4hjh
   📱 Social posting complete
   ✅ IndexNow submitted: https://equinoxen.com/keap-review-crm-marketing-automation/
   ✅ Google Indexing API submitted: https://equinoxen.com/keap-review-crm-marketing-automation/

============================================================
  PIPELINE COMPLETE
============================================================

✅ Published 1 of 1 target articles:

  📄 Keap Review 2026: CRM and Marketing Automation Analysis
     Keyword: keap review
     Local: article_keap-review-crm-marketing-automation_20260729_210111.html
     WordPress: https://equinoxen.com/keap-review-crm-marketing-automation/
     Status: published

💡 Next steps:
   1. Review articles in WordPress
   2. Verify affiliate links are working
   🧹 Removed old article: article_keap-review-crm-marketing-automation_20260729_210111.html
   ✅ Cleanup complete
============================================================
  EQUINOXEN MEDIA — CONTENT PIPELINE
  Running at: 2026-07-30 15:00:09
  Target: 1 articles
============================================================
📂 Loading intelligence report: intelligence_report_20260729_170232.json

📋 Found 7 opportunities

============================================================
  ARTICLE 1 of 1 (opportunity 1 of 7)
============================================================
⏭️  Skipping — comparison already covered: hive

============================================================
  ARTICLE 1 of 1 (opportunity 2 of 7)
============================================================
⏭️  Skipping — comparison already covered: keap

============================================================
  ARTICLE 1 of 1 (opportunity 3 of 7)
============================================================
⏭️  Skipping — already published (slug match):
   Best Accounting Software for Nonprofits in 2026

============================================================
  ARTICLE 1 of 1 (opportunity 4 of 7)
============================================================
⏭️  Skipping — already published (keyword match):
   Writesonic Review 2026: AI Writing Tool Performance Test

============================================================
  ARTICLE 1 of 1 (opportunity 5 of 7)
============================================================

✍️  Generating article: Elementor vs Divi 2026: Best WordPress Page Builder Comparison
   Keyword: elementor vs divi
   Type: comparison
   ✅ Article generated (14118 characters)
   🔍 Generating SEO metadata...
   💾 Saved locally: article_elementor-vs-divi-wordpress-page-builder-comparison_20260730_150135.html
   🎨 Generating AI featured images...
   🎨 Generating landscape AI image for: Elementor vs Divi 2026: Best WordPress Page Builder Comparison
   ✅ Landscape image generated (71KB)

📤 Publishing to WordPress as publish...
   ✅ Published! ID: 1067
   🔗 URL: https://equinoxen.com/elementor-vs-divi-wordpress-page-builder-comparison/
   🔄 WordPress hooks triggered
   🎯 Rank Math focus keyword set: elementor vs divi
   📝 Tracked: Elementor vs Divi 2026: Best WordPress Page Builder Comparison

📱 Posting to social media...
   ⏭️  LinkedIn — outside posting window (10am-12pm Pacific)
   📤 Posting to X...
   ✅ X posted successfully
   📤 Posting to Dev.to...
   ✍️  Generating Dev.to summary...
   ✅ Dev.to summary generated (1439 chars)
   ✅ Dev.to posted successfully
   🔗 Dev.to URL: https://dev.to/jdhaack1/elementor-vs-divi-2026-best-wordpress-page-builder-comparison-54fl
   📱 Social posting complete
   ✅ IndexNow submitted: https://equinoxen.com/elementor-vs-divi-wordpress-page-builder-comparison/
   ✅ Google Indexing API submitted: https://equinoxen.com/elementor-vs-divi-wordpress-page-builder-comparison/

============================================================
  PIPELINE COMPLETE
============================================================

✅ Published 1 of 1 target articles:

  📄 Elementor vs Divi 2026: Best WordPress Page Builder Comparison
     Keyword: elementor vs divi
     Local: article_elementor-vs-divi-wordpress-page-builder-comparison_20260730_150135.html
     WordPress: https://equinoxen.com/elementor-vs-divi-wordpress-page-builder-comparison/
     Status: published

💡 Next steps:
   1. Review articles in WordPress
   2. Verify affiliate links are working
   🧹 Removed old article: article_elementor-vs-divi-wordpress-page-builder-comparison_20260730_150135.html
   ✅ Cleanup complete
============================================================
  EQUINOXEN MEDIA — CONTENT PIPELINE
  Running at: 2026-07-30 18:00:09
  Target: 1 articles
============================================================
📂 Loading intelligence report: intelligence_report_20260730_170217.json

📋 Found 8 opportunities

============================================================
  ARTICLE 1 of 1 (opportunity 1 of 8)
============================================================
⏭️  Skipping — already published (keyword match):
   Notion vs Asana: Which Project Management Tool is Better in 2026

============================================================
  ARTICLE 1 of 1 (opportunity 2 of 8)
============================================================

✍️  Generating article: GetResponse vs ActiveCampaign: Email Marketing Comparison 2026
   Keyword: getresponse vs activecampaign
   Type: comparison
   ✅ Article generated (16281 characters)
   🔍 Generating SEO metadata...
   💾 Saved locally: article_getresponse-vs-activecampaign-email-marketing-comparison_20260730_180146.html
   🎨 Generating AI featured images...
   🎨 Generating landscape AI image for: GetResponse vs ActiveCampaign: Email Marketing Comparison 2026
   ✅ Landscape image generated (78KB)

📤 Publishing to WordPress as publish...
   ✅ Published! ID: 1070
   🔗 URL: https://equinoxen.com/getresponse-vs-activecampaign-email-marketing-comparison/
   🔄 WordPress hooks triggered
   🎯 Rank Math focus keyword set: getresponse vs activecampaign
   📝 Tracked: GetResponse vs ActiveCampaign: Email Marketing Comparison 2026

📱 Posting to social media...
   📤 Posting to LinkedIn...
   🖼️  Uploading image to LinkedIn...
   ⚠️  Image registration failed: 401
   ❌ LinkedIn failed: 401 — {"status":401,"serviceErrorCode":65602,"code":"EXPIRED_ACCESS_TOKEN","message":"The token used in the request has expired"}
   📤 Posting to X...
   ✅ X posted successfully
   📤 Posting to Dev.to...
   ✍️  Generating Dev.to summary...
   ✅ Dev.to summary generated (1566 chars)
   ✅ Dev.to posted successfully
   🔗 Dev.to URL: https://dev.to/jdhaack1/getresponse-vs-activecampaign-email-marketing-comparison-2026-43ih
   📱 Social posting complete
   ✅ IndexNow submitted: https://equinoxen.com/getresponse-vs-activecampaign-email-marketing-comparison/
   ✅ Google Indexing API submitted: https://equinoxen.com/getresponse-vs-activecampaign-email-marketing-comparison/

============================================================
  PIPELINE COMPLETE
============================================================

✅ Published 1 of 1 target articles:

  📄 GetResponse vs ActiveCampaign: Email Marketing Comparison 2026
     Keyword: getresponse vs activecampaign
     Local: article_getresponse-vs-activecampaign-email-marketing-comparison_20260730_180146.html
     WordPress: https://equinoxen.com/getresponse-vs-activecampaign-email-marketing-comparison/
     Status: published

💡 Next steps:
   1. Review articles in WordPress
   2. Verify affiliate links are working
   🧹 Removed old report: intelligence_report_20260723_170228.json
   🧹 Removed old article: article_getresponse-vs-activecampaign-email-marketing-comparison_20260730_180146.html
   ✅ Cleanup complete
============================================================
  EQUINOXEN MEDIA — CONTENT PIPELINE
  Running at: 2026-07-30 21:00:09
  Target: 1 articles
============================================================
📂 Loading intelligence report: intelligence_report_20260730_170217.json

📋 Found 8 opportunities

============================================================
  ARTICLE 1 of 1 (opportunity 1 of 8)
============================================================
⏭️  Skipping — already published (keyword match):
   Notion vs Asana: Which Project Management Tool is Better in 2026

============================================================
  ARTICLE 1 of 1 (opportunity 2 of 8)
============================================================
⏭️  Skipping — comparison already covered: activecampaign+getresponse

============================================================
  ARTICLE 1 of 1 (opportunity 3 of 8)
============================================================
⏭️  Skipping — already published (keyword match):
   Unbounce Review 2026: Is This Landing Page Builder Worth It

============================================================
  ARTICLE 1 of 1 (opportunity 4 of 8)
============================================================

✍️  Generating article: Instapage Review 2026: Features, Pricing and Performance Tested
   Keyword: instapage review
   Type: review
   ✅ Article generated (10912 characters)
   🔍 Generating SEO metadata...
   💾 Saved locally: article_instapage-review_20260730_210109.html
   🎨 Generating AI featured images...
   🎨 Generating landscape AI image for: Instapage Review 2026: Features, Pricing and Performance Tested
   ✅ Landscape image generated (106KB)

📤 Publishing to WordPress as publish...
   ✅ Published! ID: 1073
   🔗 URL: https://equinoxen.com/instapage-review/
   🔄 WordPress hooks triggered
   🎯 Rank Math focus keyword set: instapage review
   📝 Tracked: Instapage Review 2026: Features, Pricing and Performance Tested

📱 Posting to social media...
   ⏭️  LinkedIn — already posted today
   📤 Posting to X...
   ✅ X posted successfully
   📤 Posting to Dev.to...
   ✍️  Generating Dev.to summary...
   ✅ Dev.to summary generated (1373 chars)
   ✅ Dev.to posted successfully
   🔗 Dev.to URL: https://dev.to/jdhaack1/instapage-review-2026-features-pricing-and-performance-tested-388e
   📱 Social posting complete
   ✅ IndexNow submitted: https://equinoxen.com/instapage-review/
   ✅ Google Indexing API submitted: https://equinoxen.com/instapage-review/

============================================================
  PIPELINE COMPLETE
============================================================

✅ Published 1 of 1 target articles:

  📄 Instapage Review 2026: Features, Pricing and Performance Tested
     Keyword: instapage review
     Local: article_instapage-review_20260730_210109.html
     WordPress: https://equinoxen.com/instapage-review/
     Status: published

💡 Next steps:
   1. Review articles in WordPress
   2. Verify affiliate links are working
   🧹 Removed old article: article_instapage-review_20260730_210109.html
   ✅ Cleanup complete
============================================================
  EQUINOXEN MEDIA — CONTENT PIPELINE
  Running at: 2026-07-31 15:00:08
  Target: 1 articles
============================================================
📂 Loading intelligence report: intelligence_report_20260730_170217.json

📋 Found 8 opportunities

============================================================
  ARTICLE 1 of 1 (opportunity 1 of 8)
============================================================
⏭️  Skipping — already published (keyword match):
   Notion vs Asana: Which Project Management Tool is Better in 2026

============================================================
  ARTICLE 1 of 1 (opportunity 2 of 8)
============================================================
⏭️  Skipping — comparison already covered: activecampaign+getresponse

============================================================
  ARTICLE 1 of 1 (opportunity 3 of 8)
============================================================
⏭️  Skipping — already published (keyword match):
   Unbounce Review 2026: Is This Landing Page Builder Worth It

============================================================
  ARTICLE 1 of 1 (opportunity 4 of 8)
============================================================
⏭️  Skipping — comparison already covered: instapage

============================================================
  ARTICLE 1 of 1 (opportunity 5 of 8)
============================================================
⏭️  Skipping — already published (title match):
   Best Landing Page Builder for Shopify in 2026

============================================================
  ARTICLE 1 of 1 (opportunity 6 of 8)
============================================================

✍️  Generating article: Salesforce vs HubSpot CRM: Which Platform Wins in 2026
   Keyword: salesforce vs hubspot
   Type: comparison
   ✅ Article generated (17286 characters)
   🔍 Generating SEO metadata...
   💾 Saved locally: article_salesforce-vs-hubspot-crm-comparison_20260731_150145.html
   🎨 Generating AI featured images...
   🎨 Generating landscape AI image for: Salesforce vs HubSpot CRM: Which Platform Wins in 2026
   ✅ Landscape image generated (112KB)

📤 Publishing to WordPress as publish...
   ✅ Published! ID: 1076
   🔗 URL: https://equinoxen.com/salesforce-vs-hubspot-crm-comparison/
   🔄 WordPress hooks triggered
   🎯 Rank Math focus keyword set: salesforce vs hubspot
   📝 Tracked: Salesforce vs HubSpot CRM: Which Platform Wins in 2026

📱 Posting to social media...
   ⏭️  LinkedIn — outside posting window (10am-12pm Pacific)
   📤 Posting to X...
   ✅ X posted successfully
   📤 Posting to Dev.to...
   ✍️  Generating Dev.to summary...
   ✅ Dev.to summary generated (1397 chars)
   ✅ Dev.to posted successfully
   🔗 Dev.to URL: https://dev.to/jdhaack1/salesforce-vs-hubspot-crm-which-platform-wins-in-2026-51d2
   📱 Social posting complete
   ✅ IndexNow submitted: https://equinoxen.com/salesforce-vs-hubspot-crm-comparison/
   ✅ Google Indexing API submitted: https://equinoxen.com/salesforce-vs-hubspot-crm-comparison/

============================================================
  PIPELINE COMPLETE
============================================================

✅ Published 1 of 1 target articles:

  📄 Salesforce vs HubSpot CRM: Which Platform Wins in 2026
     Keyword: salesforce vs hubspot
     Local: article_salesforce-vs-hubspot-crm-comparison_20260731_150145.html
     WordPress: https://equinoxen.com/salesforce-vs-hubspot-crm-comparison/
     Status: published

💡 Next steps:
   1. Review articles in WordPress
   2. Verify affiliate links are working
   🧹 Removed old article: article_salesforce-vs-hubspot-crm-comparison_20260731_150145.html
   ✅ Cleanup complete
============================================================
  EQUINOXEN MEDIA — CONTENT PIPELINE
  Running at: 2026-07-31 18:00:08
  Target: 1 articles
============================================================
📂 Loading intelligence report: intelligence_report_20260731_170214.json

📋 Found 7 opportunities

============================================================
  ARTICLE 1 of 1 (opportunity 1 of 7)
============================================================

✍️  Generating article: Best CRM Software for Insurance Agents in 2026
   Keyword: best crm for insurance agents
   Type: buying_guide
   ✅ Article generated (17365 characters)
   🔍 Generating SEO metadata...
   💾 Saved locally: article_best-crm-for-insurance-agents_20260731_180143.html
   🎨 Generating AI featured images...
   🎨 Generating landscape AI image for: Best CRM Software for Insurance Agents in 2026
   ✅ Landscape image generated (97KB)

📤 Publishing to WordPress as publish...
   ✅ Published! ID: 1079
   🔗 URL: https://equinoxen.com/best-crm-for-insurance-agents/
   🔄 WordPress hooks triggered
   🎯 Rank Math focus keyword set: best crm for insurance agents
   📝 Tracked: Best CRM Software for Insurance Agents in 2026

📱 Posting to social media...
   📤 Posting to LinkedIn...
   🖼️  Uploading image to LinkedIn...
   ⚠️  Image registration failed: 401
   ❌ LinkedIn failed: 401 — {"status":401,"serviceErrorCode":65602,"code":"EXPIRED_ACCESS_TOKEN","message":"The token used in the request has expired"}
   📤 Posting to X...
   ✅ X posted successfully
   📤 Posting to Dev.to...
   ✍️  Generating Dev.to summary...
   ✅ Dev.to summary generated (1356 chars)
   ✅ Dev.to posted successfully
   🔗 Dev.to URL: https://dev.to/jdhaack1/best-crm-software-for-insurance-agents-in-2026-425
   📱 Social posting complete
   ✅ IndexNow submitted: https://equinoxen.com/best-crm-for-insurance-agents/
   ✅ Google Indexing API submitted: https://equinoxen.com/best-crm-for-insurance-agents/

============================================================
  PIPELINE COMPLETE
============================================================

✅ Published 1 of 1 target articles:

  📄 Best CRM Software for Insurance Agents in 2026
     Keyword: best crm for insurance agents
     Local: article_best-crm-for-insurance-agents_20260731_180143.html
     WordPress: https://equinoxen.com/best-crm-for-insurance-agents/
     Status: published

💡 Next steps:
   1. Review articles in WordPress
   2. Verify affiliate links are working
   🧹 Removed old report: intelligence_report_20260724_170224.json
   🧹 Removed old article: article_best-crm-for-insurance-agents_20260731_180143.html
   ✅ Cleanup complete
============================================================
  EQUINOXEN MEDIA — CONTENT PIPELINE
  Running at: 2026-07-31 21:00:10
  Target: 1 articles
============================================================
📂 Loading intelligence report: intelligence_report_20260731_170214.json

📋 Found 7 opportunities

============================================================
  ARTICLE 1 of 1 (opportunity 1 of 7)
============================================================
⏭️  Skipping — comparison already covered: close crm+pipedrive

============================================================
  ARTICLE 1 of 1 (opportunity 2 of 7)
============================================================

✍️  Generating article: ActiveCampaign vs Constant Contact 2026: Which Email Platform Wins for Small Business?
   Keyword: activecampaign vs constant contact
   Type: comparison
   ✅ Article generated (16250 characters)
   🔍 Generating SEO metadata...
   💾 Saved locally: article_activecampaign-vs-constant-contact_20260731_210133.html
   🎨 Generating AI featured images...
   🎨 Generating landscape AI image for: ActiveCampaign vs Constant Contact 2026: Which Email Platform Wins for Small Business?
   ✅ Landscape image generated (83KB)

📤 Publishing to WordPress as publish...
   ✅ Published! ID: 1082
   🔗 URL: https://equinoxen.com/activecampaign-vs-constant-contact/
   🔄 WordPress hooks triggered
   🎯 Rank Math focus keyword set: activecampaign vs constant contact
   📝 Tracked: ActiveCampaign vs Constant Contact 2026: Which Email Platform Wins for Small Business?

📱 Posting to social media...
   ⏭️  LinkedIn — already posted today
   📤 Posting to X...
   ✅ X posted successfully
   📤 Posting to Dev.to...
   ✍️  Generating Dev.to summary...
   ✅ Dev.to summary generated (1675 chars)
   ✅ Dev.to posted successfully
   🔗 Dev.to URL: https://dev.to/jdhaack1/activecampaign-vs-constant-contact-2026-which-email-platform-wins-for-small-business-59na
   📱 Social posting complete
   ✅ IndexNow submitted: https://equinoxen.com/activecampaign-vs-constant-contact/
   ✅ Google Indexing API submitted: https://equinoxen.com/activecampaign-vs-constant-contact/

============================================================
  PIPELINE COMPLETE
============================================================

✅ Published 1 of 1 target articles:

  📄 ActiveCampaign vs Constant Contact 2026: Which Email Platform Wins for Small Business?
     Keyword: activecampaign vs constant contact
     Local: article_activecampaign-vs-constant-contact_20260731_210133.html
     WordPress: https://equinoxen.com/activecampaign-vs-constant-contact/
     Status: published

💡 Next steps:
   1. Review articles in WordPress
   2. Verify affiliate links are working
   🧹 Removed old article: article_activecampaign-vs-constant-contact_20260731_210133.html
   ✅ Cleanup complete
============================================================
  EQUINOXEN MEDIA — CONTENT PIPELINE
  Running at: 2026-08-01 15:00:09
  Target: 1 articles
============================================================
📂 Loading intelligence report: intelligence_report_20260731_170214.json

📋 Found 7 opportunities

============================================================
  ARTICLE 1 of 1 (opportunity 1 of 7)
============================================================
⏭️  Skipping — comparison already covered: close crm+pipedrive

============================================================
  ARTICLE 1 of 1 (opportunity 2 of 7)
============================================================
⏭️  Skipping — comparison already covered: activecampaign+constant contact

============================================================
  ARTICLE 1 of 1 (opportunity 3 of 7)
============================================================

✍️  Generating article: Ahrefs vs Mangools 2026: SEO Tool Comparison for Budget-Conscious Marketers
   Keyword: ahrefs vs mangools
   Type: comparison
   ✅ Article generated (16915 characters)
   🔍 Generating SEO metadata...
   💾 Saved locally: article_ahrefs-vs-mangools-seo-tool-comparison_20260801_150145.html
   🎨 Generating AI featured images...
   🎨 Generating landscape AI image for: Ahrefs vs Mangools 2026: SEO Tool Comparison for Budget-Conscious Marketers
   ✅ Landscape image generated (84KB)

📤 Publishing to WordPress as publish...
   ✅ Published! ID: 1085
   🔗 URL: https://equinoxen.com/ahrefs-vs-mangools-seo-tool-comparison/
   🔄 WordPress hooks triggered
   🎯 Rank Math focus keyword set: ahrefs vs mangools
   📝 Tracked: Ahrefs vs Mangools 2026: SEO Tool Comparison for Budget-Conscious Marketers

📱 Posting to social media...
   ⏭️  LinkedIn — outside posting window (10am-12pm Pacific)
   📤 Posting to X...
   ✅ X posted successfully
   📤 Posting to Dev.to...
   ✍️  Generating Dev.to summary...
   ✅ Dev.to summary generated (1393 chars)
   ✅ Dev.to posted successfully
   🔗 Dev.to URL: https://dev.to/jdhaack1/ahrefs-vs-mangools-2026-seo-tool-comparison-for-budget-conscious-marketers-438b
   📱 Social posting complete
   ✅ IndexNow submitted: https://equinoxen.com/ahrefs-vs-mangools-seo-tool-comparison/
   ✅ Google Indexing API submitted: https://equinoxen.com/ahrefs-vs-mangools-seo-tool-comparison/

============================================================
  PIPELINE COMPLETE
============================================================

✅ Published 1 of 1 target articles:

  📄 Ahrefs vs Mangools 2026: SEO Tool Comparison for Budget-Conscious Marketers
     Keyword: ahrefs vs mangools
     Local: article_ahrefs-vs-mangools-seo-tool-comparison_20260801_150145.html
     WordPress: https://equinoxen.com/ahrefs-vs-mangools-seo-tool-comparison/
     Status: published

💡 Next steps:
   1. Review articles in WordPress
   2. Verify affiliate links are working
   🧹 Removed old article: article_ahrefs-vs-mangools-seo-tool-comparison_20260801_150145.html
   ✅ Cleanup complete
============================================================
  EQUINOXEN MEDIA — CONTENT PIPELINE
  Running at: 2026-08-01 18:00:07
  Target: 1 articles
============================================================
📂 Loading intelligence report: intelligence_report_20260801_170212.json

📋 Found 8 opportunities

============================================================
  ARTICLE 1 of 1 (opportunity 1 of 8)
============================================================
⏭️  Skipping — already published (title match):
   Best Project Management Software for Small Teams in 2026

============================================================
  ARTICLE 1 of 1 (opportunity 2 of 8)
============================================================
⏭️  Skipping — already published (title match):
   Best Project Management Software for Construction in 2026

============================================================
  ARTICLE 1 of 1 (opportunity 3 of 8)
============================================================

✍️  Generating article: ClickUp vs Smartsheet: Which Project Management Tool Wins in 2026
   Keyword: clickup vs smartsheet
   Type: comparison
   ✅ Article generated (19331 characters)
   🔍 Generating SEO metadata...
   💾 Saved locally: article_clickup-vs-smartsheet-project-management-comparison_20260801_180149.html
   🎨 Generating AI featured images...
   🎨 Generating landscape AI image for: ClickUp vs Smartsheet: Which Project Management Tool Wins in 2026
   ✅ Landscape image generated (80KB)

📤 Publishing to WordPress as publish...
   ✅ Published! ID: 1088
   🔗 URL: https://equinoxen.com/clickup-vs-smartsheet-project-management-comparison/
   🔄 WordPress hooks triggered
   🎯 Rank Math focus keyword set: clickup vs smartsheet
   📝 Tracked: ClickUp vs Smartsheet: Which Project Management Tool Wins in 2026

📱 Posting to social media...
   📤 Posting to LinkedIn...
   🖼️  Uploading image to LinkedIn...
   ⚠️  Image registration failed: 401
   ❌ LinkedIn failed: 401 — {"status":401,"serviceErrorCode":65602,"code":"EXPIRED_ACCESS_TOKEN","message":"The token used in the request has expired"}
   📤 Posting to X...
   ✅ X posted successfully
   📤 Posting to Dev.to...
   ✍️  Generating Dev.to summary...
   ✅ Dev.to summary generated (1568 chars)
   ✅ Dev.to posted successfully
   🔗 Dev.to URL: https://dev.to/jdhaack1/clickup-vs-smartsheet-which-project-management-tool-wins-in-2026-1ba2
   📱 Social posting complete
   ✅ IndexNow submitted: https://equinoxen.com/clickup-vs-smartsheet-project-management-comparison/
   ✅ Google Indexing API submitted: https://equinoxen.com/clickup-vs-smartsheet-project-management-comparison/

============================================================
  PIPELINE COMPLETE
============================================================

✅ Published 1 of 1 target articles:

  📄 ClickUp vs Smartsheet: Which Project Management Tool Wins in 2026
     Keyword: clickup vs smartsheet
     Local: article_clickup-vs-smartsheet-project-management-comparison_20260801_180149.html
     WordPress: https://equinoxen.com/clickup-vs-smartsheet-project-management-comparison/
     Status: published

💡 Next steps:
   1. Review articles in WordPress
   2. Verify affiliate links are working
   🧹 Removed old report: intelligence_report_20260725_170240.json
   🧹 Removed old article: article_clickup-vs-smartsheet-project-management-comparison_20260801_180149.html
   ✅ Cleanup complete
============================================================
  EQUINOXEN MEDIA — CONTENT PIPELINE
  Running at: 2026-08-01 21:00:09
  Target: 1 articles
============================================================
📂 Loading intelligence report: intelligence_report_20260801_170212.json

📋 Found 8 opportunities

============================================================
  ARTICLE 1 of 1 (opportunity 1 of 8)
============================================================
⏭️  Skipping — already published (title match):
   Best Project Management Software for Small Teams in 2026

============================================================
  ARTICLE 1 of 1 (opportunity 2 of 8)
============================================================
⏭️  Skipping — already published (title match):
   Best Project Management Software for Construction in 2026

============================================================
  ARTICLE 1 of 1 (opportunity 3 of 8)
============================================================
⏭️  Skipping — comparison already covered: clickup+smartsheet

============================================================
  ARTICLE 1 of 1 (opportunity 4 of 8)
============================================================

✍️  Generating article: Mailchimp vs GetResponse: Best Email Marketing Platform for 2026
   Keyword: mailchimp vs getresponse
   Type: comparison
   ✅ Article generated (18474 characters)
   🔍 Generating SEO metadata...
   💾 Saved locally: article_mailchimp-vs-getresponse-email-marketing-platform_20260801_210140.html
   🎨 Generating AI featured images...
   🎨 Generating landscape AI image for: Mailchimp vs GetResponse: Best Email Marketing Platform for 2026
   ✅ Landscape image generated (82KB)

📤 Publishing to WordPress as publish...
   ✅ Published! ID: 1091
   🔗 URL: https://equinoxen.com/mailchimp-vs-getresponse-email-marketing-platform/
   🔄 WordPress hooks triggered
   🎯 Rank Math focus keyword set: mailchimp vs getresponse
   📝 Tracked: Mailchimp vs GetResponse: Best Email Marketing Platform for 2026

📱 Posting to social media...
   ⏭️  LinkedIn — already posted today
   📤 Posting to X...
   ✅ X posted successfully
   📤 Posting to Dev.to...
   ✍️  Generating Dev.to summary...
   ✅ Dev.to summary generated (1601 chars)
   ✅ Dev.to posted successfully
   🔗 Dev.to URL: https://dev.to/jdhaack1/mailchimp-vs-getresponse-best-email-marketing-platform-for-2026-3mkn
   📱 Social posting complete
   ✅ IndexNow submitted: https://equinoxen.com/mailchimp-vs-getresponse-email-marketing-platform/
   ✅ Google Indexing API submitted: https://equinoxen.com/mailchimp-vs-getresponse-email-marketing-platform/

============================================================
  PIPELINE COMPLETE
============================================================

✅ Published 1 of 1 target articles:

  📄 Mailchimp vs GetResponse: Best Email Marketing Platform for 2026
     Keyword: mailchimp vs getresponse
     Local: article_mailchimp-vs-getresponse-email-marketing-platform_20260801_210140.html
     WordPress: https://equinoxen.com/mailchimp-vs-getresponse-email-marketing-platform/
     Status: published

💡 Next steps:
   1. Review articles in WordPress
   2. Verify affiliate links are working
   🧹 Removed old article: article_mailchimp-vs-getresponse-email-marketing-platform_20260801_210140.html
   ✅ Cleanup complete
============================================================
  EQUINOXEN MEDIA — CONTENT PIPELINE
  Running at: 2026-08-02 15:00:10
  Target: 1 articles
============================================================
📂 Loading intelligence report: intelligence_report_20260801_170212.json

📋 Found 8 opportunities

============================================================
  ARTICLE 1 of 1 (opportunity 1 of 8)
============================================================
⏭️  Skipping — already published (title match):
   Best Project Management Software for Small Teams in 2026

============================================================
  ARTICLE 1 of 1 (opportunity 2 of 8)
============================================================
⏭️  Skipping — already published (title match):
   Best Project Management Software for Construction in 2026

============================================================
  ARTICLE 1 of 1 (opportunity 3 of 8)
============================================================
⏭️  Skipping — comparison already covered: clickup+smartsheet

============================================================
  ARTICLE 1 of 1 (opportunity 4 of 8)
============================================================
⏭️  Skipping — comparison already covered: mailchimp  getresponse

============================================================
  ARTICLE 1 of 1 (opportunity 5 of 8)
============================================================

✍️  Generating article: Semrush vs Ubersuggest: SEO Tool Comparison for 2026
   Keyword: semrush vs ubersuggest
   Type: comparison
   ✅ Article generated (21651 characters)
   🔍 Generating SEO metadata...
   💾 Saved locally: article_semrush-vs-ubersuggest-seo-tool-comparison_20260802_150157.html
   🎨 Generating AI featured images...
   🎨 Generating landscape AI image for: Semrush vs Ubersuggest: SEO Tool Comparison for 2026
   ✅ Landscape image generated (102KB)

📤 Publishing to WordPress as publish...
   ✅ Published! ID: 1094
   🔗 URL: https://equinoxen.com/semrush-vs-ubersuggest-seo-tool-comparison/
   🔄 WordPress hooks triggered
   🎯 Rank Math focus keyword set: semrush vs ubersuggest
   📝 Tracked: Semrush vs Ubersuggest: SEO Tool Comparison for 2026

📱 Posting to social media...
   ⏭️  LinkedIn — outside posting window (10am-12pm Pacific)
   📤 Posting to X...
   ✅ X posted successfully
   📤 Posting to Dev.to...
   ✍️  Generating Dev.to summary...
   ✅ Dev.to summary generated (1379 chars)
   ✅ Dev.to posted successfully
   🔗 Dev.to URL: https://dev.to/jdhaack1/semrush-vs-ubersuggest-seo-tool-comparison-for-2026-idh
   📱 Social posting complete
   ✅ IndexNow submitted: https://equinoxen.com/semrush-vs-ubersuggest-seo-tool-comparison/
   ✅ Google Indexing API submitted: https://equinoxen.com/semrush-vs-ubersuggest-seo-tool-comparison/

============================================================
  PIPELINE COMPLETE
============================================================

✅ Published 1 of 1 target articles:

  📄 Semrush vs Ubersuggest: SEO Tool Comparison for 2026
     Keyword: semrush vs ubersuggest
     Local: article_semrush-vs-ubersuggest-seo-tool-comparison_20260802_150157.html
     WordPress: https://equinoxen.com/semrush-vs-ubersuggest-seo-tool-comparison/
     Status: published

💡 Next steps:
   1. Review articles in WordPress
   2. Verify affiliate links are working
   🧹 Removed old article: article_semrush-vs-ubersuggest-seo-tool-comparison_20260802_150157.html
   ✅ Cleanup complete
============================================================
  EQUINOXEN MEDIA — CONTENT PIPELINE
  Running at: 2026-08-02 18:00:07
  Target: 1 articles
============================================================
📂 Loading intelligence report: intelligence_report_20260802_170222.json

📋 Found 6 opportunities

============================================================
  ARTICLE 1 of 1 (opportunity 1 of 6)
============================================================

✍️  Generating article: Cognito Forms Review 2026: Features, Pricing and Alternatives
   Keyword: cognito forms review
   Type: review
   ✅ Article generated (11304 characters)
   🔍 Generating SEO metadata...
   💾 Saved locally: article_cognito-forms-review_20260802_180110.html
   🎨 Generating AI featured images...
   🎨 Generating landscape AI image for: Cognito Forms Review 2026: Features, Pricing and Alternatives
   ✅ Landscape image generated (57KB)

📤 Publishing to WordPress as publish...
   ✅ Published! ID: 1097
   🔗 URL: https://equinoxen.com/cognito-forms-review/
   🔄 WordPress hooks triggered
   🎯 Rank Math focus keyword set: cognito forms review
   📝 Tracked: Cognito Forms Review 2026: Features, Pricing and Alternatives

📱 Posting to social media...
   📤 Posting to LinkedIn...
   🖼️  Uploading image to LinkedIn...
   ⚠️  Image registration failed: 401
   ❌ LinkedIn failed: 401 — {"status":401,"serviceErrorCode":65602,"code":"EXPIRED_ACCESS_TOKEN","message":"The token used in the request has expired"}
   📤 Posting to X...
   ✅ X posted successfully
   📤 Posting to Dev.to...
   ✍️  Generating Dev.to summary...
   ✅ Dev.to summary generated (1435 chars)
   ✅ Dev.to posted successfully
   🔗 Dev.to URL: https://dev.to/jdhaack1/cognito-forms-review-2026-features-pricing-and-alternatives-22ce
   📱 Social posting complete
   ✅ IndexNow submitted: https://equinoxen.com/cognito-forms-review/
   ✅ Google Indexing API submitted: https://equinoxen.com/cognito-forms-review/

============================================================
  PIPELINE COMPLETE
============================================================

✅ Published 1 of 1 target articles:

  📄 Cognito Forms Review 2026: Features, Pricing and Alternatives
     Keyword: cognito forms review
     Local: article_cognito-forms-review_20260802_180110.html
     WordPress: https://equinoxen.com/cognito-forms-review/
     Status: published

💡 Next steps:
   1. Review articles in WordPress
   2. Verify affiliate links are working
   🧹 Removed old report: intelligence_report_20260726_170237.json
   🧹 Removed old article: article_cognito-forms-review_20260802_180110.html
   ✅ Cleanup complete
============================================================
  EQUINOXEN MEDIA — CONTENT PIPELINE
  Running at: 2026-08-02 21:00:08
  Target: 1 articles
============================================================
📂 Loading intelligence report: intelligence_report_20260802_170222.json

📋 Found 6 opportunities

============================================================
  ARTICLE 1 of 1 (opportunity 1 of 6)
============================================================
⏭️  Skipping — comparison already covered: cognito forms+typeform

============================================================
  ARTICLE 1 of 1 (opportunity 2 of 6)
============================================================

✍️  Generating article: 123FormBuilder Review 2026: Is It Worth It for Your Business
   Keyword: 123formbuilder review
   Type: review
   ✅ Article generated (12175 characters)
   🔍 Generating SEO metadata...
   💾 Saved locally: article_123formbuilder-review_20260802_210111.html
   🎨 Generating AI featured images...
   🎨 Generating landscape AI image for: 123FormBuilder Review 2026: Is It Worth It for Your Business
   ✅ Landscape image generated (58KB)

📤 Publishing to WordPress as publish...
   ✅ Published! ID: 1100
   🔗 URL: https://equinoxen.com/123formbuilder-review/
   🔄 WordPress hooks triggered
   🎯 Rank Math focus keyword set: 123formbuilder review
   📝 Tracked: 123FormBuilder Review 2026: Is It Worth It for Your Business

📱 Posting to social media...
   ⏭️  LinkedIn — already posted today
   📤 Posting to X...
   ✅ X posted successfully
   📤 Posting to Dev.to...
   ✍️  Generating Dev.to summary...
   ✅ Dev.to summary generated (1393 chars)
   ✅ Dev.to posted successfully
   🔗 Dev.to URL: https://dev.to/jdhaack1/123formbuilder-review-2026-is-it-worth-it-for-your-business-415f
   📱 Social posting complete
   ✅ IndexNow submitted: https://equinoxen.com/123formbuilder-review/
   ✅ Google Indexing API submitted: https://equinoxen.com/123formbuilder-review/

============================================================
  PIPELINE COMPLETE
============================================================

✅ Published 1 of 1 target articles:

  📄 123FormBuilder Review 2026: Is It Worth It for Your Business
     Keyword: 123formbuilder review
     Local: article_123formbuilder-review_20260802_210111.html
     WordPress: https://equinoxen.com/123formbuilder-review/
     Status: published

💡 Next steps:
   1. Review articles in WordPress
   2. Verify affiliate links are working
   🧹 Removed old article: article_123formbuilder-review_20260802_210111.html
   ✅ Cleanup complete
============================================================
  EQUINOXEN MEDIA — CONTENT PIPELINE
  Running at: 2026-08-03 15:00:10
  Target: 1 articles
============================================================
📂 Loading intelligence report: intelligence_report_20260802_170222.json

📋 Found 6 opportunities

============================================================
  ARTICLE 1 of 1 (opportunity 1 of 6)
============================================================
⏭️  Skipping — comparison already covered: cognito forms+typeform

============================================================
  ARTICLE 1 of 1 (opportunity 2 of 6)
============================================================
⏭️  Skipping — comparison already covered: 123formbuilder+jotform

============================================================
  ARTICLE 1 of 1 (opportunity 3 of 6)
============================================================

✍️  Generating article: Squarespace Review 2026: Pricing, Features and Performance
   Keyword: squarespace review
   Type: review
   ✅ Article generated (11600 characters)
   🔍 Generating SEO metadata...
   💾 Saved locally: article_squarespace-review-pricing-features-performance_20260803_150116.html
   🎨 Generating AI featured images...
   🎨 Generating landscape AI image for: Squarespace Review 2026: Pricing, Features and Performance
   ✅ Landscape image generated (73KB)

📤 Publishing to WordPress as publish...
   ✅ Published! ID: 1103
   🔗 URL: https://equinoxen.com/squarespace-review-pricing-features-performance/
   🔄 WordPress hooks triggered
   🎯 Rank Math focus keyword set: squarespace review
   📝 Tracked: Squarespace Review 2026: Pricing, Features and Performance

📱 Posting to social media...
   ⏭️  LinkedIn — outside posting window (10am-12pm Pacific)
   📤 Posting to X...
   ✅ X posted successfully
   📤 Posting to Dev.to...
   ✍️  Generating Dev.to summary...
   ✅ Dev.to summary generated (1481 chars)
   ✅ Dev.to posted successfully
   🔗 Dev.to URL: https://dev.to/jdhaack1/squarespace-review-2026-pricing-features-and-performance-ibo
   📱 Social posting complete
   ✅ IndexNow submitted: https://equinoxen.com/squarespace-review-pricing-features-performance/
   ✅ Google Indexing API submitted: https://equinoxen.com/squarespace-review-pricing-features-performance/

============================================================
  PIPELINE COMPLETE
============================================================

✅ Published 1 of 1 target articles:

  📄 Squarespace Review 2026: Pricing, Features and Performance
     Keyword: squarespace review
     Local: article_squarespace-review-pricing-features-performance_20260803_150116.html
     WordPress: https://equinoxen.com/squarespace-review-pricing-features-performance/
     Status: published

💡 Next steps:
   1. Review articles in WordPress
   2. Verify affiliate links are working
   🧹 Removed old article: article_squarespace-review-pricing-features-performance_20260803_150116.html
   ✅ Cleanup complete
============================================================
  EQUINOXEN MEDIA — CONTENT PIPELINE
  Running at: 2026-08-03 18:00:12
  Target: 1 articles
============================================================
📂 Loading intelligence report: intelligence_report_20260803_170250.json

📋 Found 8 opportunities

============================================================
  ARTICLE 1 of 1 (opportunity 1 of 8)
============================================================

✍️  Generating article: Brevo vs Klaviyo 2026: Which Email Platform Wins for Ecommerce
   Keyword: brevo vs klaviyo
   Type: comparison
   ✅ Article generated (19531 characters)
   🔍 Generating SEO metadata...
   💾 Saved locally: article_brevo-vs-klaviyo-email-platform-ecommerce_20260803_180156.html
   🎨 Generating AI featured images...
   🎨 Generating landscape AI image for: Brevo vs Klaviyo 2026: Which Email Platform Wins for Ecommerce
   ✅ Landscape image generated (89KB)

📤 Publishing to WordPress as publish...
   ✅ Published! ID: 1106
   🔗 URL: https://equinoxen.com/brevo-vs-klaviyo-email-platform-ecommerce/
   🔄 WordPress hooks triggered
   🎯 Rank Math focus keyword set: brevo vs klaviyo
   📝 Tracked: Brevo vs Klaviyo 2026: Which Email Platform Wins for Ecommerce

📱 Posting to social media...
   📤 Posting to LinkedIn...
   🖼️  Uploading image to LinkedIn...
   ⚠️  Image registration failed: 401
   ❌ LinkedIn failed: 401 — {"status":401,"serviceErrorCode":65602,"code":"EXPIRED_ACCESS_TOKEN","message":"The token used in the request has expired"}
   📤 Posting to X...
   ✅ X posted successfully
   📤 Posting to Dev.to...
   ✍️  Generating Dev.to summary...
   ✅ Dev.to summary generated (1502 chars)
   ✅ Dev.to posted successfully
   🔗 Dev.to URL: https://dev.to/jdhaack1/brevo-vs-klaviyo-2026-which-email-platform-wins-for-ecommerce-jml
   📱 Social posting complete
   ✅ IndexNow submitted: https://equinoxen.com/brevo-vs-klaviyo-email-platform-ecommerce/
   ✅ Google Indexing API submitted: https://equinoxen.com/brevo-vs-klaviyo-email-platform-ecommerce/

============================================================
  PIPELINE COMPLETE
============================================================

✅ Published 1 of 1 target articles:

  📄 Brevo vs Klaviyo 2026: Which Email Platform Wins for Ecommerce
     Keyword: brevo vs klaviyo
     Local: article_brevo-vs-klaviyo-email-platform-ecommerce_20260803_180156.html
     WordPress: https://equinoxen.com/brevo-vs-klaviyo-email-platform-ecommerce/
     Status: published

💡 Next steps:
   1. Review articles in WordPress
   2. Verify affiliate links are working
   🧹 Removed old report: intelligence_report_20260727_170251.json
   🧹 Removed old article: article_brevo-vs-klaviyo-email-platform-ecommerce_20260803_180156.html
   ✅ Cleanup complete
============================================================
  EQUINOXEN MEDIA — CONTENT PIPELINE
  Running at: 2026-08-03 21:00:15
  Target: 1 articles
============================================================
📂 Loading intelligence report: intelligence_report_20260803_170250.json

📋 Found 8 opportunities

============================================================
  ARTICLE 1 of 1 (opportunity 1 of 8)
============================================================
⏭️  Skipping — comparison already covered: brevo+klaviyo

============================================================
  ARTICLE 1 of 1 (opportunity 2 of 8)
============================================================

✍️  Generating article: Wrike vs Asana 2026: Best Project Management Software Compared
   Keyword: wrike vs asana
   Type: comparison
   ✅ Article generated (15450 characters)
   🔍 Generating SEO metadata...
   💾 Saved locally: article_wrike-vs-asana-project-management-comparison_20260803_210142.html
   🎨 Generating AI featured images...
   🎨 Generating landscape AI image for: Wrike vs Asana 2026: Best Project Management Software Compared
   ✅ Landscape image generated (87KB)

📤 Publishing to WordPress as publish...
   ✅ Published! ID: 1109
   🔗 URL: https://equinoxen.com/wrike-vs-asana-project-management-comparison/
   🔄 WordPress hooks triggered
   🎯 Rank Math focus keyword set: wrike vs asana
   📝 Tracked: Wrike vs Asana 2026: Best Project Management Software Compared

📱 Posting to social media...
   ⏭️  LinkedIn — already posted today
   📤 Posting to X...
   ✅ X posted successfully
   📤 Posting to Dev.to...
   ✍️  Generating Dev.to summary...
   ✅ Dev.to summary generated (1482 chars)
   ✅ Dev.to posted successfully
   🔗 Dev.to URL: https://dev.to/jdhaack1/wrike-vs-asana-2026-best-project-management-software-compared-5no
   📱 Social posting complete
   ✅ IndexNow submitted: https://equinoxen.com/wrike-vs-asana-project-management-comparison/
   ✅ Google Indexing API submitted: https://equinoxen.com/wrike-vs-asana-project-management-comparison/

============================================================
  PIPELINE COMPLETE
============================================================

✅ Published 1 of 1 target articles:

  📄 Wrike vs Asana 2026: Best Project Management Software Compared
     Keyword: wrike vs asana
     Local: article_wrike-vs-asana-project-management-comparison_20260803_210142.html
     WordPress: https://equinoxen.com/wrike-vs-asana-project-management-comparison/
     Status: published

💡 Next steps:
   1. Review articles in WordPress
   2. Verify affiliate links are working
   🧹 Removed old article: article_wrike-vs-asana-project-management-comparison_20260803_210142.html
   ✅ Cleanup complete
============================================================
  EQUINOXEN MEDIA — CONTENT PIPELINE
  Running at: 2026-08-04 15:00:13
  Target: 1 articles
============================================================
📂 Loading intelligence report: intelligence_report_20260803_170250.json

📋 Found 8 opportunities

============================================================
  ARTICLE 1 of 1 (opportunity 1 of 8)
============================================================
⏭️  Skipping — comparison already covered: brevo+klaviyo

============================================================
  ARTICLE 1 of 1 (opportunity 2 of 8)
============================================================
⏭️  Skipping — comparison already covered: asana+wrike

============================================================
  ARTICLE 1 of 1 (opportunity 3 of 8)
============================================================

✍️  Generating article: Make Review 2026: Can This Zapier Alternative Save You Money
   Keyword: make review
   Type: review
   ✅ Article generated (12033 characters)
   🔍 Generating SEO metadata...
   💾 Saved locally: article_make-review-zapier-alternative-save-money_20260804_150128.html
   🎨 Generating AI featured images...
   🎨 Generating landscape AI image for: Make Review 2026: Can This Zapier Alternative Save You Money
   ✅ Landscape image generated (78KB)

📤 Publishing to WordPress as publish...
   ✅ Published! ID: 1113
   🔗 URL: https://equinoxen.com/make-review-zapier-alternative-save-money/
   🔄 WordPress hooks triggered
   🎯 Rank Math focus keyword set: make review
   📝 Tracked: Make Review 2026: Can This Zapier Alternative Save You Money

📱 Posting to social media...
   ⏭️  LinkedIn — outside posting window (10am-12pm Pacific)
   📤 Posting to X...
   ✅ X posted successfully
   📤 Posting to Dev.to...
   ✍️  Generating Dev.to summary...
   ✅ Dev.to summary generated (1539 chars)
   ✅ Dev.to posted successfully
   🔗 Dev.to URL: https://dev.to/jdhaack1/make-review-2026-can-this-zapier-alternative-save-you-money-242j
   📱 Social posting complete
   ✅ IndexNow submitted: https://equinoxen.com/make-review-zapier-alternative-save-money/
   ✅ Google Indexing API submitted: https://equinoxen.com/make-review-zapier-alternative-save-money/

============================================================
  PIPELINE COMPLETE
============================================================

✅ Published 1 of 1 target articles:

  📄 Make Review 2026: Can This Zapier Alternative Save You Money
     Keyword: make review
     Local: article_make-review-zapier-alternative-save-money_20260804_150128.html
     WordPress: https://equinoxen.com/make-review-zapier-alternative-save-money/
     Status: published

💡 Next steps:
   1. Review articles in WordPress
   2. Verify affiliate links are working
   🧹 Removed old article: article_make-review-zapier-alternative-save-money_20260804_150128.html
   ✅ Cleanup complete
============================================================
  EQUINOXEN MEDIA — CONTENT PIPELINE
  Running at: 2026-08-04 18:00:10
  Target: 1 articles
============================================================
📂 Loading intelligence report: intelligence_report_20260804_170259.json

📋 Found 6 opportunities

============================================================
  ARTICLE 1 of 1 (opportunity 1 of 6)
============================================================
⏭️  Skipping — already published (slug match):
   Best Project Management Software for Small Business in 2026

============================================================
  ARTICLE 1 of 1 (opportunity 2 of 6)
============================================================

✍️  Generating article: Notion vs Basecamp: Which Project Management Tool is Better in 2026
   Keyword: notion vs basecamp
   Type: comparison
   ✅ Article generated (17492 characters)
   🔍 Generating SEO metadata...
   💾 Saved locally: article_notion-vs-basecamp-project-management-tool_20260804_180145.html
   🎨 Generating AI featured images...
   🎨 Generating landscape AI image for: Notion vs Basecamp: Which Project Management Tool is Better in 2026
   ✅ Landscape image generated (64KB)

📤 Publishing to WordPress as publish...
   ✅ Published! ID: 1116
   🔗 URL: https://equinoxen.com/notion-vs-basecamp-project-management-tool/
   🔄 WordPress hooks triggered
   🎯 Rank Math focus keyword set: notion vs basecamp
   📝 Tracked: Notion vs Basecamp: Which Project Management Tool is Better in 2026

📱 Posting to social media...
   📤 Posting to LinkedIn...
   🖼️  Uploading image to LinkedIn...
   ⚠️  Image registration failed: 401
   ❌ LinkedIn failed: 401 — {"status":401,"serviceErrorCode":65602,"code":"EXPIRED_ACCESS_TOKEN","message":"The token used in the request has expired"}
   📤 Posting to X...
   ✅ X posted successfully
   📤 Posting to Dev.to...
   ✍️  Generating Dev.to summary...
   ✅ Dev.to summary generated (1253 chars)
   ✅ Dev.to posted successfully
   🔗 Dev.to URL: https://dev.to/jdhaack1/notion-vs-basecamp-which-project-management-tool-is-better-in-2026-fk1
   📱 Social posting complete
   ✅ IndexNow submitted: https://equinoxen.com/notion-vs-basecamp-project-management-tool/
   ✅ Google Indexing API submitted: https://equinoxen.com/notion-vs-basecamp-project-management-tool/

============================================================
  PIPELINE COMPLETE
============================================================

✅ Published 1 of 1 target articles:

  📄 Notion vs Basecamp: Which Project Management Tool is Better in 2026
     Keyword: notion vs basecamp
     Local: article_notion-vs-basecamp-project-management-tool_20260804_180145.html
     WordPress: https://equinoxen.com/notion-vs-basecamp-project-management-tool/
     Status: published

💡 Next steps:
   1. Review articles in WordPress
   2. Verify affiliate links are working
   🧹 Removed old report: intelligence_report_20260728_170212.json
   🧹 Removed old article: article_notion-vs-basecamp-project-management-tool_20260804_180145.html
   ✅ Cleanup complete
============================================================
  EQUINOXEN MEDIA — CONTENT PIPELINE
  Running at: 2026-08-04 21:00:14
  Target: 1 articles
============================================================
📂 Loading intelligence report: intelligence_report_20260804_170259.json

📋 Found 6 opportunities

============================================================
  ARTICLE 1 of 1 (opportunity 1 of 6)
============================================================
⏭️  Skipping — already published (slug match):
   Best Project Management Software for Small Business in 2026

============================================================
  ARTICLE 1 of 1 (opportunity 2 of 6)
============================================================
⏭️  Skipping — comparison already covered: basecamp+notion

============================================================
  ARTICLE 1 of 1 (opportunity 3 of 6)
============================================================

✍️  Generating article: Airtable vs Notion: Best Database Tool for Teams in 2026
   Keyword: airtable vs notion
   Type: comparison
   ✅ Article generated (17605 characters)
   🔍 Generating SEO metadata...
   💾 Saved locally: article_airtable-vs-notion-best-database-tool-for-teams_20260804_210154.html
   🎨 Generating AI featured images...
   🎨 Generating landscape AI image for: Airtable vs Notion: Best Database Tool for Teams in 2026
   ✅ Landscape image generated (57KB)

📤 Publishing to WordPress as publish...
   ✅ Published! ID: 1119
   🔗 URL: https://equinoxen.com/airtable-vs-notion-best-database-tool-for-teams/
   🔄 WordPress hooks triggered
   🎯 Rank Math focus keyword set: airtable vs notion
   📝 Tracked: Airtable vs Notion: Best Database Tool for Teams in 2026

📱 Posting to social media...
   ⏭️  LinkedIn — already posted today
   📤 Posting to X...
   ✅ X posted successfully
   📤 Posting to Dev.to...
   ✍️  Generating Dev.to summary...
   ✅ Dev.to summary generated (1472 chars)
   ✅ Dev.to posted successfully
   🔗 Dev.to URL: https://dev.to/jdhaack1/airtable-vs-notion-best-database-tool-for-teams-in-2026-4el5
   📱 Social posting complete
   ✅ IndexNow submitted: https://equinoxen.com/airtable-vs-notion-best-database-tool-for-teams/
   ✅ Google Indexing API submitted: https://equinoxen.com/airtable-vs-notion-best-database-tool-for-teams/

============================================================
  PIPELINE COMPLETE
============================================================

✅ Published 1 of 1 target articles:

  📄 Airtable vs Notion: Best Database Tool for Teams in 2026
     Keyword: airtable vs notion
     Local: article_airtable-vs-notion-best-database-tool-for-teams_20260804_210154.html
     WordPress: https://equinoxen.com/airtable-vs-notion-best-database-tool-for-teams/
     Status: published

💡 Next steps:
   1. Review articles in WordPress
   2. Verify affiliate links are working
   🧹 Removed old article: article_airtable-vs-notion-best-database-tool-for-teams_20260804_210154.html
   ✅ Cleanup complete
============================================================
  EQUINOXEN MEDIA — CONTENT PIPELINE
  Running at: 2026-08-05 15:00:18
  Target: 1 articles
============================================================
📂 Loading intelligence report: intelligence_report_20260804_170259.json

📋 Found 6 opportunities

============================================================
  ARTICLE 1 of 1 (opportunity 1 of 6)
============================================================
⏭️  Skipping — already published (slug match):
   Best Project Management Software for Small Business in 2026

============================================================
  ARTICLE 1 of 1 (opportunity 2 of 6)
============================================================
⏭️  Skipping — comparison already covered: basecamp+notion

============================================================
  ARTICLE 1 of 1 (opportunity 3 of 6)
============================================================
⏭️  Skipping — comparison already covered: airtable  notion

============================================================
  ARTICLE 1 of 1 (opportunity 4 of 6)
============================================================

✍️  Generating article: Best Email Marketing Software for Ecommerce in 2026
   Keyword: best email marketing software for ecommerce
   Type: buying_guide
   ✅ Article generated (17344 characters)
   🔍 Generating SEO metadata...
   💾 Saved locally: article_best-email-marketing-software-for-ecommerce_20260805_150213.html
   🎨 Generating AI featured images...
   🎨 Generating landscape AI image for: Best Email Marketing Software for Ecommerce in 2026
   ✅ Landscape image generated (78KB)

📤 Publishing to WordPress as publish...
   ✅ Published! ID: 1122
   🔗 URL: https://equinoxen.com/best-email-marketing-software-for-ecommerce/
   🔄 WordPress hooks triggered
   🎯 Rank Math focus keyword set: best email marketing software for ecommerce
   📝 Tracked: Best Email Marketing Software for Ecommerce in 2026

📱 Posting to social media...
   ⏭️  LinkedIn — outside posting window (10am-12pm Pacific)
   📤 Posting to X...
   ✅ X posted successfully
   📤 Posting to Dev.to...
   ✍️  Generating Dev.to summary...
   ✅ Dev.to summary generated (1589 chars)
   ✅ Dev.to posted successfully
   🔗 Dev.to URL: https://dev.to/jdhaack1/best-email-marketing-software-for-ecommerce-in-2026-2c6e
   📱 Social posting complete
   ✅ IndexNow submitted: https://equinoxen.com/best-email-marketing-software-for-ecommerce/
   ✅ Google Indexing API submitted: https://equinoxen.com/best-email-marketing-software-for-ecommerce/

============================================================
  PIPELINE COMPLETE
============================================================

✅ Published 1 of 1 target articles:

  📄 Best Email Marketing Software for Ecommerce in 2026
     Keyword: best email marketing software for ecommerce
     Local: article_best-email-marketing-software-for-ecommerce_20260805_150213.html
     WordPress: https://equinoxen.com/best-email-marketing-software-for-ecommerce/
     Status: published

💡 Next steps:
   1. Review articles in WordPress
   2. Verify affiliate links are working
   🧹 Removed old article: article_best-email-marketing-software-for-ecommerce_20260805_150213.html
   ✅ Cleanup complete
============================================================
  EQUINOXEN MEDIA — CONTENT PIPELINE
  Running at: 2026-08-05 18:00:11
  Target: 1 articles
============================================================
📂 Loading intelligence report: intelligence_report_20260805_170237.json

📋 Found 5 opportunities

============================================================
  ARTICLE 1 of 1 (opportunity 1 of 5)
============================================================

✍️  Generating article: Integrately Review 2026: Affordable Zapier Alternative for Small Business
   Keyword: integrately review
   Type: review
   ✅ Article generated (12339 characters)
   🔍 Generating SEO metadata...
   💾 Saved locally: article_integrately-review-zapier-alternative_20260805_180118.html
   🎨 Generating AI featured images...
   🎨 Generating landscape AI image for: Integrately Review 2026: Affordable Zapier Alternative for Small Business
   ✅ Landscape image generated (120KB)

📤 Publishing to WordPress as publish...
   ✅ Published! ID: 1125
   🔗 URL: https://equinoxen.com/integrately-review-zapier-alternative/
   🔄 WordPress hooks triggered
   🎯 Rank Math focus keyword set: integrately review
   📝 Tracked: Integrately Review 2026: Affordable Zapier Alternative for Small Business

📱 Posting to social media...
   📤 Posting to LinkedIn...
   🖼️  Uploading image to LinkedIn...
   ⚠️  Image registration failed: 401
   ❌ LinkedIn failed: 401 — {"status":401,"serviceErrorCode":65602,"code":"EXPIRED_ACCESS_TOKEN","message":"The token used in the request has expired"}
   📤 Posting to X...
   ✅ X posted successfully
   📤 Posting to Dev.to...
   ✍️  Generating Dev.to summary...
   ✅ Dev.to summary generated (1572 chars)
   ✅ Dev.to posted successfully
   🔗 Dev.to URL: https://dev.to/jdhaack1/integrately-review-2026-affordable-zapier-alternative-for-small-business-4njj
   📱 Social posting complete
   ✅ IndexNow submitted: https://equinoxen.com/integrately-review-zapier-alternative/
   ✅ Google Indexing API submitted: https://equinoxen.com/integrately-review-zapier-alternative/

============================================================
  PIPELINE COMPLETE
============================================================

✅ Published 1 of 1 target articles:

  📄 Integrately Review 2026: Affordable Zapier Alternative for Small Business
     Keyword: integrately review
     Local: article_integrately-review-zapier-alternative_20260805_180118.html
     WordPress: https://equinoxen.com/integrately-review-zapier-alternative/
     Status: published

💡 Next steps:
   1. Review articles in WordPress
   2. Verify affiliate links are working
   🧹 Removed old report: intelligence_report_20260729_170232.json
   🧹 Removed old article: article_integrately-review-zapier-alternative_20260805_180118.html
   ✅ Cleanup complete
============================================================
  EQUINOXEN MEDIA — CONTENT PIPELINE
  Running at: 2026-08-05 21:00:15
  Target: 1 articles
============================================================
📂 Loading intelligence report: intelligence_report_20260805_170237.json

📋 Found 5 opportunities

============================================================
  ARTICLE 1 of 1 (opportunity 1 of 5)
============================================================
⏭️  Skipping — comparison already covered: integrately+zapier

============================================================
  ARTICLE 1 of 1 (opportunity 2 of 5)
============================================================

✍️  Generating article: Pabbly Connect Review 2026: Lifetime Deal Worth It for Business Automation
   Keyword: pabbly connect review
   Type: review
   ✅ Article generated (12894 characters)
   🔍 Generating SEO metadata...
   💾 Saved locally: article_pabbly-connect-review-lifetime-deal-business-automation_20260805_210129.html
   🎨 Generating AI featured images...
   🎨 Generating landscape AI image for: Pabbly Connect Review 2026: Lifetime Deal Worth It for Business Automation
   ✅ Landscape image generated (81KB)

📤 Publishing to WordPress as publish...
   ✅ Published! ID: 1128
   🔗 URL: https://equinoxen.com/pabbly-connect-review-lifetime-deal-business-automation/
   🔄 WordPress hooks triggered
   🎯 Rank Math focus keyword set: pabbly connect review
   📝 Tracked: Pabbly Connect Review 2026: Lifetime Deal Worth It for Business Automation

📱 Posting to social media...
   ⏭️  LinkedIn — already posted today
   📤 Posting to X...
   ✅ X posted successfully
   📤 Posting to Dev.to...
   ✍️  Generating Dev.to summary...
   ✅ Dev.to summary generated (1526 chars)
   ✅ Dev.to posted successfully
   🔗 Dev.to URL: https://dev.to/jdhaack1/pabbly-connect-review-2026-lifetime-deal-worth-it-for-business-automation-4ml5
   📱 Social posting complete
   ✅ IndexNow submitted: https://equinoxen.com/pabbly-connect-review-lifetime-deal-business-automation/
   ✅ Google Indexing API submitted: https://equinoxen.com/pabbly-connect-review-lifetime-deal-business-automation/

============================================================
  PIPELINE COMPLETE
============================================================

✅ Published 1 of 1 target articles:

  📄 Pabbly Connect Review 2026: Lifetime Deal Worth It for Business Automation
     Keyword: pabbly connect review
     Local: article_pabbly-connect-review-lifetime-deal-business-automation_20260805_210129.html
     WordPress: https://equinoxen.com/pabbly-connect-review-lifetime-deal-business-automation/
     Status: published

💡 Next steps:
   1. Review articles in WordPress
   2. Verify affiliate links are working
   🧹 Removed old article: article_pabbly-connect-review-lifetime-deal-business-automation_20260805_210129.html
   ✅ Cleanup complete
============================================================
  EQUINOXEN MEDIA — CONTENT PIPELINE
  Running at: 2026-08-06 15:00:12
  Target: 1 articles
============================================================
📂 Loading intelligence report: intelligence_report_20260805_170237.json

📋 Found 5 opportunities

============================================================
  ARTICLE 1 of 1 (opportunity 1 of 5)
============================================================
⏭️  Skipping — comparison already covered: integrately+zapier

============================================================
  ARTICLE 1 of 1 (opportunity 2 of 5)
============================================================
⏭️  Skipping — comparison already covered: make+pabbly connect

============================================================
  ARTICLE 1 of 1 (opportunity 3 of 5)
============================================================
⏭️  Skipping — already published (slug match):
   5 Best Accounting Software for Nonprofits in 2026

============================================================
  ARTICLE 1 of 1 (opportunity 4 of 5)
============================================================
⏭️  Skipping — already published (slug match):
   Streak CRM Review 2026: Gmail CRM for Small Business Teams

============================================================
  ARTICLE 1 of 1 (opportunity 5 of 5)
============================================================
⏭️  Skipping — already published (keyword match):
   Notion vs Asana 2026: Project Management for Remote Teams

============================================================
  PIPELINE COMPLETE
============================================================

✅ Published 0 of 1 target articles:

⚠️  Only published 0 of 1 — run intelligence.py for fresh opportunities

💡 Next steps:
   1. Review articles in WordPress
   2. Verify affiliate links are working
   ✅ Cleanup complete
============================================================
  EQUINOXEN MEDIA — CONTENT PIPELINE
  Running at: 2026-08-06 18:00:12
  Target: 1 articles
============================================================
📂 Loading intelligence report: intelligence_report_20260806_170153.json

📋 Found 3 opportunities

============================================================
  ARTICLE 1 of 1 (opportunity 1 of 3)
============================================================
⏭️  Skipping — already published (slug match):
   Best CRM Software for Construction Companies in 2026

============================================================
  ARTICLE 1 of 1 (opportunity 2 of 3)
============================================================
⏭️  Skipping — already published (keyword match):
   Unbounce vs Webflow: Which Landing Page Builder Wins in 2026?

============================================================
  ARTICLE 1 of 1 (opportunity 3 of 3)
============================================================

✍️  Generating article: n8n vs Zapier: Which Automation Tool Should You Choose in 2026?
   Keyword: n8n vs zapier
   Type: comparison
   ✅ Article generated (18436 characters)
   🔍 Generating SEO metadata...
   💾 Saved locally: article_n8n-vs-zapier-automation-tool-comparison_20260806_180200.html
   🎨 Generating AI featured images...
   🎨 Generating landscape AI image for: n8n vs Zapier: Which Automation Tool Should You Choose in 2026?
   ✅ Landscape image generated (78KB)

📤 Publishing to WordPress as publish...
   ✅ Published! ID: 1132
   🔗 URL: https://equinoxen.com/n8n-vs-zapier-automation-tool-comparison/
   🔄 WordPress hooks triggered
   🎯 Rank Math focus keyword set: n8n vs zapier
   📝 Tracked: n8n vs Zapier: Which Automation Tool Should You Choose in 2026?

📱 Posting to social media...
   📤 Posting to LinkedIn...
   🖼️  Uploading image to LinkedIn...
   ⚠️  Image registration failed: 401
   ❌ LinkedIn failed: 401 — {"status":401,"serviceErrorCode":65602,"code":"EXPIRED_ACCESS_TOKEN","message":"The token used in the request has expired"}
   📤 Posting to X...
   ✅ X posted successfully
   📤 Posting to Dev.to...
   ✍️  Generating Dev.to summary...
   ✅ Dev.to summary generated (1318 chars)
   ✅ Dev.to posted successfully
   🔗 Dev.to URL: https://dev.to/jdhaack1/n8n-vs-zapier-which-automation-tool-should-you-choose-in-2026-50la
   ✅ Pinterest token refreshed
   📱 Social posting complete
   ✅ IndexNow submitted: https://equinoxen.com/n8n-vs-zapier-automation-tool-comparison/
   ✅ Google Indexing API submitted: https://equinoxen.com/n8n-vs-zapier-automation-tool-comparison/

============================================================
  PIPELINE COMPLETE
============================================================

✅ Published 1 of 1 target articles:

  📄 n8n vs Zapier: Which Automation Tool Should You Choose in 2026?
     Keyword: n8n vs zapier
     Local: article_n8n-vs-zapier-automation-tool-comparison_20260806_180200.html
     WordPress: https://equinoxen.com/n8n-vs-zapier-automation-tool-comparison/
     Status: published

💡 Next steps:
   1. Review articles in WordPress
   2. Verify affiliate links are working
   🧹 Removed old report: intelligence_report_20260730_170217.json
   🧹 Removed old article: article_n8n-vs-zapier-automation-tool-comparison_20260806_180200.html
   ✅ Cleanup complete
============================================================
  EQUINOXEN MEDIA — CONTENT PIPELINE
  Running at: 2026-08-06 21:00:13
  Target: 1 articles
============================================================
📂 Loading intelligence report: intelligence_report_20260806_170153.json

📋 Found 3 opportunities

============================================================
  ARTICLE 1 of 1 (opportunity 1 of 3)
============================================================
⏭️  Skipping — already published (slug match):
   Best CRM Software for Construction Companies in 2026

============================================================
  ARTICLE 1 of 1 (opportunity 2 of 3)
============================================================
⏭️  Skipping — already published (keyword match):
   Unbounce vs Webflow: Which Landing Page Builder Wins in 2026?

============================================================
  ARTICLE 1 of 1 (opportunity 3 of 3)
============================================================
⏭️  Skipping — comparison already covered: n8n+zapier

============================================================
  PIPELINE COMPLETE
============================================================

✅ Published 0 of 1 target articles:

⚠️  Only published 0 of 1 — run intelligence.py for fresh opportunities

💡 Next steps:
   1. Review articles in WordPress
   2. Verify affiliate links are working
   ✅ Cleanup complete
============================================================
  EQUINOXEN MEDIA — CONTENT PIPELINE
  Running at: 2026-08-07 15:00:14
  Target: 1 articles
============================================================
📂 Loading intelligence report: intelligence_report_20260806_170153.json

📋 Found 3 opportunities

============================================================
  ARTICLE 1 of 1 (opportunity 1 of 3)
============================================================
⏭️  Skipping — already published (slug match):
   Best CRM Software for Construction Companies in 2026

============================================================
  ARTICLE 1 of 1 (opportunity 2 of 3)
============================================================
⏭️  Skipping — already published (keyword match):
   Unbounce vs Webflow: Which Landing Page Builder Wins in 2026?

============================================================
  ARTICLE 1 of 1 (opportunity 3 of 3)
============================================================
⏭️  Skipping — comparison already covered: n8n+zapier

============================================================
  PIPELINE COMPLETE
============================================================

✅ Published 0 of 1 target articles:

⚠️  Only published 0 of 1 — run intelligence.py for fresh opportunities

💡 Next steps:
   1. Review articles in WordPress
   2. Verify affiliate links are working
   ✅ Cleanup complete
============================================================
  EQUINOXEN MEDIA — CONTENT PIPELINE
  Running at: 2026-08-07 18:00:19
  Target: 1 articles
============================================================
📂 Loading intelligence report: intelligence_report_20260807_170147.json

📋 Found 3 opportunities

============================================================
  ARTICLE 1 of 1 (opportunity 1 of 3)
============================================================

✍️  Generating article: Paperform vs Jotform 2026: Which Form Builder Is Better for Your Business
   Keyword: paperform vs jotform
   Type: comparison
   ✅ Article generated (18990 characters)
   🔍 Generating SEO metadata...
   💾 Saved locally: article_paperform-vs-jotform_20260807_180201.html
   🎨 Generating AI featured images...
   🎨 Generating landscape AI image for: Paperform vs Jotform 2026: Which Form Builder Is Better for Your Business
   ✅ Landscape image generated (66KB)

📤 Publishing to WordPress as publish...
   ✅ Published! ID: 1137
   🔗 URL: https://equinoxen.com/paperform-vs-jotform/
   🔄 WordPress hooks triggered
   🎯 Rank Math focus keyword set: paperform vs jotform
   📝 Tracked: Paperform vs Jotform 2026: Which Form Builder Is Better for Your Business

📱 Posting to social media...
   📤 Posting to LinkedIn...
   🖼️  Uploading image to LinkedIn...
   ⚠️  Image registration failed: 401
   ❌ LinkedIn failed: 401 — {"status":401,"serviceErrorCode":65602,"code":"EXPIRED_ACCESS_TOKEN","message":"The token used in the request has expired"}
   📤 Posting to X...
   ✅ X posted successfully
   📤 Posting to Dev.to...
   ✍️  Generating Dev.to summary...
   ✅ Dev.to summary generated (1559 chars)
   ✅ Dev.to posted successfully
   🔗 Dev.to URL: https://dev.to/jdhaack1/paperform-vs-jotform-2026-which-form-builder-is-better-for-your-business-3mop
   ✅ Pinterest token refreshed
   📱 Social posting complete
   ✅ IndexNow submitted: https://equinoxen.com/paperform-vs-jotform/
   ✅ Google Indexing API submitted: https://equinoxen.com/paperform-vs-jotform/

============================================================
  PIPELINE COMPLETE
============================================================

✅ Published 1 of 1 target articles:

  📄 Paperform vs Jotform 2026: Which Form Builder Is Better for Your Business
     Keyword: paperform vs jotform
     Local: article_paperform-vs-jotform_20260807_180201.html
     WordPress: https://equinoxen.com/paperform-vs-jotform/
     Status: published

💡 Next steps:
   1. Review articles in WordPress
   2. Verify affiliate links are working
   🧹 Removed old report: intelligence_report_20260731_170214.json
   🧹 Removed old article: article_paperform-vs-jotform_20260807_180201.html
   ✅ Cleanup complete
============================================================
  EQUINOXEN MEDIA — CONTENT PIPELINE
  Running at: 2026-08-07 21:00:12
  Target: 1 articles
============================================================
📂 Loading intelligence report: intelligence_report_20260807_170147.json

📋 Found 3 opportunities

============================================================
  ARTICLE 1 of 1 (opportunity 1 of 3)
============================================================
⏭️  Skipping — comparison already covered: jotform+paperform

============================================================
  ARTICLE 1 of 1 (opportunity 2 of 3)
============================================================

✍️  Generating article: Sage vs Xero 2026: Accounting Software Showdown for Small Business
   Keyword: sage vs xero
   Type: comparison
   ✅ Article generated (18385 characters)
   🔍 Generating SEO metadata...
   💾 Saved locally: article_sage-vs-xero-accounting-software-small-business_20260807_210149.html
   🎨 Generating AI featured images...
   🎨 Generating landscape AI image for: Sage vs Xero 2026: Accounting Software Showdown for Small Business
   ✅ Landscape image generated (101KB)

📤 Publishing to WordPress as publish...
   ✅ Published! ID: 1140
   🔗 URL: https://equinoxen.com/sage-vs-xero-accounting-software-small-business/
   🔄 WordPress hooks triggered
   🎯 Rank Math focus keyword set: sage vs xero
   📝 Tracked: Sage vs Xero 2026: Accounting Software Showdown for Small Business

📱 Posting to social media...
   ⏭️  LinkedIn — already posted today
   📤 Posting to X...
   ✅ X posted successfully
   📤 Posting to Dev.to...
   ✍️  Generating Dev.to summary...
   ✅ Dev.to summary generated (1616 chars)
   ✅ Dev.to posted successfully
   🔗 Dev.to URL: https://dev.to/jdhaack1/sage-vs-xero-2026-accounting-software-showdown-for-small-business-12am
   ✅ Pinterest token refreshed
   📱 Social posting complete
   ✅ IndexNow submitted: https://equinoxen.com/sage-vs-xero-accounting-software-small-business/
   ✅ Google Indexing API submitted: https://equinoxen.com/sage-vs-xero-accounting-software-small-business/

============================================================
  PIPELINE COMPLETE
============================================================

✅ Published 1 of 1 target articles:

  📄 Sage vs Xero 2026: Accounting Software Showdown for Small Business
     Keyword: sage vs xero
     Local: article_sage-vs-xero-accounting-software-small-business_20260807_210149.html
     WordPress: https://equinoxen.com/sage-vs-xero-accounting-software-small-business/
     Status: published

💡 Next steps:
   1. Review articles in WordPress
   2. Verify affiliate links are working
   🧹 Removed old article: article_sage-vs-xero-accounting-software-small-business_20260807_210149.html
   ✅ Cleanup complete
============================================================
  EQUINOXEN MEDIA — CONTENT PIPELINE
  Running at: 2026-08-08 15:00:12
  Target: 1 articles
============================================================
📂 Loading intelligence report: intelligence_report_20260807_170147.json

📋 Found 3 opportunities

============================================================
  ARTICLE 1 of 1 (opportunity 1 of 3)
============================================================
⏭️  Skipping — comparison already covered: jotform+paperform

============================================================
  ARTICLE 1 of 1 (opportunity 2 of 3)
============================================================
⏭️  Skipping — comparison already covered: sage+xero

============================================================
  ARTICLE 1 of 1 (opportunity 3 of 3)
============================================================
⏭️  Skipping — already published (title match):
   Best CRM Software for Construction Companies in 2026

============================================================
  PIPELINE COMPLETE
============================================================

✅ Published 0 of 1 target articles:

⚠️  Only published 0 of 1 — run intelligence.py for fresh opportunities

💡 Next steps:
   1. Review articles in WordPress
   2. Verify affiliate links are working
   ✅ Cleanup complete
============================================================
  EQUINOXEN MEDIA — CONTENT PIPELINE
  Running at: 2026-08-08 18:00:12
  Target: 1 articles
============================================================
📂 Loading intelligence report: intelligence_report_20260808_170149.json

📋 Found 7 opportunities

============================================================
  ARTICLE 1 of 1 (opportunity 1 of 7)
============================================================
⏭️  Skipping — already published (title match):
   Best Project Management Software for Construction in 2026

============================================================
  ARTICLE 1 of 1 (opportunity 2 of 7)
============================================================
⏭️  Skipping — already published (slug match):
   Best SEO Tools for Small Businesses in 2026

============================================================
  ARTICLE 1 of 1 (opportunity 3 of 7)
============================================================

✍️  Generating article: SE Ranking vs Serpstat 2026: Which SEO Tool Is Better
   Keyword: se ranking vs serpstat
   Type: comparison
   ✅ Article generated (18069 characters)
   🔍 Generating SEO metadata...
   💾 Saved locally: article_se-ranking-vs-serpstat_20260808_180154.html
   🎨 Generating AI featured images...
   🎨 Generating landscape AI image for: SE Ranking vs Serpstat 2026: Which SEO Tool Is Better
   ✅ Landscape image generated (93KB)

📤 Publishing to WordPress as publish...
   ✅ Published! ID: 1144
   🔗 URL: https://equinoxen.com/se-ranking-vs-serpstat/
   🔄 WordPress hooks triggered
   🎯 Rank Math focus keyword set: se ranking vs serpstat
   📝 Tracked: SE Ranking vs Serpstat 2026: Which SEO Tool Is Better

📱 Posting to social media...
   📤 Posting to LinkedIn...
   🖼️  Uploading image to LinkedIn...
   ⚠️  Image registration failed: 401
   ❌ LinkedIn failed: 401 — {"status":401,"serviceErrorCode":65602,"code":"EXPIRED_ACCESS_TOKEN","message":"The token used in the request has expired"}
   📤 Posting to X...
   ✅ X posted successfully
   📤 Posting to Dev.to...
   ✍️  Generating Dev.to summary...
   ✅ Dev.to summary generated (1372 chars)
   ✅ Dev.to posted successfully
   🔗 Dev.to URL: https://dev.to/jdhaack1/se-ranking-vs-serpstat-2026-which-seo-tool-is-better-4f3b
   📱 Social posting complete
   ✅ IndexNow submitted: https://equinoxen.com/se-ranking-vs-serpstat/
   ✅ Google Indexing API submitted: https://equinoxen.com/se-ranking-vs-serpstat/

============================================================
  PIPELINE COMPLETE
============================================================

✅ Published 1 of 1 target articles:

  📄 SE Ranking vs Serpstat 2026: Which SEO Tool Is Better
     Keyword: se ranking vs serpstat
     Local: article_se-ranking-vs-serpstat_20260808_180154.html
     WordPress: https://equinoxen.com/se-ranking-vs-serpstat/
     Status: published

💡 Next steps:
   1. Review articles in WordPress
   2. Verify affiliate links are working
   🧹 Removed old report: intelligence_report_20260801_170212.json
   🧹 Removed old article: article_se-ranking-vs-serpstat_20260808_180154.html
   ✅ Cleanup complete
============================================================
  EQUINOXEN MEDIA — CONTENT PIPELINE
  Running at: 2026-08-08 21:00:13
  Target: 1 articles
============================================================
📂 Loading intelligence report: intelligence_report_20260808_170149.json

📋 Found 7 opportunities

============================================================
  ARTICLE 1 of 1 (opportunity 1 of 7)
============================================================
⏭️  Skipping — already published (title match):
   Best Project Management Software for Construction in 2026

============================================================
  ARTICLE 1 of 1 (opportunity 2 of 7)
============================================================
⏭️  Skipping — already published (slug match):
   Best SEO Tools for Small Businesses in 2026

============================================================
  ARTICLE 1 of 1 (opportunity 3 of 7)
============================================================
⏭️  Skipping — comparison already covered: se ranking+serpstat

============================================================
  ARTICLE 1 of 1 (opportunity 4 of 7)
============================================================
⏭️  Skipping — already published (slug match):
   Constant Contact Review 2026: Email Marketing for Small Business

============================================================
  ARTICLE 1 of 1 (opportunity 5 of 7)
============================================================

✍️  Generating article: MailerLite vs Drip 2026: Email Marketing Comparison
   Keyword: mailerlite vs drip
   Type: comparison
   ✅ Article generated (19651 characters)
   🔍 Generating SEO metadata...
   💾 Saved locally: article_mailerlite-vs-drip_20260808_210152.html
   🎨 Generating AI featured images...
   🎨 Generating landscape AI image for: MailerLite vs Drip 2026: Email Marketing Comparison
   ✅ Landscape image generated (72KB)

📤 Publishing to WordPress as publish...
   ✅ Published! ID: 1147
   🔗 URL: https://equinoxen.com/mailerlite-vs-drip/
   🔄 WordPress hooks triggered
   🎯 Rank Math focus keyword set: mailerlite vs drip
   📝 Tracked: MailerLite vs Drip 2026: Email Marketing Comparison

📱 Posting to social media...
   ⏭️  LinkedIn — already posted today
   📤 Posting to X...
   ✅ X posted successfully
   📤 Posting to Dev.to...
   ✍️  Generating Dev.to summary...
   ✅ Dev.to summary generated (1421 chars)
   ✅ Dev.to posted successfully
   🔗 Dev.to URL: https://dev.to/jdhaack1/mailerlite-vs-drip-2026-email-marketing-comparison-3p2h
   📱 Social posting complete
   ✅ IndexNow submitted: https://equinoxen.com/mailerlite-vs-drip/
   ✅ Google Indexing API submitted: https://equinoxen.com/mailerlite-vs-drip/

============================================================
  PIPELINE COMPLETE
============================================================

✅ Published 1 of 1 target articles:

  📄 MailerLite vs Drip 2026: Email Marketing Comparison
     Keyword: mailerlite vs drip
     Local: article_mailerlite-vs-drip_20260808_210152.html
     WordPress: https://equinoxen.com/mailerlite-vs-drip/
     Status: published

💡 Next steps:
   1. Review articles in WordPress
   2. Verify affiliate links are working
   🧹 Removed old article: article_mailerlite-vs-drip_20260808_210152.html
   ✅ Cleanup complete
============================================================
  EQUINOXEN MEDIA — CONTENT PIPELINE
  Running at: 2026-08-09 15:00:17
  Target: 1 articles
============================================================
📂 Loading intelligence report: intelligence_report_20260808_170149.json

📋 Found 7 opportunities

============================================================
  ARTICLE 1 of 1 (opportunity 1 of 7)
============================================================
⏭️  Skipping — already published (title match):
   Best Project Management Software for Construction in 2026

============================================================
  ARTICLE 1 of 1 (opportunity 2 of 7)
============================================================
⏭️  Skipping — already published (slug match):
   Best SEO Tools for Small Businesses in 2026

============================================================
  ARTICLE 1 of 1 (opportunity 3 of 7)
============================================================
⏭️  Skipping — comparison already covered: se ranking+serpstat

============================================================
  ARTICLE 1 of 1 (opportunity 4 of 7)
============================================================
⏭️  Skipping — already published (slug match):
   Constant Contact Review 2026: Email Marketing for Small Business

============================================================
  ARTICLE 1 of 1 (opportunity 5 of 7)
============================================================
⏭️  Skipping — comparison already covered: drip+mailerlite

============================================================
  ARTICLE 1 of 1 (opportunity 6 of 7)
============================================================

✍️  Generating article: Bench vs Wave 2026: Which Bookkeeping Software Is Better
   Keyword: bench vs wave
   Type: comparison
   ✅ Article generated (16344 characters)
   🔍 Generating SEO metadata...
   💾 Saved locally: article_bench-vs-wave_20260809_150156.html
   🎨 Generating AI featured images...
   🎨 Generating landscape AI image for: Bench vs Wave 2026: Which Bookkeeping Software Is Better
   ✅ Landscape image generated (104KB)

📤 Publishing to WordPress as publish...
   ✅ Published! ID: 1150
   🔗 URL: https://equinoxen.com/bench-vs-wave/
   🔄 WordPress hooks triggered
   🎯 Rank Math focus keyword set: bench vs wave
   📝 Tracked: Bench vs Wave 2026: Which Bookkeeping Software Is Better

📱 Posting to social media...
   ⏭️  LinkedIn — outside posting window (10am-12pm Pacific)
   📤 Posting to X...
   ✅ X posted successfully
   📤 Posting to Dev.to...
   ✍️  Generating Dev.to summary...
   ✅ Dev.to summary generated (1573 chars)
   ✅ Dev.to posted successfully
   🔗 Dev.to URL: https://dev.to/jdhaack1/bench-vs-wave-2026-which-bookkeeping-software-is-better-2a9j
   📱 Social posting complete
   ✅ IndexNow submitted: https://equinoxen.com/bench-vs-wave/
   ✅ Google Indexing API submitted: https://equinoxen.com/bench-vs-wave/

============================================================
  PIPELINE COMPLETE
============================================================

✅ Published 1 of 1 target articles:

  📄 Bench vs Wave 2026: Which Bookkeeping Software Is Better
     Keyword: bench vs wave
     Local: article_bench-vs-wave_20260809_150156.html
     WordPress: https://equinoxen.com/bench-vs-wave/
     Status: published

💡 Next steps:
   1. Review articles in WordPress
   2. Verify affiliate links are working
   🧹 Removed old article: article_bench-vs-wave_20260809_150156.html
   ✅ Cleanup complete
============================================================
  EQUINOXEN MEDIA — CONTENT PIPELINE
  Running at: 2026-08-09 18:00:11
  Target: 1 articles
============================================================
📂 Loading intelligence report: intelligence_report_20260809_170233.json

📋 Found 3 opportunities

============================================================
  ARTICLE 1 of 1 (opportunity 1 of 3)
============================================================
⏭️  Skipping — already published (keyword match):
   FreshBooks Review 2026: Is This Accounting Software Worth It for Small Businesses

============================================================
  ARTICLE 1 of 1 (opportunity 2 of 3)
============================================================

✍️  Generating article: Nimble CRM Review 2026: Perfect for Small Teams or Overhyped
   Keyword: nimble crm review
   Type: review
   ✅ Article generated (11756 characters)
   🔍 Generating SEO metadata...
   💾 Saved locally: article_nimble-crm-review_20260809_180126.html
   🎨 Generating AI featured images...
   🎨 Generating landscape AI image for: Nimble CRM Review 2026: Perfect for Small Teams or Overhyped
   ✅ Landscape image generated (68KB)

📤 Publishing to WordPress as publish...
   ✅ Published! ID: 1153
   🔗 URL: https://equinoxen.com/nimble-crm-review/
   🔄 WordPress hooks triggered
   🎯 Rank Math focus keyword set: nimble crm review
   📝 Tracked: Nimble CRM Review 2026: Perfect for Small Teams or Overhyped

📱 Posting to social media...
   📤 Posting to LinkedIn...
   🖼️  Uploading image to LinkedIn...
   ⚠️  Image registration failed: 401
   ❌ LinkedIn failed: 401 — {"status":401,"serviceErrorCode":65602,"code":"EXPIRED_ACCESS_TOKEN","message":"The token used in the request has expired"}
   📤 Posting to X...
   ✅ X posted successfully
   📤 Posting to Dev.to...
   ✍️  Generating Dev.to summary...
   ✅ Dev.to summary generated (1359 chars)
   ✅ Dev.to posted successfully
   🔗 Dev.to URL: https://dev.to/jdhaack1/nimble-crm-review-2026-perfect-for-small-teams-or-overhyped-1p39
   📱 Social posting complete
   ✅ IndexNow submitted: https://equinoxen.com/nimble-crm-review/
   ✅ Google Indexing API submitted: https://equinoxen.com/nimble-crm-review/

============================================================
  PIPELINE COMPLETE
============================================================

✅ Published 1 of 1 target articles:

  📄 Nimble CRM Review 2026: Perfect for Small Teams or Overhyped
     Keyword: nimble crm review
     Local: article_nimble-crm-review_20260809_180126.html
     WordPress: https://equinoxen.com/nimble-crm-review/
     Status: published

💡 Next steps:
   1. Review articles in WordPress
   2. Verify affiliate links are working
   🧹 Removed old report: intelligence_report_20260802_170222.json
   🧹 Removed old article: article_nimble-crm-review_20260809_180126.html
   ✅ Cleanup complete
============================================================
  EQUINOXEN MEDIA — CONTENT PIPELINE
  Running at: 2026-08-09 21:00:13
  Target: 1 articles
============================================================
📂 Loading intelligence report: intelligence_report_20260809_170233.json

📋 Found 3 opportunities

============================================================
  ARTICLE 1 of 1 (opportunity 1 of 3)
============================================================
⏭️  Skipping — already published (keyword match):
   FreshBooks Review 2026: Is This Accounting Software Worth It for Small Businesses

============================================================
  ARTICLE 1 of 1 (opportunity 2 of 3)
============================================================
⏭️  Skipping — comparison already covered: nimble crm

============================================================
  ARTICLE 1 of 1 (opportunity 3 of 3)
============================================================

✍️  Generating article: Surfer SEO Review 2026: Does This Content Optimization Tool Deliver ROI
   Keyword: surfer seo review
   Type: review
   ✅ Article generated (10639 characters)
   🔍 Generating SEO metadata...
   💾 Saved locally: article_surfer-seo-review_20260809_210119.html
   🎨 Generating AI featured images...
   🎨 Generating landscape AI image for: Surfer SEO Review 2026: Does This Content Optimization Tool Deliver ROI
   ✅ Landscape image generated (62KB)

📤 Publishing to WordPress as publish...
   ✅ Published! ID: 1156
   🔗 URL: https://equinoxen.com/surfer-seo-review/
   🔄 WordPress hooks triggered
   🎯 Rank Math focus keyword set: surfer seo review
   📝 Tracked: Surfer SEO Review 2026: Does This Content Optimization Tool Deliver ROI

📱 Posting to social media...
   ⏭️  LinkedIn — already posted today
   📤 Posting to X...
   ✅ X posted successfully
   📤 Posting to Dev.to...
   ✍️  Generating Dev.to summary...
   ✅ Dev.to summary generated (1494 chars)
   ✅ Dev.to posted successfully
   🔗 Dev.to URL: https://dev.to/jdhaack1/surfer-seo-review-2026-does-this-content-optimization-tool-deliver-roi-4137
   📱 Social posting complete
   ✅ IndexNow submitted: https://equinoxen.com/surfer-seo-review/
   ✅ Google Indexing API submitted: https://equinoxen.com/surfer-seo-review/

============================================================
  PIPELINE COMPLETE
============================================================

✅ Published 1 of 1 target articles:

  📄 Surfer SEO Review 2026: Does This Content Optimization Tool Deliver ROI
     Keyword: surfer seo review
     Local: article_surfer-seo-review_20260809_210119.html
     WordPress: https://equinoxen.com/surfer-seo-review/
     Status: published

💡 Next steps:
   1. Review articles in WordPress
   2. Verify affiliate links are working
   🧹 Removed old article: article_surfer-seo-review_20260809_210119.html
   ✅ Cleanup complete
============================================================
  EQUINOXEN MEDIA — CONTENT PIPELINE
  Running at: 2026-08-10 15:00:15
  Target: 1 articles
============================================================
📂 Loading intelligence report: intelligence_report_20260809_170233.json

📋 Found 3 opportunities

============================================================
  ARTICLE 1 of 1 (opportunity 1 of 3)
============================================================
⏭️  Skipping — already published (keyword match):
   FreshBooks Review 2026: Is This Accounting Software Worth It for Small Businesses

============================================================
  ARTICLE 1 of 1 (opportunity 2 of 3)
============================================================
⏭️  Skipping — comparison already covered: nimble crm

============================================================
  ARTICLE 1 of 1 (opportunity 3 of 3)
============================================================
⏭️  Skipping — comparison already covered: surfer seo

============================================================
  PIPELINE COMPLETE
============================================================

✅ Published 0 of 1 target articles:

⚠️  Only published 0 of 1 — run intelligence.py for fresh opportunities

💡 Next steps:
   1. Review articles in WordPress
   2. Verify affiliate links are working
   ✅ Cleanup complete
============================================================
  EQUINOXEN MEDIA — CONTENT PIPELINE
  Running at: 2026-08-10 18:00:11
  Target: 1 articles
============================================================
📂 Loading intelligence report: intelligence_report_20260810_170253.json

📋 Found 6 opportunities

============================================================
  ARTICLE 1 of 1 (opportunity 1 of 6)
============================================================
⏭️  Skipping — already published (slug match):
   Best CRM Software for Construction Companies in 2026

============================================================
  ARTICLE 1 of 1 (opportunity 2 of 6)
============================================================

✍️  Generating article: Close CRM vs Copper: Best CRM for Sales Teams 2026
   Keyword: close crm vs copper
   Type: comparison
   ✅ Article generated (18053 characters)
   🔍 Generating SEO metadata...
   💾 Saved locally: article_close-crm-vs-copper_20260810_180153.html
   🎨 Generating AI featured images...
   🎨 Generating landscape AI image for: Close CRM vs Copper: Best CRM for Sales Teams 2026
   ✅ Landscape image generated (138KB)

📤 Publishing to WordPress as publish...
   ✅ Published! ID: 1159
   🔗 URL: https://equinoxen.com/close-crm-vs-copper/
   🔄 WordPress hooks triggered
   🎯 Rank Math focus keyword set: close crm vs copper
   📝 Tracked: Close CRM vs Copper: Best CRM for Sales Teams 2026

📱 Posting to social media...
   📤 Posting to LinkedIn...
   🖼️  Uploading image to LinkedIn...
   ⚠️  Image registration failed: 401
   ❌ LinkedIn failed: 401 — {"status":401,"serviceErrorCode":65602,"code":"EXPIRED_ACCESS_TOKEN","message":"The token used in the request has expired"}
   📤 Posting to X...
   ✅ X posted successfully
   📤 Posting to Dev.to...
   ✍️  Generating Dev.to summary...
   ✅ Dev.to summary generated (1467 chars)
   ✅ Dev.to posted successfully
   🔗 Dev.to URL: https://dev.to/jdhaack1/close-crm-vs-copper-best-crm-for-sales-teams-2026-5hc9
   📱 Social posting complete
   ✅ IndexNow submitted: https://equinoxen.com/close-crm-vs-copper/
   ✅ Google Indexing API submitted: https://equinoxen.com/close-crm-vs-copper/

============================================================
  PIPELINE COMPLETE
============================================================

✅ Published 1 of 1 target articles:

  📄 Close CRM vs Copper: Best CRM for Sales Teams 2026
     Keyword: close crm vs copper
     Local: article_close-crm-vs-copper_20260810_180153.html
     WordPress: https://equinoxen.com/close-crm-vs-copper/
     Status: published

💡 Next steps:
   1. Review articles in WordPress
   2. Verify affiliate links are working
   🧹 Removed old report: intelligence_report_20260803_170250.json
   🧹 Removed old article: article_close-crm-vs-copper_20260810_180153.html
   ✅ Cleanup complete
============================================================
  EQUINOXEN MEDIA — CONTENT PIPELINE
  Running at: 2026-08-10 21:00:12
  Target: 1 articles
============================================================
📂 Loading intelligence report: intelligence_report_20260810_170253.json

📋 Found 6 opportunities

============================================================
  ARTICLE 1 of 1 (opportunity 1 of 6)
============================================================
⏭️  Skipping — already published (slug match):
   Best CRM Software for Construction Companies in 2026

============================================================
  ARTICLE 1 of 1 (opportunity 2 of 6)
============================================================
⏭️  Skipping — comparison already covered: close crm+copper

============================================================
  ARTICLE 1 of 1 (opportunity 3 of 6)
============================================================

✍️  Generating article: Frase Review 2026: AI Content Optimization Worth the Price
   Keyword: frase review
   Type: review
   ✅ Article generated (10532 characters)
   🔍 Generating SEO metadata...
   💾 Saved locally: article_frase-review_20260810_210119.html
   🎨 Generating AI featured images...
   🎨 Generating landscape AI image for: Frase Review 2026: AI Content Optimization Worth the Price
   ✅ Landscape image generated (70KB)

📤 Publishing to WordPress as publish...
   ✅ Published! ID: 1162
   🔗 URL: https://equinoxen.com/frase-review/
   🔄 WordPress hooks triggered
   🎯 Rank Math focus keyword set: frase review
   📝 Tracked: Frase Review 2026: AI Content Optimization Worth the Price

📱 Posting to social media...
   ⏭️  LinkedIn — already posted today
   📤 Posting to X...
   ✅ X posted successfully
   📤 Posting to Dev.to...
   ✍️  Generating Dev.to summary...
   ✅ Dev.to summary generated (1296 chars)
   ✅ Dev.to posted successfully
   🔗 Dev.to URL: https://dev.to/jdhaack1/frase-review-2026-ai-content-optimization-worth-the-price-pk
   📱 Social posting complete
   ✅ IndexNow submitted: https://equinoxen.com/frase-review/
   ✅ Google Indexing API submitted: https://equinoxen.com/frase-review/

============================================================
  PIPELINE COMPLETE
============================================================

✅ Published 1 of 1 target articles:

  📄 Frase Review 2026: AI Content Optimization Worth the Price
     Keyword: frase review
     Local: article_frase-review_20260810_210119.html
     WordPress: https://equinoxen.com/frase-review/
     Status: published

💡 Next steps:
   1. Review articles in WordPress
   2. Verify affiliate links are working
   🧹 Removed old article: article_frase-review_20260810_210119.html
   ✅ Cleanup complete
============================================================
  EQUINOXEN MEDIA — CONTENT PIPELINE
  Running at: 2026-08-11 15:00:11
  Target: 1 articles
============================================================
📂 Loading intelligence report: intelligence_report_20260810_170253.json

📋 Found 6 opportunities

============================================================
  ARTICLE 1 of 1 (opportunity 1 of 6)
============================================================
⏭️  Skipping — already published (slug match):
   Best CRM Software for Construction Companies in 2026

============================================================
  ARTICLE 1 of 1 (opportunity 2 of 6)
============================================================
⏭️  Skipping — comparison already covered: close crm+copper

============================================================
  ARTICLE 1 of 1 (opportunity 3 of 6)
============================================================
⏭️  Skipping — comparison already covered: frase

============================================================
  ARTICLE 1 of 1 (opportunity 4 of 6)
============================================================

✍️  Generating article: Patriot Accounting Review 2026: Small Business Payroll Solution
   Keyword: patriot accounting review
   Type: review
   ✅ Article generated (8979 characters)
   🔍 Generating SEO metadata...
   💾 Saved locally: article_patriot-accounting-review_20260811_150107.html
   🎨 Generating AI featured images...
   🎨 Generating landscape AI image for: Patriot Accounting Review 2026: Small Business Payroll Solution
   ✅ Landscape image generated (137KB)

📤 Publishing to WordPress as publish...
   ✅ Published! ID: 1170
   🔗 URL: https://equinoxen.com/patriot-accounting-review/
   🔄 WordPress hooks triggered
   🎯 Rank Math focus keyword set: patriot accounting review
   📝 Tracked: Patriot Accounting Review 2026: Small Business Payroll Solution

📱 Posting to social media...
   ⏭️  LinkedIn — outside posting window (10am-12pm Pacific)
   📤 Posting to X...
   ✅ X posted successfully
   📤 Posting to Dev.to...
   ✍️  Generating Dev.to summary...
   ✅ Dev.to summary generated (1538 chars)
   ✅ Dev.to posted successfully
   🔗 Dev.to URL: https://dev.to/jdhaack1/patriot-accounting-review-2026-small-business-payroll-solution-2d73
   📱 Social posting complete
   ✅ IndexNow submitted: https://equinoxen.com/patriot-accounting-review/
   ✅ Google Indexing API submitted: https://equinoxen.com/patriot-accounting-review/

============================================================
  PIPELINE COMPLETE
============================================================

✅ Published 1 of 1 target articles:

  📄 Patriot Accounting Review 2026: Small Business Payroll Solution
     Keyword: patriot accounting review
     Local: article_patriot-accounting-review_20260811_150107.html
     WordPress: https://equinoxen.com/patriot-accounting-review/
     Status: published

💡 Next steps:
   1. Review articles in WordPress
   2. Verify affiliate links are working
   🧹 Removed old article: article_patriot-accounting-review_20260811_150107.html
   ✅ Cleanup complete
============================================================
  EQUINOXEN MEDIA — CONTENT PIPELINE
  Running at: 2026-08-11 18:00:12
  Target: 1 articles
============================================================
📂 Loading intelligence report: intelligence_report_20260811_170314.json

📋 Found 7 opportunities

============================================================
  ARTICLE 1 of 1 (opportunity 1 of 7)
============================================================

✍️  Generating article: Teamwork vs Notion for Project Management in 2026
   Keyword: teamwork vs notion
   Type: comparison
   ✅ Article generated (17244 characters)
   🔍 Generating SEO metadata...
   💾 Saved locally: article_teamwork-vs-notion-project-management_20260811_180149.html
   🎨 Generating AI featured images...
   🎨 Generating landscape AI image for: Teamwork vs Notion for Project Management in 2026
   ✅ Landscape image generated (70KB)

📤 Publishing to WordPress as publish...
   ✅ Published! ID: 1173
   🔗 URL: https://equinoxen.com/teamwork-vs-notion-project-management/
   🔄 WordPress hooks triggered
   🎯 Rank Math focus keyword set: teamwork vs notion
   📝 Tracked: Teamwork vs Notion for Project Management in 2026

📱 Posting to social media...
   📤 Posting to LinkedIn...
   🖼️  Uploading image to LinkedIn...
   ⚠️  Image registration failed: 401
   ❌ LinkedIn failed: 401 — {"status":401,"serviceErrorCode":65602,"code":"EXPIRED_ACCESS_TOKEN","message":"The token used in the request has expired"}
   📤 Posting to X...
   ✅ X posted successfully
   📤 Posting to Dev.to...
   ✍️  Generating Dev.to summary...
   ✅ Dev.to summary generated (1584 chars)
   ✅ Dev.to posted successfully
   🔗 Dev.to URL: https://dev.to/jdhaack1/teamwork-vs-notion-for-project-management-in-2026-1beb
   📱 Social posting complete
   ✅ IndexNow submitted: https://equinoxen.com/teamwork-vs-notion-project-management/
   ✅ Google Indexing API submitted: https://equinoxen.com/teamwork-vs-notion-project-management/

============================================================
  PIPELINE COMPLETE
============================================================

✅ Published 1 of 1 target articles:

  📄 Teamwork vs Notion for Project Management in 2026
     Keyword: teamwork vs notion
     Local: article_teamwork-vs-notion-project-management_20260811_180149.html
     WordPress: https://equinoxen.com/teamwork-vs-notion-project-management/
     Status: published

💡 Next steps:
   1. Review articles in WordPress
   2. Verify affiliate links are working
   🧹 Removed old report: intelligence_report_20260804_170259.json
   🧹 Removed old article: article_teamwork-vs-notion-project-management_20260811_180149.html
   ✅ Cleanup complete
============================================================
  EQUINOXEN MEDIA — CONTENT PIPELINE
  Running at: 2026-08-11 21:00:12
  Target: 1 articles
============================================================
📂 Loading intelligence report: intelligence_report_20260811_170314.json

📋 Found 7 opportunities

============================================================
  ARTICLE 1 of 1 (opportunity 1 of 7)
============================================================
⏭️  Skipping — comparison already covered: notion+teamwork

============================================================
  ARTICLE 1 of 1 (opportunity 2 of 7)
============================================================

✍️  Generating article: Basecamp vs ClickUp: Which Project Management Tool is Better in 2026
   Keyword: basecamp vs clickup
   Type: comparison
   ✅ Article generated (22686 characters)
   🔍 Generating SEO metadata...
   💾 Saved locally: article_basecamp-vs-clickup_20260811_210223.html
   🎨 Generating AI featured images...
   🎨 Generating landscape AI image for: Basecamp vs ClickUp: Which Project Management Tool is Better in 2026
   ✅ Landscape image generated (101KB)

📤 Publishing to WordPress as publish...
   ✅ Published! ID: 1176
   🔗 URL: https://equinoxen.com/basecamp-vs-clickup/
   🔄 WordPress hooks triggered
   🎯 Rank Math focus keyword set: basecamp vs clickup
   📝 Tracked: Basecamp vs ClickUp: Which Project Management Tool is Better in 2026

📱 Posting to social media...
   ⏭️  LinkedIn — already posted today
   📤 Posting to X...
   ✅ X posted successfully
   📤 Posting to Dev.to...
   ✍️  Generating Dev.to summary...
   ✅ Dev.to summary generated (1637 chars)
   ✅ Dev.to posted successfully
   🔗 Dev.to URL: https://dev.to/jdhaack1/basecamp-vs-clickup-which-project-management-tool-is-better-in-2026-1eaj
   📱 Social posting complete
   ✅ IndexNow submitted: https://equinoxen.com/basecamp-vs-clickup/
   ✅ Google Indexing API submitted: https://equinoxen.com/basecamp-vs-clickup/

============================================================
  PIPELINE COMPLETE
============================================================

✅ Published 1 of 1 target articles:

  📄 Basecamp vs ClickUp: Which Project Management Tool is Better in 2026
     Keyword: basecamp vs clickup
     Local: article_basecamp-vs-clickup_20260811_210223.html
     WordPress: https://equinoxen.com/basecamp-vs-clickup/
     Status: published

💡 Next steps:
   1. Review articles in WordPress
   2. Verify affiliate links are working
   🧹 Removed old article: article_basecamp-vs-clickup_20260811_210223.html
   ✅ Cleanup complete
============================================================
  EQUINOXEN MEDIA — CONTENT PIPELINE
  Running at: 2026-08-12 15:00:13
  Target: 1 articles
============================================================
📂 Loading intelligence report: intelligence_report_20260811_170314.json

📋 Found 7 opportunities

============================================================
  ARTICLE 1 of 1 (opportunity 1 of 7)
============================================================
⏭️  Skipping — comparison already covered: notion+teamwork

============================================================
  ARTICLE 1 of 1 (opportunity 2 of 7)
============================================================
⏭️  Skipping — comparison already covered: basecamp+clickup

============================================================
  ARTICLE 1 of 1 (opportunity 3 of 7)
============================================================

✍️  Generating article: ActiveCampaign vs HubSpot for Email Marketing in 2026
   Keyword: activecampaign vs hubspot
   Type: comparison
   ✅ Article generated (17859 characters)
   🔍 Generating SEO metadata...
   💾 Saved locally: article_activecampaign-vs-hubspot-email-marketing_20260812_150156.html
   🎨 Generating AI featured images...
   🎨 Generating landscape AI image for: ActiveCampaign vs HubSpot for Email Marketing in 2026
   ✅ Landscape image generated (74KB)

📤 Publishing to WordPress as publish...
   ✅ Published! ID: 1179
   🔗 URL: https://equinoxen.com/activecampaign-vs-hubspot-email-marketing/
   🔄 WordPress hooks triggered
   🎯 Rank Math focus keyword set: activecampaign vs hubspot
   📝 Tracked: ActiveCampaign vs HubSpot for Email Marketing in 2026

📱 Posting to social media...
   ⏭️  LinkedIn — outside posting window (10am-12pm Pacific)
   📤 Posting to X...
   ✅ X posted successfully
   📤 Posting to Dev.to...
   ✍️  Generating Dev.to summary...
   ✅ Dev.to summary generated (1619 chars)
   ✅ Dev.to posted successfully
   🔗 Dev.to URL: https://dev.to/jdhaack1/activecampaign-vs-hubspot-for-email-marketing-in-2026-40na
   📱 Social posting complete
   ✅ IndexNow submitted: https://equinoxen.com/activecampaign-vs-hubspot-email-marketing/
   ✅ Google Indexing API submitted: https://equinoxen.com/activecampaign-vs-hubspot-email-marketing/

============================================================
  PIPELINE COMPLETE
============================================================

✅ Published 1 of 1 target articles:

  📄 ActiveCampaign vs HubSpot for Email Marketing in 2026
     Keyword: activecampaign vs hubspot
     Local: article_activecampaign-vs-hubspot-email-marketing_20260812_150156.html
     WordPress: https://equinoxen.com/activecampaign-vs-hubspot-email-marketing/
     Status: published

💡 Next steps:
   1. Review articles in WordPress
   2. Verify affiliate links are working
   🧹 Removed old article: article_activecampaign-vs-hubspot-email-marketing_20260812_150156.html
   ✅ Cleanup complete
============================================================
  EQUINOXEN MEDIA — CONTENT PIPELINE
  Running at: 2026-08-12 18:00:15
  Target: 1 articles
============================================================
📂 Loading intelligence report: intelligence_report_20260812_170253.json

📋 Found 6 opportunities

============================================================
  ARTICLE 1 of 1 (opportunity 1 of 6)
============================================================

✍️  Generating article: Moz vs Serpstat: Which SEO Tool is Better in 2026
   Keyword: moz vs serpstat
   Type: comparison
   ✅ Article generated (18176 characters)
   🔍 Generating SEO metadata...
   💾 Saved locally: article_moz-vs-serpstat_20260812_180155.html
   🎨 Generating AI featured images...
   🎨 Generating landscape AI image for: Moz vs Serpstat: Which SEO Tool is Better in 2026
   ✅ Landscape image generated (87KB)

📤 Publishing to WordPress as publish...
   ✅ Published! ID: 1182
   🔗 URL: https://equinoxen.com/moz-vs-serpstat/
   🔄 WordPress hooks triggered
   🎯 Rank Math focus keyword set: moz vs serpstat
   📝 Tracked: Moz vs Serpstat: Which SEO Tool is Better in 2026

📱 Posting to social media...
   📤 Posting to LinkedIn...
   🖼️  Uploading image to LinkedIn...
   ⚠️  Image registration failed: 401
   ❌ LinkedIn failed: 401 — {"status":401,"serviceErrorCode":65602,"code":"EXPIRED_ACCESS_TOKEN","message":"The token used in the request has expired"}
   📤 Posting to X...
   ✅ X posted successfully
   📤 Posting to Dev.to...
   ✍️  Generating Dev.to summary...
   ✅ Dev.to summary generated (1474 chars)
   ✅ Dev.to posted successfully
   🔗 Dev.to URL: https://dev.to/jdhaack1/moz-vs-serpstat-which-seo-tool-is-better-in-2026-3dh5
   📱 Social posting complete
   ✅ IndexNow submitted: https://equinoxen.com/moz-vs-serpstat/
   ✅ Google Indexing API submitted: https://equinoxen.com/moz-vs-serpstat/

============================================================
  PIPELINE COMPLETE
============================================================

✅ Published 1 of 1 target articles:

  📄 Moz vs Serpstat: Which SEO Tool is Better in 2026
     Keyword: moz vs serpstat
     Local: article_moz-vs-serpstat_20260812_180155.html
     WordPress: https://equinoxen.com/moz-vs-serpstat/
     Status: published

💡 Next steps:
   1. Review articles in WordPress
   2. Verify affiliate links are working
   🧹 Removed old report: intelligence_report_20260805_170237.json
   🧹 Removed old article: article_moz-vs-serpstat_20260812_180155.html
   ✅ Cleanup complete
============================================================
  EQUINOXEN MEDIA — CONTENT PIPELINE
  Running at: 2026-08-12 21:00:23
  Target: 1 articles
============================================================
📂 Loading intelligence report: intelligence_report_20260812_170253.json

📋 Found 6 opportunities

============================================================
  ARTICLE 1 of 1 (opportunity 1 of 6)
============================================================
⏭️  Skipping — comparison already covered: moz+serpstat

============================================================
  ARTICLE 1 of 1 (opportunity 2 of 6)
============================================================

✍️  Generating article: Hive vs Teamwork: Project Management Showdown 2026
   Keyword: hive vs teamwork
   Type: comparison
   ✅ Article generated (17814 characters)
   🔍 Generating SEO metadata...
   💾 Saved locally: article_hive-vs-teamwork-project-management_20260812_210201.html
   🎨 Generating AI featured images...
   🎨 Generating landscape AI image for: Hive vs Teamwork: Project Management Showdown 2026
   ✅ Landscape image generated (83KB)

📤 Publishing to WordPress as publish...
   ✅ Published! ID: 1185
   🔗 URL: https://equinoxen.com/hive-vs-teamwork-project-management/
   🔄 WordPress hooks triggered
   🎯 Rank Math focus keyword set: hive vs teamwork
   📝 Tracked: Hive vs Teamwork: Project Management Showdown 2026

📱 Posting to social media...
   ⏭️  LinkedIn — already posted today
   📤 Posting to X...
   ✅ X posted successfully
   📤 Posting to Dev.to...
   ✍️  Generating Dev.to summary...
   ✅ Dev.to summary generated (1388 chars)
   ✅ Dev.to posted successfully
   🔗 Dev.to URL: https://dev.to/jdhaack1/hive-vs-teamwork-project-management-showdown-2026-2a0c
   📱 Social posting complete
   ✅ IndexNow submitted: https://equinoxen.com/hive-vs-teamwork-project-management/
   ✅ Google Indexing API submitted: https://equinoxen.com/hive-vs-teamwork-project-management/

============================================================
  PIPELINE COMPLETE
============================================================

✅ Published 1 of 1 target articles:

  📄 Hive vs Teamwork: Project Management Showdown 2026
     Keyword: hive vs teamwork
     Local: article_hive-vs-teamwork-project-management_20260812_210201.html
     WordPress: https://equinoxen.com/hive-vs-teamwork-project-management/
     Status: published

💡 Next steps:
   1. Review articles in WordPress
   2. Verify affiliate links are working
   🧹 Removed old article: article_hive-vs-teamwork-project-management_20260812_210201.html
   ✅ Cleanup complete
============================================================
  EQUINOXEN MEDIA — CONTENT PIPELINE
  Running at: 2026-08-13 15:00:10
  Target: 1 articles
============================================================
📂 Loading intelligence report: intelligence_report_20260812_170253.json

📋 Found 6 opportunities

============================================================
  ARTICLE 1 of 1 (opportunity 1 of 6)
============================================================
⏭️  Skipping — comparison already covered: moz+serpstat

============================================================
  ARTICLE 1 of 1 (opportunity 2 of 6)
============================================================
⏭️  Skipping — comparison already covered: hive+teamwork

============================================================
  ARTICLE 1 of 1 (opportunity 3 of 6)
============================================================
⏭️  Skipping — already published (keyword match):
   Writesonic Review 2026: AI Writing Tool Testing and Results

============================================================
  ARTICLE 1 of 1 (opportunity 4 of 6)
============================================================

✍️  Generating article: Keap vs Close CRM: Which CRM is Right for You in 2026
   Keyword: keap vs close crm
   Type: comparison
   ✅ Article generated (18774 characters)
   🔍 Generating SEO metadata...
   💾 Saved locally: article_keap-vs-close-crm_20260813_150158.html
   🎨 Generating AI featured images...
   🎨 Generating landscape AI image for: Keap vs Close CRM: Which CRM is Right for You in 2026
   ✅ Landscape image generated (83KB)

📤 Publishing to WordPress as publish...
   ✅ Published! ID: 1189
   🔗 URL: https://equinoxen.com/keap-vs-close-crm/
   🔄 WordPress hooks triggered
   🎯 Rank Math focus keyword set: keap vs close crm
   📝 Tracked: Keap vs Close CRM: Which CRM is Right for You in 2026

📱 Posting to social media...
   ⏭️  LinkedIn — outside posting window (10am-12pm Pacific)
   📤 Posting to X...
   ✅ X posted successfully
   📤 Posting to Dev.to...
   ✍️  Generating Dev.to summary...
   ✅ Dev.to summary generated (1286 chars)
   ✅ Dev.to posted successfully
   🔗 Dev.to URL: https://dev.to/jdhaack1/keap-vs-close-crm-which-crm-is-right-for-you-in-2026-1pal
   📱 Social posting complete
   ✅ IndexNow submitted: https://equinoxen.com/keap-vs-close-crm/
   ✅ Google Indexing API submitted: https://equinoxen.com/keap-vs-close-crm/

============================================================
  PIPELINE COMPLETE
============================================================

✅ Published 1 of 1 target articles:

  📄 Keap vs Close CRM: Which CRM is Right for You in 2026
     Keyword: keap vs close crm
     Local: article_keap-vs-close-crm_20260813_150158.html
     WordPress: https://equinoxen.com/keap-vs-close-crm/
     Status: published

💡 Next steps:
   1. Review articles in WordPress
   2. Verify affiliate links are working
   🧹 Removed old article: article_keap-vs-close-crm_20260813_150158.html
   ✅ Cleanup complete
============================================================
  EQUINOXEN MEDIA — CONTENT PIPELINE
  Running at: 2026-08-13 18:00:11
  Target: 1 articles
============================================================
📂 Loading intelligence report: intelligence_report_20260813_170231.json

📋 Found 5 opportunities

============================================================
  ARTICLE 1 of 1 (opportunity 1 of 5)
============================================================

✍️  Generating article: Unbounce vs Instapage: Which Landing Page Builder Wins in 2026
   Keyword: unbounce vs instapage
   Type: comparison
   ✅ Article generated (16529 characters)
   🔍 Generating SEO metadata...
   💾 Saved locally: article_unbounce-vs-instapage_20260813_180141.html
   🎨 Generating AI featured images...
   🎨 Generating landscape AI image for: Unbounce vs Instapage: Which Landing Page Builder Wins in 2026
   ✅ Landscape image generated (101KB)

📤 Publishing to WordPress as publish...
   ✅ Published! ID: 1192
   🔗 URL: https://equinoxen.com/unbounce-vs-instapage/
   🔄 WordPress hooks triggered
   🎯 Rank Math focus keyword set: unbounce vs instapage
   📝 Tracked: Unbounce vs Instapage: Which Landing Page Builder Wins in 2026

📱 Posting to social media...
   📤 Posting to LinkedIn...
   🖼️  Uploading image to LinkedIn...
   ⚠️  Image registration failed: 401
   ❌ LinkedIn failed: 401 — {"status":401,"serviceErrorCode":65602,"code":"EXPIRED_ACCESS_TOKEN","message":"The token used in the request has expired"}
   📤 Posting to X...
   ✅ X posted successfully
   📤 Posting to Dev.to...
   ✍️  Generating Dev.to summary...
   ✅ Dev.to summary generated (1578 chars)
   ✅ Dev.to posted successfully
   🔗 Dev.to URL: https://dev.to/jdhaack1/unbounce-vs-instapage-which-landing-page-builder-wins-in-2026-2kmi
   📱 Social posting complete
   ✅ IndexNow submitted: https://equinoxen.com/unbounce-vs-instapage/
   ✅ Google Indexing API submitted: https://equinoxen.com/unbounce-vs-instapage/

============================================================
  PIPELINE COMPLETE
============================================================

✅ Published 1 of 1 target articles:

  📄 Unbounce vs Instapage: Which Landing Page Builder Wins in 2026
     Keyword: unbounce vs instapage
     Local: article_unbounce-vs-instapage_20260813_180141.html
     WordPress: https://equinoxen.com/unbounce-vs-instapage/
     Status: published

💡 Next steps:
   1. Review articles in WordPress
   2. Verify affiliate links are working
   🧹 Removed old report: intelligence_report_20260806_170153.json
   🧹 Removed old article: article_unbounce-vs-instapage_20260813_180141.html
   ✅ Cleanup complete
============================================================
  EQUINOXEN MEDIA — CONTENT PIPELINE
  Running at: 2026-08-13 21:00:11
  Target: 1 articles
============================================================
📂 Loading intelligence report: intelligence_report_20260813_170231.json

📋 Found 5 opportunities

============================================================
  ARTICLE 1 of 1 (opportunity 1 of 5)
============================================================
⏭️  Skipping — comparison already covered: instapage+unbounce

============================================================
  ARTICLE 1 of 1 (opportunity 2 of 5)
============================================================
⏭️  Skipping — already published (keyword match):
   Writesonic Review: AI Writing Tool Testing and Pricing 2026

============================================================
  ARTICLE 1 of 1 (opportunity 3 of 5)
============================================================
⏭️  Skipping — comparison already covered: instapage+unbounce

============================================================
  ARTICLE 1 of 1 (opportunity 4 of 5)
============================================================

✍️  Generating article: Zoho CRM vs Salesforce: Pricing and Features Compared 2026
   Keyword: zoho crm vs salesforce
   Type: comparison
   ✅ Article generated (17621 characters)
   🔍 Generating SEO metadata...
   💾 Saved locally: article_zoho-crm-vs-salesforce_20260813_210149.html
   🎨 Generating AI featured images...
   🎨 Generating landscape AI image for: Zoho CRM vs Salesforce: Pricing and Features Compared 2026
   ✅ Landscape image generated (80KB)

📤 Publishing to WordPress as publish...
   ✅ Published! ID: 1195
   🔗 URL: https://equinoxen.com/zoho-crm-vs-salesforce/
   🔄 WordPress hooks triggered
   🎯 Rank Math focus keyword set: zoho crm vs salesforce
   📝 Tracked: Zoho CRM vs Salesforce: Pricing and Features Compared 2026

📱 Posting to social media...
   ⏭️  LinkedIn — already posted today
   📤 Posting to X...
   ✅ X posted successfully
   📤 Posting to Dev.to...
   ✍️  Generating Dev.to summary...
   ✅ Dev.to summary generated (1478 chars)
   ✅ Dev.to posted successfully
   🔗 Dev.to URL: https://dev.to/jdhaack1/zoho-crm-vs-salesforce-pricing-and-features-compared-2026-43a8
   📱 Social posting complete
   ✅ IndexNow submitted: https://equinoxen.com/zoho-crm-vs-salesforce/
   ✅ Google Indexing API submitted: https://equinoxen.com/zoho-crm-vs-salesforce/

============================================================
  PIPELINE COMPLETE
============================================================

✅ Published 1 of 1 target articles:

  📄 Zoho CRM vs Salesforce: Pricing and Features Compared 2026
     Keyword: zoho crm vs salesforce
     Local: article_zoho-crm-vs-salesforce_20260813_210149.html
     WordPress: https://equinoxen.com/zoho-crm-vs-salesforce/
     Status: published

💡 Next steps:
   1. Review articles in WordPress
   2. Verify affiliate links are working
   🧹 Removed old article: article_zapier-vs-ifttt-best-automation-tool-business-2026_20260527_150218.html
   ✅ Cleanup complete
============================================================
  EQUINOXEN MEDIA — CONTENT PIPELINE
  Running at: 2026-08-14 15:00:14
  Target: 1 articles
============================================================
📂 Loading intelligence report: intelligence_report_20260813_170231.json

📋 Found 5 opportunities

============================================================
  ARTICLE 1 of 1 (opportunity 1 of 5)
============================================================
⏭️  Skipping — comparison already covered: instapage+unbounce

============================================================
  ARTICLE 1 of 1 (opportunity 2 of 5)
============================================================
⏭️  Skipping — already published (keyword match):
   Writesonic Review: AI Writing Tool Testing and Pricing 2026

============================================================
  ARTICLE 1 of 1 (opportunity 3 of 5)
============================================================
⏭️  Skipping — comparison already covered: instapage+unbounce

============================================================
  ARTICLE 1 of 1 (opportunity 4 of 5)
============================================================
⏭️  Skipping — comparison already covered: salesforce+zoho

============================================================
  ARTICLE 1 of 1 (opportunity 5 of 5)
============================================================

✍️  Generating article: SpyFu vs Ahrefs: Best SEO Competitive Analysis Tool 2026
   Keyword: spyfu vs ahrefs
   Type: comparison
   ✅ Article generated (16959 characters)
   🔍 Generating SEO metadata...
   💾 Saved locally: article_spyfu-vs-ahrefs-seo-competitive-analysis-tool_20260814_150201.html
   🎨 Generating AI featured images...
   🎨 Generating landscape AI image for: SpyFu vs Ahrefs: Best SEO Competitive Analysis Tool 2026
   ✅ Landscape image generated (100KB)

📤 Publishing to WordPress as publish...
   ✅ Published! ID: 1198
   🔗 URL: https://equinoxen.com/spyfu-vs-ahrefs-seo-competitive-analysis-tool/
   🔄 WordPress hooks triggered
   🎯 Rank Math focus keyword set: spyfu vs ahrefs
   📝 Tracked: SpyFu vs Ahrefs: Best SEO Competitive Analysis Tool 2026

📱 Posting to social media...
   ⏭️  LinkedIn — outside posting window (10am-12pm Pacific)
   📤 Posting to X...
   ✅ X posted successfully
   📤 Posting to Dev.to...
   ✍️  Generating Dev.to summary...
   ✅ Dev.to summary generated (1391 chars)
   ✅ Dev.to posted successfully
   🔗 Dev.to URL: https://dev.to/jdhaack1/spyfu-vs-ahrefs-best-seo-competitive-analysis-tool-2026-22d2
   📱 Social posting complete
   ✅ IndexNow submitted: https://equinoxen.com/spyfu-vs-ahrefs-seo-competitive-analysis-tool/
   ✅ Google Indexing API submitted: https://equinoxen.com/spyfu-vs-ahrefs-seo-competitive-analysis-tool/

============================================================
  PIPELINE COMPLETE
============================================================

✅ Published 1 of 1 target articles:

  📄 SpyFu vs Ahrefs: Best SEO Competitive Analysis Tool 2026
     Keyword: spyfu vs ahrefs
     Local: article_spyfu-vs-ahrefs-seo-competitive-analysis-tool_20260814_150201.html
     WordPress: https://equinoxen.com/spyfu-vs-ahrefs-seo-competitive-analysis-tool/
     Status: published

💡 Next steps:
   1. Review articles in WordPress
   2. Verify affiliate links are working
   🧹 Removed old article: article_spyfu-vs-ahrefs-seo-competitive-analysis-tool_20260814_150201.html
   ✅ Cleanup complete
============================================================
  EQUINOXEN MEDIA — CONTENT PIPELINE
  Running at: 2026-08-14 18:00:11
  Target: 1 articles
============================================================
📂 Loading intelligence report: intelligence_report_20260814_170305.json

📋 Found 4 opportunities

============================================================
  ARTICLE 1 of 1 (opportunity 1 of 4)
============================================================

✍️  Generating article: Constant Contact vs Drip 2026: Which Email Platform Wins for Small Business
   Keyword: constant contact vs drip
   Type: comparison
   ✅ Article generated (18470 characters)
   🔍 Generating SEO metadata...
   💾 Saved locally: article_constant-contact-vs-drip_20260814_180146.html
   🎨 Generating AI featured images...
   🎨 Generating landscape AI image for: Constant Contact vs Drip 2026: Which Email Platform Wins for Small Business
   ✅ Landscape image generated (103KB)

📤 Publishing to WordPress as publish...
   ✅ Published! ID: 1201
   🔗 URL: https://equinoxen.com/constant-contact-vs-drip/
   🔄 WordPress hooks triggered
   🎯 Rank Math focus keyword set: constant contact vs drip
   📝 Tracked: Constant Contact vs Drip 2026: Which Email Platform Wins for Small Business

📱 Posting to social media...
   📤 Posting to LinkedIn...
   🖼️  Uploading image to LinkedIn...
   ⚠️  Image registration failed: 401
   ❌ LinkedIn failed: 401 — {"status":401,"serviceErrorCode":65602,"code":"EXPIRED_ACCESS_TOKEN","message":"The token used in the request has expired"}
   📤 Posting to X...
   ✅ X posted successfully
   📤 Posting to Dev.to...
   ✍️  Generating Dev.to summary...
   ✅ Dev.to summary generated (1472 chars)
   ✅ Dev.to posted successfully
   🔗 Dev.to URL: https://dev.to/jdhaack1/constant-contact-vs-drip-2026-which-email-platform-wins-for-small-business-2mla
   📱 Social posting complete
   ✅ IndexNow submitted: https://equinoxen.com/constant-contact-vs-drip/
   ✅ Google Indexing API submitted: https://equinoxen.com/constant-contact-vs-drip/

============================================================
  PIPELINE COMPLETE
============================================================

✅ Published 1 of 1 target articles:

  📄 Constant Contact vs Drip 2026: Which Email Platform Wins for Small Business
     Keyword: constant contact vs drip
     Local: article_constant-contact-vs-drip_20260814_180146.html
     WordPress: https://equinoxen.com/constant-contact-vs-drip/
     Status: published

💡 Next steps:
   1. Review articles in WordPress
   2. Verify affiliate links are working
   🧹 Removed old report: intelligence_report_20260807_170147.json
   🧹 Removed old article: article_constant-contact-vs-drip_20260814_180146.html
   ✅ Cleanup complete
============================================================
  EQUINOXEN MEDIA — CONTENT PIPELINE
  Running at: 2026-08-14 21:00:12
  Target: 1 articles
============================================================
📂 Loading intelligence report: intelligence_report_20260814_170305.json

📋 Found 4 opportunities

============================================================
  ARTICLE 1 of 1 (opportunity 1 of 4)
============================================================
⏭️  Skipping — comparison already covered: constant contact+drip

============================================================
  ARTICLE 1 of 1 (opportunity 2 of 4)
============================================================

✍️  Generating article: Asana vs Todoist 2026: Project Management Showdown
   Keyword: asana vs todoist
   Type: comparison
   ✅ Article generated (17085 characters)
   🔍 Generating SEO metadata...
   💾 Saved locally: article_asana-vs-todoist_20260814_210156.html
   🎨 Generating AI featured images...
   🎨 Generating landscape AI image for: Asana vs Todoist 2026: Project Management Showdown
   ✅ Landscape image generated (82KB)

📤 Publishing to WordPress as publish...
   ✅ Published! ID: 1204
   🔗 URL: https://equinoxen.com/asana-vs-todoist/
   🔄 WordPress hooks triggered
   🎯 Rank Math focus keyword set: asana vs todoist
   📝 Tracked: Asana vs Todoist 2026: Project Management Showdown

📱 Posting to social media...
   ⏭️  LinkedIn — already posted today
   📤 Posting to X...
   ✅ X posted successfully
   📤 Posting to Dev.to...
   ✍️  Generating Dev.to summary...
   ✅ Dev.to summary generated (1415 chars)
   ✅ Dev.to posted successfully
   🔗 Dev.to URL: https://dev.to/jdhaack1/asana-vs-todoist-2026-project-management-showdown-2l6m
   📱 Social posting complete
   ✅ IndexNow submitted: https://equinoxen.com/asana-vs-todoist/
   ✅ Google Indexing API submitted: https://equinoxen.com/asana-vs-todoist/

============================================================
  PIPELINE COMPLETE
============================================================

✅ Published 1 of 1 target articles:

  📄 Asana vs Todoist 2026: Project Management Showdown
     Keyword: asana vs todoist
     Local: article_asana-vs-todoist_20260814_210156.html
     WordPress: https://equinoxen.com/asana-vs-todoist/
     Status: published

💡 Next steps:
   1. Review articles in WordPress
   2. Verify affiliate links are working
   🧹 Removed old article: article_asana-vs-todoist_20260814_210156.html
   ✅ Cleanup complete
============================================================
  EQUINOXEN MEDIA — CONTENT PIPELINE
  Running at: 2026-08-15 15:00:11
  Target: 1 articles
============================================================
📂 Loading intelligence report: intelligence_report_20260814_170305.json

📋 Found 4 opportunities

============================================================
  ARTICLE 1 of 1 (opportunity 1 of 4)
============================================================
⏭️  Skipping — comparison already covered: constant contact+drip

============================================================
  ARTICLE 1 of 1 (opportunity 2 of 4)
============================================================
⏭️  Skipping — comparison already covered: asana+todoist

============================================================
  ARTICLE 1 of 1 (opportunity 3 of 4)
============================================================

✍️  Generating article: Xero vs QuickBooks 2026: Which Accounting Software for Small Business
   Keyword: xero vs quickbooks
   Type: comparison
   ✅ Article generated (15796 characters)
   🔍 Generating SEO metadata...
   💾 Saved locally: article_xero-vs-quickbooks_20260815_150136.html
   🎨 Generating AI featured images...
   🎨 Generating landscape AI image for: Xero vs QuickBooks 2026: Which Accounting Software for Small Business
   ✅ Landscape image generated (87KB)

📤 Publishing to WordPress as publish...
   ✅ Published! ID: 1207
   🔗 URL: https://equinoxen.com/xero-vs-quickbooks/
   🔄 WordPress hooks triggered
   🎯 Rank Math focus keyword set: xero vs quickbooks
   📝 Tracked: Xero vs QuickBooks 2026: Which Accounting Software for Small Business

📱 Posting to social media...
   ⏭️  LinkedIn — outside posting window (10am-12pm Pacific)
   📤 Posting to X...
   ✅ X posted successfully
   📤 Posting to Dev.to...
   ✍️  Generating Dev.to summary...
   ✅ Dev.to summary generated (1508 chars)
   ✅ Dev.to posted successfully
   🔗 Dev.to URL: https://dev.to/jdhaack1/xero-vs-quickbooks-2026-which-accounting-software-for-small-business-2e3n
   📱 Social posting complete
   ✅ IndexNow submitted: https://equinoxen.com/xero-vs-quickbooks/
   ✅ Google Indexing API submitted: https://equinoxen.com/xero-vs-quickbooks/

============================================================
  PIPELINE COMPLETE
============================================================

✅ Published 1 of 1 target articles:

  📄 Xero vs QuickBooks 2026: Which Accounting Software for Small Business
     Keyword: xero vs quickbooks
     Local: article_xero-vs-quickbooks_20260815_150136.html
     WordPress: https://equinoxen.com/xero-vs-quickbooks/
     Status: published

💡 Next steps:
   1. Review articles in WordPress
   2. Verify affiliate links are working
   🧹 Removed old article: article_xero-vs-quickbooks_20260815_150136.html
   ✅ Cleanup complete
============================================================
  EQUINOXEN MEDIA — CONTENT PIPELINE
  Running at: 2026-08-15 18:00:12
  Target: 1 articles
============================================================
📂 Loading intelligence report: intelligence_report_20260815_170220.json

📋 Found 7 opportunities

============================================================
  ARTICLE 1 of 1 (opportunity 1 of 7)
============================================================

✍️  Generating article: Monday.com Review 2026: Features, Pricing and Real User Experience
   Keyword: monday project management software review
   Type: review
   ✅ Article generated (11021 characters)
   🔍 Generating SEO metadata...
   💾 Saved locally: article_monday-project-management-software-review_20260815_180122.html
   🎨 Generating AI featured images...
   🎨 Generating landscape AI image for: Monday.com Review 2026: Features, Pricing and Real User Experience
   ✅ Landscape image generated (73KB)

📤 Publishing to WordPress as publish...
   ✅ Published! ID: 1210
   🔗 URL: https://equinoxen.com/monday-project-management-software-review/
   🔄 WordPress hooks triggered
   🎯 Rank Math focus keyword set: monday project management software review
   📝 Tracked: Monday.com Review 2026: Features, Pricing and Real User Experience

📱 Posting to social media...
   📤 Posting to LinkedIn...
   🖼️  Uploading image to LinkedIn...
   ⚠️  Image registration failed: 401
   ❌ LinkedIn failed: 401 — {"status":401,"serviceErrorCode":65602,"code":"EXPIRED_ACCESS_TOKEN","message":"The token used in the request has expired"}
   📤 Posting to X...
   ✅ X posted successfully
   📤 Posting to Dev.to...
   ✍️  Generating Dev.to summary...
   ✅ Dev.to summary generated (1530 chars)
   ✅ Dev.to posted successfully
   🔗 Dev.to URL: https://dev.to/jdhaack1/mondaycom-review-2026-features-pricing-and-real-user-experience-1hcl
   📱 Social posting complete
   ✅ IndexNow submitted: https://equinoxen.com/monday-project-management-software-review/
   ✅ Google Indexing API submitted: https://equinoxen.com/monday-project-management-software-review/

============================================================
  PIPELINE COMPLETE
============================================================

✅ Published 1 of 1 target articles:

  📄 Monday.com Review 2026: Features, Pricing and Real User Experience
     Keyword: monday project management software review
     Local: article_monday-project-management-software-review_20260815_180122.html
     WordPress: https://equinoxen.com/monday-project-management-software-review/
     Status: published

💡 Next steps:
   1. Review articles in WordPress
   2. Verify affiliate links are working
   🧹 Removed old report: intelligence_report_20260808_170149.json
   🧹 Removed old article: article_monday-project-management-software-review_20260815_180122.html
   ✅ Cleanup complete
============================================================
  EQUINOXEN MEDIA — CONTENT PIPELINE
  Running at: 2026-08-15 21:00:10
  Target: 1 articles
============================================================
📂 Loading intelligence report: intelligence_report_20260815_170220.json

📋 Found 7 opportunities

============================================================
  ARTICLE 1 of 1 (opportunity 1 of 7)
============================================================
⏭️  Skipping — comparison already covered: monday project management software

============================================================
  ARTICLE 1 of 1 (opportunity 2 of 7)
============================================================
⏭️  Skipping — already published (title match):
   Best Project Management Software for Construction in 2026

============================================================
  ARTICLE 1 of 1 (opportunity 3 of 7)
============================================================

✍️  Generating article: ActiveCampaign Review 2026: Email Marketing Automation Platform Tested
   Keyword: activecampaign review
   Type: review
   ✅ Article generated (13154 characters)
   🔍 Generating SEO metadata...
   💾 Saved locally: article_activecampaign-review_20260815_210123.html
   🎨 Generating AI featured images...
   🎨 Generating landscape AI image for: ActiveCampaign Review 2026: Email Marketing Automation Platform Tested
   ✅ Landscape image generated (63KB)

📤 Publishing to WordPress as publish...
   ✅ Published! ID: 1213
   🔗 URL: https://equinoxen.com/activecampaign-review/
   🔄 WordPress hooks triggered
   🎯 Rank Math focus keyword set: activecampaign review
   📝 Tracked: ActiveCampaign Review 2026: Email Marketing Automation Platform Tested

📱 Posting to social media...
   ⏭️  LinkedIn — already posted today
   📤 Posting to X...
   ✅ X posted successfully
   📤 Posting to Dev.to...
   ✍️  Generating Dev.to summary...
   ✅ Dev.to summary generated (1537 chars)
   ✅ Dev.to posted successfully
   🔗 Dev.to URL: https://dev.to/jdhaack1/activecampaign-review-2026-email-marketing-automation-platform-tested-1ph6
   📱 Social posting complete
   ✅ IndexNow submitted: https://equinoxen.com/activecampaign-review/
   ✅ Google Indexing API submitted: https://equinoxen.com/activecampaign-review/

============================================================
  PIPELINE COMPLETE
============================================================

✅ Published 1 of 1 target articles:

  📄 ActiveCampaign Review 2026: Email Marketing Automation Platform Tested
     Keyword: activecampaign review
     Local: article_activecampaign-review_20260815_210123.html
     WordPress: https://equinoxen.com/activecampaign-review/
     Status: published

💡 Next steps:
   1. Review articles in WordPress
   2. Verify affiliate links are working
   🧹 Removed old article: article_activecampaign-review_20260815_210123.html
   ✅ Cleanup complete
============================================================
  EQUINOXEN MEDIA — CONTENT PIPELINE
  Running at: 2026-08-16 15:00:11
  Target: 1 articles
============================================================
📂 Loading intelligence report: intelligence_report_20260815_170220.json

📋 Found 7 opportunities

============================================================
  ARTICLE 1 of 1 (opportunity 1 of 7)
============================================================
⏭️  Skipping — comparison already covered: monday project management software

============================================================
  ARTICLE 1 of 1 (opportunity 2 of 7)
============================================================
⏭️  Skipping — already published (title match):
   Best Project Management Software for Construction in 2026

============================================================
  ARTICLE 1 of 1 (opportunity 3 of 7)
============================================================
⏭️  Skipping — comparison already covered: activecampaign

============================================================
  ARTICLE 1 of 1 (opportunity 4 of 7)
============================================================

✍️  Generating article: Semrush vs Mangools 2026: Which SEO Tool Offers Better Value
   Keyword: semrush vs mangools
   Type: comparison
   ✅ Article generated (15684 characters)
   🔍 Generating SEO metadata...
   💾 Saved locally: article_semrush-vs-mangools_20260816_150135.html
   🎨 Generating AI featured images...
   🎨 Generating landscape AI image for: Semrush vs Mangools 2026: Which SEO Tool Offers Better Value
   ✅ Landscape image generated (79KB)

📤 Publishing to WordPress as publish...
   ✅ Published! ID: 1216
   🔗 URL: https://equinoxen.com/semrush-vs-mangools/
   🔄 WordPress hooks triggered
   🎯 Rank Math focus keyword set: semrush vs mangools
   📝 Tracked: Semrush vs Mangools 2026: Which SEO Tool Offers Better Value

📱 Posting to social media...
   ⏭️  LinkedIn — outside posting window (10am-12pm Pacific)
   📤 Posting to X...
   ✅ X posted successfully
   📤 Posting to Dev.to...
   ✍️  Generating Dev.to summary...
   ✅ Dev.to summary generated (1366 chars)
   ✅ Dev.to posted successfully
   🔗 Dev.to URL: https://dev.to/jdhaack1/semrush-vs-mangools-2026-which-seo-tool-offers-better-value-56m3
   📱 Social posting complete
   ✅ IndexNow submitted: https://equinoxen.com/semrush-vs-mangools/
   ✅ Google Indexing API submitted: https://equinoxen.com/semrush-vs-mangools/

============================================================
  PIPELINE COMPLETE
============================================================

✅ Published 1 of 1 target articles:

  📄 Semrush vs Mangools 2026: Which SEO Tool Offers Better Value
     Keyword: semrush vs mangools
     Local: article_semrush-vs-mangools_20260816_150135.html
     WordPress: https://equinoxen.com/semrush-vs-mangools/
     Status: published

💡 Next steps:
   1. Review articles in WordPress
   2. Verify affiliate links are working
   🧹 Removed old article: article_semrush-vs-mangools_20260816_150135.html
   ✅ Cleanup complete
============================================================
  EQUINOXEN MEDIA — CONTENT PIPELINE
  Running at: 2026-08-16 18:00:14
  Target: 1 articles
============================================================
📂 Loading intelligence report: intelligence_report_20260816_170236.json
❌ No opportunities found in intelligence report
============================================================
  EQUINOXEN MEDIA — CONTENT PIPELINE
  Running at: 2026-08-16 21:00:13
  Target: 1 articles
============================================================
📂 Loading intelligence report: intelligence_report_20260816_170236.json
❌ No opportunities found in intelligence report
============================================================
  EQUINOXEN MEDIA — CONTENT PIPELINE
  Running at: 2026-08-17 15:00:18
  Target: 1 articles
============================================================
📂 Loading intelligence report: intelligence_report_20260816_170236.json
❌ No opportunities found in intelligence report
============================================================
  EQUINOXEN MEDIA — CONTENT PIPELINE
  Running at: 2026-08-17 18:00:11
  Target: 1 articles
============================================================
📂 Loading intelligence report: intelligence_report_20260817_170245.json

📋 Found 3 opportunities

============================================================
  ARTICLE 1 of 1 (opportunity 1 of 3)
============================================================

✍️  Generating article: Moz Review 2026: Is This SEO Tool Still Worth It?
   Keyword: moz review
   Type: review
   ✅ Article generated (10634 characters)
   🔍 Generating SEO metadata...
   💾 Saved locally: article_moz-review_20260817_180120.html
   🎨 Generating AI featured images...
   🎨 Generating landscape AI image for: Moz Review 2026: Is This SEO Tool Still Worth It?
   ✅ Landscape image generated (72KB)

📤 Publishing to WordPress as publish...
   ✅ Published! ID: 1219
   🔗 URL: https://equinoxen.com/moz-review/
   🔄 WordPress hooks triggered
   🎯 Rank Math focus keyword set: moz review
   📝 Tracked: Moz Review 2026: Is This SEO Tool Still Worth It?

📱 Posting to social media...
   📤 Posting to LinkedIn...
   🖼️  Uploading image to LinkedIn...
   ⚠️  Image registration failed: 401
   ❌ LinkedIn failed: 401 — {"status":401,"serviceErrorCode":65602,"code":"EXPIRED_ACCESS_TOKEN","message":"The token used in the request has expired"}
   📤 Posting to X...
   ✅ X posted successfully
   📤 Posting to Dev.to...
   ✍️  Generating Dev.to summary...
   ✅ Dev.to summary generated (1449 chars)
   ✅ Dev.to posted successfully
   🔗 Dev.to URL: https://dev.to/jdhaack1/moz-review-2026-is-this-seo-tool-still-worth-it-4hn
   📱 Social posting complete
   ✅ IndexNow submitted: https://equinoxen.com/moz-review/
   ✅ Google Indexing API submitted: https://equinoxen.com/moz-review/

============================================================
  PIPELINE COMPLETE
============================================================

✅ Published 1 of 1 target articles:

  📄 Moz Review 2026: Is This SEO Tool Still Worth It?
     Keyword: moz review
     Local: article_moz-review_20260817_180120.html
     WordPress: https://equinoxen.com/moz-review/
     Status: published

💡 Next steps:
   1. Review articles in WordPress
   2. Verify affiliate links are working
   🧹 Removed old report: intelligence_report_20260809_170233.json
   🧹 Removed old report: intelligence_report_20260810_170253.json
   🧹 Removed old article: article_moz-review_20260817_180120.html
   ✅ Cleanup complete
============================================================
  EQUINOXEN MEDIA — CONTENT PIPELINE
  Running at: 2026-08-17 21:00:14
  Target: 1 articles
============================================================
📂 Loading intelligence report: intelligence_report_20260817_170245.json

📋 Found 3 opportunities

============================================================
  ARTICLE 1 of 1 (opportunity 1 of 3)
============================================================
⏭️  Skipping — comparison already covered: moz

============================================================
  ARTICLE 1 of 1 (opportunity 2 of 3)
============================================================
⏭️  Skipping — already published (keyword match):
   Ubersuggest Review 2026: Neil Patel's Budget SEO Tool Tested

============================================================
  ARTICLE 1 of 1 (opportunity 3 of 3)
============================================================

✍️  Generating article: Sage Review 2026: Accounting Software for Growing Businesses
   Keyword: sage review
   Type: review
   ✅ Article generated (9748 characters)
   🔍 Generating SEO metadata...
   💾 Saved locally: article_sage-review_20260817_210115.html
   🎨 Generating AI featured images...
   🎨 Generating landscape AI image for: Sage Review 2026: Accounting Software for Growing Businesses
   ✅ Landscape image generated (98KB)

📤 Publishing to WordPress as publish...
   ✅ Published! ID: 1222
   🔗 URL: https://equinoxen.com/sage-review/
   🔄 WordPress hooks triggered
   🎯 Rank Math focus keyword set: sage review
   📝 Tracked: Sage Review 2026: Accounting Software for Growing Businesses

📱 Posting to social media...
   ⏭️  LinkedIn — already posted today
   📤 Posting to X...
   ✅ X posted successfully
   📤 Posting to Dev.to...
   ✍️  Generating Dev.to summary...
   ✅ Dev.to summary generated (1520 chars)
   ✅ Dev.to posted successfully
   🔗 Dev.to URL: https://dev.to/jdhaack1/sage-review-2026-accounting-software-for-growing-businesses-co0
   📱 Social posting complete
   ✅ IndexNow submitted: https://equinoxen.com/sage-review/
   ✅ Google Indexing API submitted: https://equinoxen.com/sage-review/

============================================================
  PIPELINE COMPLETE
============================================================

✅ Published 1 of 1 target articles:

  📄 Sage Review 2026: Accounting Software for Growing Businesses
     Keyword: sage review
     Local: article_sage-review_20260817_210115.html
     WordPress: https://equinoxen.com/sage-review/
     Status: published

💡 Next steps:
   1. Review articles in WordPress
   2. Verify affiliate links are working
   🧹 Removed old article: article_sage-review_20260817_210115.html
   ✅ Cleanup complete
============================================================
  EQUINOXEN MEDIA — CONTENT PIPELINE
  Running at: 2026-08-18 15:00:14
  Target: 1 articles
============================================================
📂 Loading intelligence report: intelligence_report_20260817_170245.json

📋 Found 3 opportunities

============================================================
  ARTICLE 1 of 1 (opportunity 1 of 3)
============================================================
⏭️  Skipping — comparison already covered: moz

============================================================
  ARTICLE 1 of 1 (opportunity 2 of 3)
============================================================
⏭️  Skipping — already published (keyword match):
   Ubersuggest Review 2026: Neil Patel's Budget SEO Tool Tested

============================================================
  ARTICLE 1 of 1 (opportunity 3 of 3)
============================================================
⏭️  Skipping — comparison already covered: sage

============================================================
  PIPELINE COMPLETE
============================================================

✅ Published 0 of 1 target articles:

⚠️  Only published 0 of 1 — run intelligence.py for fresh opportunities

💡 Next steps:
   1. Review articles in WordPress
   2. Verify affiliate links are working
   ✅ Cleanup complete
============================================================
  EQUINOXEN MEDIA — CONTENT PIPELINE
  Running at: 2026-08-18 18:00:19
  Target: 1 articles
============================================================
📂 Loading intelligence report: intelligence_report_20260818_170238.json

📋 Found 7 opportunities

============================================================
  ARTICLE 1 of 1 (opportunity 1 of 7)
============================================================

✍️  Generating article: Teamwork vs Asana: Which Project Management Tool is Better in 2026
   Keyword: teamwork vs asana
   Type: comparison
   ✅ Article generated (18875 characters)
   🔍 Generating SEO metadata...
   💾 Saved locally: article_teamwork-vs-asana_20260818_180208.html
   🎨 Generating AI featured images...
   🎨 Generating landscape AI image for: Teamwork vs Asana: Which Project Management Tool is Better in 2026
   ✅ Landscape image generated (81KB)

📤 Publishing to WordPress as publish...
   ✅ Published! ID: 1225
   🔗 URL: https://equinoxen.com/teamwork-vs-asana/
   🔄 WordPress hooks triggered
   🎯 Rank Math focus keyword set: teamwork vs asana
   📝 Tracked: Teamwork vs Asana: Which Project Management Tool is Better in 2026

📱 Posting to social media...
   📤 Posting to LinkedIn...
   🖼️  Uploading image to LinkedIn...
   ⚠️  Image registration failed: 401
   ❌ LinkedIn failed: 401 — {"status":401,"serviceErrorCode":65602,"code":"EXPIRED_ACCESS_TOKEN","message":"The token used in the request has expired"}
   📤 Posting to X...
   ✅ X posted successfully
   📤 Posting to Dev.to...
   ✍️  Generating Dev.to summary...
   ✅ Dev.to summary generated (1339 chars)
   ✅ Dev.to posted successfully
   🔗 Dev.to URL: https://dev.to/jdhaack1/teamwork-vs-asana-which-project-management-tool-is-better-in-2026-3f09
   📱 Social posting complete
   ✅ IndexNow submitted: https://equinoxen.com/teamwork-vs-asana/
   ✅ Google Indexing API submitted: https://equinoxen.com/teamwork-vs-asana/

============================================================
  PIPELINE COMPLETE
============================================================

✅ Published 1 of 1 target articles:

  📄 Teamwork vs Asana: Which Project Management Tool is Better in 2026
     Keyword: teamwork vs asana
     Local: article_teamwork-vs-asana_20260818_180208.html
     WordPress: https://equinoxen.com/teamwork-vs-asana/
     Status: published

💡 Next steps:
   1. Review articles in WordPress
   2. Verify affiliate links are working
   🧹 Removed old report: intelligence_report_20260811_170314.json
   🧹 Removed old article: article_teamwork-vs-asana_20260818_180208.html
   ✅ Cleanup complete
============================================================
  EQUINOXEN MEDIA — CONTENT PIPELINE
  Running at: 2026-08-18 21:00:19
  Target: 1 articles
============================================================
📂 Loading intelligence report: intelligence_report_20260818_170238.json

📋 Found 7 opportunities

============================================================
  ARTICLE 1 of 1 (opportunity 1 of 7)
============================================================
⏭️  Skipping — comparison already covered: asana+teamwork

============================================================
  ARTICLE 1 of 1 (opportunity 2 of 7)
============================================================

✍️  Generating article: ClickUp vs Wrike: 2026 Comparison for Growing Teams
   Keyword: clickup vs wrike
   Type: comparison
   ✅ Article generated (19274 characters)
   🔍 Generating SEO metadata...
   💾 Saved locally: article_clickup-vs-wrike-comparison-growing-teams_20260818_210208.html
   🎨 Generating AI featured images...
   🎨 Generating landscape AI image for: ClickUp vs Wrike: 2026 Comparison for Growing Teams
   ✅ Landscape image generated (92KB)

📤 Publishing to WordPress as publish...
   ✅ Published! ID: 1228
   🔗 URL: https://equinoxen.com/clickup-vs-wrike-comparison-growing-teams/
   🔄 WordPress hooks triggered
   🎯 Rank Math focus keyword set: clickup vs wrike
   📝 Tracked: ClickUp vs Wrike: 2026 Comparison for Growing Teams

📱 Posting to social media...
   ⏭️  LinkedIn — already posted today
   📤 Posting to X...
   ✅ X posted successfully
   📤 Posting to Dev.to...
   ✍️  Generating Dev.to summary...
   ✅ Dev.to summary generated (1605 chars)
   ✅ Dev.to posted successfully
   🔗 Dev.to URL: https://dev.to/jdhaack1/clickup-vs-wrike-2026-comparison-for-growing-teams-4koa
   📱 Social posting complete
   ✅ IndexNow submitted: https://equinoxen.com/clickup-vs-wrike-comparison-growing-teams/
   ✅ Google Indexing API submitted: https://equinoxen.com/clickup-vs-wrike-comparison-growing-teams/

============================================================
  PIPELINE COMPLETE
============================================================

✅ Published 1 of 1 target articles:

  📄 ClickUp vs Wrike: 2026 Comparison for Growing Teams
     Keyword: clickup vs wrike
     Local: article_clickup-vs-wrike-comparison-growing-teams_20260818_210208.html
     WordPress: https://equinoxen.com/clickup-vs-wrike-comparison-growing-teams/
     Status: published

💡 Next steps:
   1. Review articles in WordPress
   2. Verify affiliate links are working
   🧹 Removed old article: article_clickup-vs-wrike-comparison-growing-teams_20260818_210208.html
   ✅ Cleanup complete
============================================================
  EQUINOXEN MEDIA — CONTENT PIPELINE
  Running at: 2026-08-19 15:00:21
  Target: 1 articles
============================================================
📂 Loading intelligence report: intelligence_report_20260818_170238.json

📋 Found 7 opportunities

============================================================
  ARTICLE 1 of 1 (opportunity 1 of 7)
============================================================
⏭️  Skipping — comparison already covered: asana+teamwork

============================================================
  ARTICLE 1 of 1 (opportunity 2 of 7)
============================================================
⏭️  Skipping — comparison already covered: clickup+wrike

============================================================
  ARTICLE 1 of 1 (opportunity 3 of 7)
============================================================
⏭️  Skipping — already published (title match):
   Best Project Management Software for Construction in 2026

============================================================
  ARTICLE 1 of 1 (opportunity 4 of 7)
============================================================

✍️  Generating article: Brevo vs Mailchimp: Email Marketing Showdown for 2026
   Keyword: brevo vs mailchimp
   Type: comparison
   ✅ Article generated (19061 characters)
   🔍 Generating SEO metadata...
   💾 Saved locally: article_brevo-vs-mailchimp_20260819_150214.html
   🎨 Generating AI featured images...
   🎨 Generating landscape AI image for: Brevo vs Mailchimp: Email Marketing Showdown for 2026
   ✅ Landscape image generated (66KB)

📤 Publishing to WordPress as publish...
   ✅ Published! ID: 1231
   🔗 URL: https://equinoxen.com/brevo-vs-mailchimp/
   🔄 WordPress hooks triggered
   🎯 Rank Math focus keyword set: brevo vs mailchimp
   📝 Tracked: Brevo vs Mailchimp: Email Marketing Showdown for 2026

📱 Posting to social media...
   ⏭️  LinkedIn — outside posting window (10am-12pm Pacific)
   📤 Posting to X...
   ✅ X posted successfully
   📤 Posting to Dev.to...
   ✍️  Generating Dev.to summary...
   ✅ Dev.to summary generated (1405 chars)
   ✅ Dev.to posted successfully
   🔗 Dev.to URL: https://dev.to/jdhaack1/brevo-vs-mailchimp-email-marketing-showdown-for-2026-5gni
   📱 Social posting complete
   ✅ IndexNow submitted: https://equinoxen.com/brevo-vs-mailchimp/
   ✅ Google Indexing API submitted: https://equinoxen.com/brevo-vs-mailchimp/

============================================================
  PIPELINE COMPLETE
============================================================

✅ Published 1 of 1 target articles:

  📄 Brevo vs Mailchimp: Email Marketing Showdown for 2026
     Keyword: brevo vs mailchimp
     Local: article_brevo-vs-mailchimp_20260819_150214.html
     WordPress: https://equinoxen.com/brevo-vs-mailchimp/
     Status: published

💡 Next steps:
   1. Review articles in WordPress
   2. Verify affiliate links are working
   🧹 Removed old article: article_brevo-vs-mailchimp_20260819_150214.html
   ✅ Cleanup complete
============================================================
  EQUINOXEN MEDIA — CONTENT PIPELINE
  Running at: 2026-08-19 18:00:16
  Target: 1 articles
============================================================
📂 Loading intelligence report: intelligence_report_20260819_170303.json

📋 Found 7 opportunities

============================================================
  ARTICLE 1 of 1 (opportunity 1 of 7)
============================================================

✍️  Generating article: Integrately vs n8n: Which Automation Tool is Better in 2026
   Keyword: integrately vs n8n
   Type: comparison
   ✅ Article generated (17483 characters)
   🔍 Generating SEO metadata...
   💾 Saved locally: article_integrately-vs-n8n_20260819_180152.html
   🎨 Generating AI featured images...
   🎨 Generating landscape AI image for: Integrately vs n8n: Which Automation Tool is Better in 2026
   ✅ Landscape image generated (72KB)

📤 Publishing to WordPress as publish...
   ✅ Published! ID: 1234
   🔗 URL: https://equinoxen.com/integrately-vs-n8n/
   🔄 WordPress hooks triggered
   🎯 Rank Math focus keyword set: integrately vs n8n
   📝 Tracked: Integrately vs n8n: Which Automation Tool is Better in 2026

📱 Posting to social media...
   📤 Posting to LinkedIn...
   🖼️  Uploading image to LinkedIn...
   ⚠️  Image registration failed: 401
   ❌ LinkedIn failed: 401 — {"status":401,"serviceErrorCode":65602,"code":"EXPIRED_ACCESS_TOKEN","message":"The token used in the request has expired"}
   📤 Posting to X...
   ✅ X posted successfully
   📤 Posting to Dev.to...
   ✍️  Generating Dev.to summary...
   ✅ Dev.to summary generated (1459 chars)
   ✅ Dev.to posted successfully
   🔗 Dev.to URL: https://dev.to/jdhaack1/integrately-vs-n8n-which-automation-tool-is-better-in-2026-43g
   📱 Social posting complete
   ✅ IndexNow submitted: https://equinoxen.com/integrately-vs-n8n/
   ✅ Google Indexing API submitted: https://equinoxen.com/integrately-vs-n8n/

============================================================
  PIPELINE COMPLETE
============================================================

✅ Published 1 of 1 target articles:

  📄 Integrately vs n8n: Which Automation Tool is Better in 2026
     Keyword: integrately vs n8n
     Local: article_integrately-vs-n8n_20260819_180152.html
     WordPress: https://equinoxen.com/integrately-vs-n8n/
     Status: published

💡 Next steps:
   1. Review articles in WordPress
   2. Verify affiliate links are working
   🧹 Removed old report: intelligence_report_20260812_170253.json
   🧹 Removed old article: article_integrately-vs-n8n_20260819_180152.html
   ✅ Cleanup complete
============================================================
  EQUINOXEN MEDIA — CONTENT PIPELINE
  Running at: 2026-08-19 21:00:13
  Target: 1 articles
============================================================
📂 Loading intelligence report: intelligence_report_20260819_170303.json

📋 Found 7 opportunities

============================================================
  ARTICLE 1 of 1 (opportunity 1 of 7)
============================================================
⏭️  Skipping — comparison already covered: integrately+n8n

============================================================
  ARTICLE 1 of 1 (opportunity 2 of 7)
============================================================

✍️  Generating article: FreshBooks vs Sage: Accounting Software Compared for 2026
   Keyword: freshbooks vs sage
   Type: comparison
   ✅ Article generated (17897 characters)
   🔍 Generating SEO metadata...
   💾 Saved locally: article_freshbooks-vs-sage_20260819_210155.html
   🎨 Generating AI featured images...
   🎨 Generating landscape AI image for: FreshBooks vs Sage: Accounting Software Compared for 2026
   ✅ Landscape image generated (113KB)

📤 Publishing to WordPress as publish...
   ✅ Published! ID: 1237
   🔗 URL: https://equinoxen.com/freshbooks-vs-sage/
   🔄 WordPress hooks triggered
   🎯 Rank Math focus keyword set: freshbooks vs sage
   📝 Tracked: FreshBooks vs Sage: Accounting Software Compared for 2026

📱 Posting to social media...
   ⏭️  LinkedIn — already posted today
   📤 Posting to X...
   ✅ X posted successfully
   📤 Posting to Dev.to...
   ✍️  Generating Dev.to summary...
   ✅ Dev.to summary generated (1537 chars)
   ✅ Dev.to posted successfully
   🔗 Dev.to URL: https://dev.to/jdhaack1/freshbooks-vs-sage-accounting-software-compared-for-2026-44l7
   📱 Social posting complete
   ✅ IndexNow submitted: https://equinoxen.com/freshbooks-vs-sage/
   ✅ Google Indexing API submitted: https://equinoxen.com/freshbooks-vs-sage/

============================================================
  PIPELINE COMPLETE
============================================================

✅ Published 1 of 1 target articles:

  📄 FreshBooks vs Sage: Accounting Software Compared for 2026
     Keyword: freshbooks vs sage
     Local: article_freshbooks-vs-sage_20260819_210155.html
     WordPress: https://equinoxen.com/freshbooks-vs-sage/
     Status: published

💡 Next steps:
   1. Review articles in WordPress
   2. Verify affiliate links are working
   🧹 Removed old article: article_freshbooks-vs-sage_20260819_210155.html
   ✅ Cleanup complete
============================================================
  EQUINOXEN MEDIA — CONTENT PIPELINE
  Running at: 2026-08-20 15:00:14
  Target: 1 articles
============================================================
📂 Loading intelligence report: intelligence_report_20260819_170303.json

📋 Found 7 opportunities

============================================================
  ARTICLE 1 of 1 (opportunity 1 of 7)
============================================================
⏭️  Skipping — comparison already covered: integrately+n8n

============================================================
  ARTICLE 1 of 1 (opportunity 2 of 7)
============================================================
⏭️  Skipping — comparison already covered: freshbooks+sage

============================================================
  ARTICLE 1 of 1 (opportunity 3 of 7)
============================================================

✍️  Generating article: Basecamp vs Wrike: Project Management Software Review 2026
   Keyword: basecamp vs wrike
   Type: comparison
   ✅ Article generated (19311 characters)
   🔍 Generating SEO metadata...
   💾 Saved locally: article_basecamp-vs-wrike-project-management-review_20260820_150219.html
   🎨 Generating AI featured images...
   🎨 Generating landscape AI image for: Basecamp vs Wrike: Project Management Software Review 2026
   ✅ Landscape image generated (94KB)

📤 Publishing to WordPress as publish...
   ✅ Published! ID: 1242
   🔗 URL: https://equinoxen.com/basecamp-vs-wrike-project-management-review/
   🔄 WordPress hooks triggered
   🎯 Rank Math focus keyword set: basecamp vs wrike
   📝 Tracked: Basecamp vs Wrike: Project Management Software Review 2026

📱 Posting to social media...
   ⏭️  LinkedIn — outside posting window (10am-12pm Pacific)
   📤 Posting to X...
   ✅ X posted successfully
   📤 Posting to Dev.to...
   ✍️  Generating Dev.to summary...
   ✅ Dev.to summary generated (1625 chars)
   ✅ Dev.to posted successfully
   🔗 Dev.to URL: https://dev.to/jdhaack1/basecamp-vs-wrike-project-management-software-review-2026-4f27
   📱 Social posting complete
   ✅ IndexNow submitted: https://equinoxen.com/basecamp-vs-wrike-project-management-review/
   ✅ Google Indexing API submitted: https://equinoxen.com/basecamp-vs-wrike-project-management-review/

============================================================
  PIPELINE COMPLETE
============================================================

✅ Published 1 of 1 target articles:

  📄 Basecamp vs Wrike: Project Management Software Review 2026
     Keyword: basecamp vs wrike
     Local: article_basecamp-vs-wrike-project-management-review_20260820_150219.html
     WordPress: https://equinoxen.com/basecamp-vs-wrike-project-management-review/
     Status: published

💡 Next steps:
   1. Review articles in WordPress
   2. Verify affiliate links are working
   🧹 Removed old article: article_basecamp-vs-wrike-project-management-review_20260820_150219.html
   ✅ Cleanup complete
============================================================
  EQUINOXEN MEDIA — CONTENT PIPELINE
  Running at: 2026-08-20 18:00:11
  Target: 1 articles
============================================================
📂 Loading intelligence report: intelligence_report_20260820_170340.json

📋 Found 7 opportunities

============================================================
  ARTICLE 1 of 1 (opportunity 1 of 7)
============================================================

✍️  Generating article: Leadpages vs Unbounce: Which Landing Page Builder Wins in 2026
   Keyword: leadpages vs unbounce
   Type: comparison
   ✅ Article generated (16277 characters)
   🔍 Generating SEO metadata...
   💾 Saved locally: article_leadpages-vs-unbounce_20260820_180143.html
   🎨 Generating AI featured images...
   🎨 Generating landscape AI image for: Leadpages vs Unbounce: Which Landing Page Builder Wins in 2026
   ✅ Landscape image generated (113KB)

📤 Publishing to WordPress as publish...
   ✅ Published! ID: 1245
   🔗 URL: https://equinoxen.com/leadpages-vs-unbounce/
   🔄 WordPress hooks triggered
   🎯 Rank Math focus keyword set: leadpages vs unbounce
   📝 Tracked: Leadpages vs Unbounce: Which Landing Page Builder Wins in 2026

📱 Posting to social media...
   📤 Posting to LinkedIn...
   🖼️  Uploading image to LinkedIn...
   ⚠️  Image registration failed: 401
   ❌ LinkedIn failed: 401 — {"status":401,"serviceErrorCode":65602,"code":"EXPIRED_ACCESS_TOKEN","message":"The token used in the request has expired"}
   📤 Posting to X...
   ✅ X posted successfully
   📤 Posting to Dev.to...
   ✍️  Generating Dev.to summary...
   ✅ Dev.to summary generated (1597 chars)
   ✅ Dev.to posted successfully
   🔗 Dev.to URL: https://dev.to/jdhaack1/leadpages-vs-unbounce-which-landing-page-builder-wins-in-2026-3ime
   📱 Social posting complete
   ✅ IndexNow submitted: https://equinoxen.com/leadpages-vs-unbounce/
   ✅ Google Indexing API submitted: https://equinoxen.com/leadpages-vs-unbounce/

============================================================
  PIPELINE COMPLETE
============================================================

✅ Published 1 of 1 target articles:

  📄 Leadpages vs Unbounce: Which Landing Page Builder Wins in 2026
     Keyword: leadpages vs unbounce
     Local: article_leadpages-vs-unbounce_20260820_180143.html
     WordPress: https://equinoxen.com/leadpages-vs-unbounce/
     Status: published

💡 Next steps:
   1. Review articles in WordPress
   2. Verify affiliate links are working
   🧹 Removed old report: intelligence_report_20260813_170231.json
   🧹 Removed old article: article_leadpages-vs-unbounce_20260820_180143.html
   ✅ Cleanup complete
============================================================
  EQUINOXEN MEDIA — CONTENT PIPELINE
  Running at: 2026-08-20 21:00:16
  Target: 1 articles
============================================================
📂 Loading intelligence report: intelligence_report_20260820_170340.json

📋 Found 7 opportunities

============================================================
  ARTICLE 1 of 1 (opportunity 1 of 7)
============================================================
⏭️  Skipping — comparison already covered: leadpages  unbounce

============================================================
  ARTICLE 1 of 1 (opportunity 2 of 7)
============================================================

✍️  Generating article: Kartra Review 2026: Is This All-in-One Marketing Platform Worth It
   Keyword: kartra review
   Type: review
   ✅ Article generated (10531 characters)
   🔍 Generating SEO metadata...
   💾 Saved locally: article_kartra-review_20260820_210124.html
   🎨 Generating AI featured images...
   🎨 Generating landscape AI image for: Kartra Review 2026: Is This All-in-One Marketing Platform Worth It
   ✅ Landscape image generated (96KB)

📤 Publishing to WordPress as publish...
   ✅ Published! ID: 1248
   🔗 URL: https://equinoxen.com/kartra-review/
   🔄 WordPress hooks triggered
   🎯 Rank Math focus keyword set: kartra review
   📝 Tracked: Kartra Review 2026: Is This All-in-One Marketing Platform Worth It

📱 Posting to social media...
   ⏭️  LinkedIn — already posted today
   📤 Posting to X...
   ✅ X posted successfully
   📤 Posting to Dev.to...
   ✍️  Generating Dev.to summary...
   ✅ Dev.to summary generated (1545 chars)
   ✅ Dev.to posted successfully
   🔗 Dev.to URL: https://dev.to/jdhaack1/kartra-review-2026-is-this-all-in-one-marketing-platform-worth-it-466f
   📱 Social posting complete
   ✅ IndexNow submitted: https://equinoxen.com/kartra-review/
   ✅ Google Indexing API submitted: https://equinoxen.com/kartra-review/

============================================================
  PIPELINE COMPLETE
============================================================

✅ Published 1 of 1 target articles:

  📄 Kartra Review 2026: Is This All-in-One Marketing Platform Worth It
     Keyword: kartra review
     Local: article_kartra-review_20260820_210124.html
     WordPress: https://equinoxen.com/kartra-review/
     Status: published

💡 Next steps:
   1. Review articles in WordPress
   2. Verify affiliate links are working
   🧹 Removed old article: article_kartra-review_20260820_210124.html
   ✅ Cleanup complete
============================================================
  EQUINOXEN MEDIA — CONTENT PIPELINE
  Running at: 2026-08-21 15:00:13
  Target: 1 articles
============================================================
📂 Loading intelligence report: intelligence_report_20260820_170340.json

📋 Found 7 opportunities

============================================================
  ARTICLE 1 of 1 (opportunity 1 of 7)
============================================================
⏭️  Skipping — comparison already covered: leadpages  unbounce

============================================================
  ARTICLE 1 of 1 (opportunity 2 of 7)
============================================================
⏭️  Skipping — comparison already covered: kartra

============================================================
  ARTICLE 1 of 1 (opportunity 3 of 7)
============================================================

✍️  Generating article: Mailchimp vs ActiveCampaign: Best Email Marketing Platform for 2026
   Keyword: mailchimp vs activecampaign
   Type: comparison
   ✅ Article generated (19865 characters)
   🔍 Generating SEO metadata...
   💾 Saved locally: article_mailchimp-vs-activecampaign_20260821_150203.html
   🎨 Generating AI featured images...
   🎨 Generating landscape AI image for: Mailchimp vs ActiveCampaign: Best Email Marketing Platform for 2026
   ✅ Landscape image generated (93KB)

📤 Publishing to WordPress as publish...
   ✅ Published! ID: 1253
   🔗 URL: https://equinoxen.com/mailchimp-vs-activecampaign/
   🔄 WordPress hooks triggered
   🎯 Rank Math focus keyword set: mailchimp vs activecampaign
   📝 Tracked: Mailchimp vs ActiveCampaign: Best Email Marketing Platform for 2026

📱 Posting to social media...
   ⏭️  LinkedIn — outside posting window (10am-12pm Pacific)
   📤 Posting to X...
   ✅ X posted successfully
   📤 Posting to Dev.to...
   ✍️  Generating Dev.to summary...
   ✅ Dev.to summary generated (1592 chars)
   ✅ Dev.to posted successfully
   🔗 Dev.to URL: https://dev.to/jdhaack1/mailchimp-vs-activecampaign-best-email-marketing-platform-for-2026-133h
   📱 Social posting complete
   ✅ IndexNow submitted: https://equinoxen.com/mailchimp-vs-activecampaign/
   ✅ Google Indexing API submitted: https://equinoxen.com/mailchimp-vs-activecampaign/

============================================================
  PIPELINE COMPLETE
============================================================

✅ Published 1 of 1 target articles:

  📄 Mailchimp vs ActiveCampaign: Best Email Marketing Platform for 2026
     Keyword: mailchimp vs activecampaign
     Local: article_mailchimp-vs-activecampaign_20260821_150203.html
     WordPress: https://equinoxen.com/mailchimp-vs-activecampaign/
     Status: published

💡 Next steps:
   1. Review articles in WordPress
   2. Verify affiliate links are working
   🧹 Removed old article: article_mailchimp-vs-activecampaign_20260821_150203.html
   ✅ Cleanup complete
============================================================
  EQUINOXEN MEDIA — CONTENT PIPELINE
  Running at: 2026-08-21 18:00:19
  Target: 1 articles
============================================================
📂 Loading intelligence report: intelligence_report_20260821_170244.json

📋 Found 5 opportunities

============================================================
  ARTICLE 1 of 1 (opportunity 1 of 5)
============================================================

✍️  Generating article: GetResponse vs Klaviyo: Which Email Platform Wins in 2026
   Keyword: getresponse vs klaviyo
   Type: comparison
   ✅ Article generated (18565 characters)
   🔍 Generating SEO metadata...
   💾 Saved locally: article_getresponse-vs-klaviyo_20260821_180157.html
   🎨 Generating AI featured images...
   🎨 Generating landscape AI image for: GetResponse vs Klaviyo: Which Email Platform Wins in 2026
   ✅ Landscape image generated (74KB)

📤 Publishing to WordPress as publish...
   ✅ Published! ID: 1256
   🔗 URL: https://equinoxen.com/getresponse-vs-klaviyo/
   🔄 WordPress hooks triggered
   🎯 Rank Math focus keyword set: getresponse vs klaviyo
   📝 Tracked: GetResponse vs Klaviyo: Which Email Platform Wins in 2026

📱 Posting to social media...
   📤 Posting to LinkedIn...
   🖼️  Uploading image to LinkedIn...
   ⚠️  Image registration failed: 401
   ❌ LinkedIn failed: 401 — {"status":401,"serviceErrorCode":65602,"code":"EXPIRED_ACCESS_TOKEN","message":"The token used in the request has expired"}
   📤 Posting to X...
   ✅ X posted successfully
   📤 Posting to Dev.to...
   ✍️  Generating Dev.to summary...
   ✅ Dev.to summary generated (1424 chars)
   ✅ Dev.to posted successfully
   🔗 Dev.to URL: https://dev.to/jdhaack1/getresponse-vs-klaviyo-which-email-platform-wins-in-2026-17da
   📱 Social posting complete
   ✅ IndexNow submitted: https://equinoxen.com/getresponse-vs-klaviyo/
   ✅ Google Indexing API submitted: https://equinoxen.com/getresponse-vs-klaviyo/

============================================================
  PIPELINE COMPLETE
============================================================

✅ Published 1 of 1 target articles:

  📄 GetResponse vs Klaviyo: Which Email Platform Wins in 2026
     Keyword: getresponse vs klaviyo
     Local: article_getresponse-vs-klaviyo_20260821_180157.html
     WordPress: https://equinoxen.com/getresponse-vs-klaviyo/
     Status: published

💡 Next steps:
   1. Review articles in WordPress
   2. Verify affiliate links are working
   🧹 Removed old report: intelligence_report_20260814_170305.json
   🧹 Removed old article: article_getresponse-vs-klaviyo_20260821_180157.html
   ✅ Cleanup complete
============================================================
  EQUINOXEN MEDIA — CONTENT PIPELINE
  Running at: 2026-08-21 21:00:19
  Target: 1 articles
============================================================
📂 Loading intelligence report: intelligence_report_20260821_170244.json

📋 Found 5 opportunities

============================================================
  ARTICLE 1 of 1 (opportunity 1 of 5)
============================================================
⏭️  Skipping — comparison already covered: getresponse+klaviyo

============================================================
  ARTICLE 1 of 1 (opportunity 2 of 5)
============================================================

✍️  Generating article: SE Ranking vs Ubersuggest: Best Budget SEO Tool for 2026
   Keyword: se ranking vs ubersuggest
   Type: comparison
   ✅ Article generated (17195 characters)
   🔍 Generating SEO metadata...
   💾 Saved locally: article_se-ranking-vs-ubersuggest_20260821_210147.html
   🎨 Generating AI featured images...
   🎨 Generating landscape AI image for: SE Ranking vs Ubersuggest: Best Budget SEO Tool for 2026
   ✅ Landscape image generated (84KB)

📤 Publishing to WordPress as publish...
   ✅ Published! ID: 1259
   🔗 URL: https://equinoxen.com/se-ranking-vs-ubersuggest/
   🔄 WordPress hooks triggered
   🎯 Rank Math focus keyword set: se ranking vs ubersuggest
   📝 Tracked: SE Ranking vs Ubersuggest: Best Budget SEO Tool for 2026

📱 Posting to social media...
   ⏭️  LinkedIn — already posted today
   📤 Posting to X...
   ✅ X posted successfully
   📤 Posting to Dev.to...
   ✍️  Generating Dev.to summary...
   ✅ Dev.to summary generated (1602 chars)
   ✅ Dev.to posted successfully
   🔗 Dev.to URL: https://dev.to/jdhaack1/se-ranking-vs-ubersuggest-best-budget-seo-tool-for-2026-2k29
   📱 Social posting complete
   ✅ IndexNow submitted: https://equinoxen.com/se-ranking-vs-ubersuggest/
   ✅ Google Indexing API submitted: https://equinoxen.com/se-ranking-vs-ubersuggest/

============================================================
  PIPELINE COMPLETE
============================================================

✅ Published 1 of 1 target articles:

  📄 SE Ranking vs Ubersuggest: Best Budget SEO Tool for 2026
     Keyword: se ranking vs ubersuggest
     Local: article_se-ranking-vs-ubersuggest_20260821_210147.html
     WordPress: https://equinoxen.com/se-ranking-vs-ubersuggest/
     Status: published

💡 Next steps:
   1. Review articles in WordPress
   2. Verify affiliate links are working
   🧹 Removed old article: article_se-ranking-vs-ubersuggest_20260821_210147.html
   ✅ Cleanup complete
============================================================
  EQUINOXEN MEDIA — CONTENT PIPELINE
  Running at: 2026-08-22 15:00:11
  Target: 1 articles
============================================================
📂 Loading intelligence report: intelligence_report_20260821_170244.json

📋 Found 5 opportunities

============================================================
  ARTICLE 1 of 1 (opportunity 1 of 5)
============================================================
⏭️  Skipping — comparison already covered: getresponse+klaviyo

============================================================
  ARTICLE 1 of 1 (opportunity 2 of 5)
============================================================
⏭️  Skipping — comparison already covered: se ranking+ubersuggest

============================================================
  ARTICLE 1 of 1 (opportunity 3 of 5)
============================================================

✍️  Generating article: Hive Project Management Review 2026: Is It Worth Switching
   Keyword: hive project management review
   Type: review
   ✅ Article generated (10828 characters)
   🔍 Generating SEO metadata...
   💾 Saved locally: article_hive-project-management-review_20260822_150120.html
   🎨 Generating AI featured images...
   🎨 Generating landscape AI image for: Hive Project Management Review 2026: Is It Worth Switching
   ✅ Landscape image generated (98KB)

📤 Publishing to WordPress as publish...
   ✅ Published! ID: 1274
   🔗 URL: https://equinoxen.com/hive-project-management-review/
   🔄 WordPress hooks triggered
   🎯 Rank Math focus keyword set: hive project management review
   📝 Tracked: Hive Project Management Review 2026: Is It Worth Switching

📱 Posting to social media...
   ⏭️  LinkedIn — outside posting window (10am-12pm Pacific)
   📤 Posting to X...
   ✅ X posted successfully
   📤 Posting to Dev.to...
   ✍️  Generating Dev.to summary...
   ✅ Dev.to summary generated (1343 chars)
   ✅ Dev.to posted successfully
   🔗 Dev.to URL: https://dev.to/jdhaack1/hive-project-management-review-2026-is-it-worth-switching-54bk
   📱 Social posting complete
   ✅ IndexNow submitted: https://equinoxen.com/hive-project-management-review/
   ✅ Google Indexing API submitted: https://equinoxen.com/hive-project-management-review/

============================================================
  PIPELINE COMPLETE
============================================================

✅ Published 1 of 1 target articles:

  📄 Hive Project Management Review 2026: Is It Worth Switching
     Keyword: hive project management review
     Local: article_hive-project-management-review_20260822_150120.html
     WordPress: https://equinoxen.com/hive-project-management-review/
     Status: published

💡 Next steps:
   1. Review articles in WordPress
   2. Verify affiliate links are working
   🧹 Removed old article: article_hive-project-management-review_20260822_150120.html
   ✅ Cleanup complete
============================================================
  EQUINOXEN MEDIA — CONTENT PIPELINE
  Running at: 2026-08-22 18:00:11
  Target: 1 articles
============================================================
📂 Loading intelligence report: intelligence_report_20260822_170310.json

📋 Found 6 opportunities

============================================================
  ARTICLE 1 of 1 (opportunity 1 of 6)
============================================================

✍️  Generating article: Notion vs Airtable: Which Workspace Database is Better in 2026?
   Keyword: notion vs airtable
   Type: comparison
   ✅ Article generated (19031 characters)
   🔍 Generating SEO metadata...
   💾 Saved locally: article_notion-vs-airtable-workspace-database-comparison_20260822_180154.html
   🎨 Generating AI featured images...
   🎨 Generating landscape AI image for: Notion vs Airtable: Which Workspace Database is Better in 2026?
   ✅ Landscape image generated (99KB)

📤 Publishing to WordPress as publish...
   ✅ Published! ID: 1277
   🔗 URL: https://equinoxen.com/notion-vs-airtable-workspace-database-comparison/
   🔄 WordPress hooks triggered
   🎯 Rank Math focus keyword set: notion vs airtable
   📝 Tracked: Notion vs Airtable: Which Workspace Database is Better in 2026?

📱 Posting to social media...
   📤 Posting to LinkedIn...
   🖼️  Uploading image to LinkedIn...
   ⚠️  Image registration failed: 401
   ❌ LinkedIn failed: 401 — {"status":401,"serviceErrorCode":65602,"code":"EXPIRED_ACCESS_TOKEN","message":"The token used in the request has expired"}
   📤 Posting to X...
   ✅ X posted successfully
   📤 Posting to Dev.to...
   ✍️  Generating Dev.to summary...
   ✅ Dev.to summary generated (1541 chars)
   ✅ Dev.to posted successfully
   🔗 Dev.to URL: https://dev.to/jdhaack1/notion-vs-airtable-which-workspace-database-is-better-in-2026-2aip
   📱 Social posting complete
   ✅ IndexNow submitted: https://equinoxen.com/notion-vs-airtable-workspace-database-comparison/
   ✅ Google Indexing API submitted: https://equinoxen.com/notion-vs-airtable-workspace-database-comparison/

============================================================
  PIPELINE COMPLETE
============================================================

✅ Published 1 of 1 target articles:

  📄 Notion vs Airtable: Which Workspace Database is Better in 2026?
     Keyword: notion vs airtable
     Local: article_notion-vs-airtable-workspace-database-comparison_20260822_180154.html
     WordPress: https://equinoxen.com/notion-vs-airtable-workspace-database-comparison/
     Status: published

💡 Next steps:
   1. Review articles in WordPress
   2. Verify affiliate links are working
   🧹 Removed old report: intelligence_report_20260815_170220.json
   🧹 Removed old article: article_notion-vs-airtable-workspace-database-comparison_20260822_180154.html
   ✅ Cleanup complete
============================================================
  EQUINOXEN MEDIA — CONTENT PIPELINE
  Running at: 2026-08-22 21:00:13
  Target: 1 articles
============================================================
📂 Loading intelligence report: intelligence_report_20260822_170310.json

📋 Found 6 opportunities

============================================================
  ARTICLE 1 of 1 (opportunity 1 of 6)
============================================================
⏭️  Skipping — comparison already covered: notion  airtable

============================================================
  ARTICLE 1 of 1 (opportunity 2 of 6)
============================================================

✍️  Generating article: ConvertKit vs ActiveCampaign: Email Marketing Showdown 2026
   Keyword: convertkit vs activecampaign
   Type: comparison
   ✅ Article generated (21951 characters)
   🔍 Generating SEO metadata...
   💾 Saved locally: article_convertkit-vs-activecampaign_20260822_210200.html
   🎨 Generating AI featured images...
   🎨 Generating landscape AI image for: ConvertKit vs ActiveCampaign: Email Marketing Showdown 2026
   ✅ Landscape image generated (153KB)

📤 Publishing to WordPress as publish...
   ✅ Published! ID: 1280
   🔗 URL: https://equinoxen.com/convertkit-vs-activecampaign/
   🔄 WordPress hooks triggered
   🎯 Rank Math focus keyword set: convertkit vs activecampaign
   📝 Tracked: ConvertKit vs ActiveCampaign: Email Marketing Showdown 2026

📱 Posting to social media...
   ⏭️  LinkedIn — already posted today
   📤 Posting to X...
   ✅ X posted successfully
   📤 Posting to Dev.to...
   ✍️  Generating Dev.to summary...
   ✅ Dev.to summary generated (1395 chars)
   ✅ Dev.to posted successfully
   🔗 Dev.to URL: https://dev.to/jdhaack1/convertkit-vs-activecampaign-email-marketing-showdown-2026-44i1
   📱 Social posting complete
   ✅ IndexNow submitted: https://equinoxen.com/convertkit-vs-activecampaign/
   ✅ Google Indexing API submitted: https://equinoxen.com/convertkit-vs-activecampaign/

============================================================
  PIPELINE COMPLETE
============================================================

✅ Published 1 of 1 target articles:

  📄 ConvertKit vs ActiveCampaign: Email Marketing Showdown 2026
     Keyword: convertkit vs activecampaign
     Local: article_convertkit-vs-activecampaign_20260822_210200.html
     WordPress: https://equinoxen.com/convertkit-vs-activecampaign/
     Status: published

💡 Next steps:
   1. Review articles in WordPress
   2. Verify affiliate links are working
   🧹 Removed old article: article_convertkit-vs-activecampaign_20260822_210200.html
   ✅ Cleanup complete
============================================================
  EQUINOXEN MEDIA — CONTENT PIPELINE
  Running at: 2026-08-23 15:00:13
  Target: 1 articles
============================================================
📂 Loading intelligence report: intelligence_report_20260822_170310.json

📋 Found 6 opportunities

============================================================
  ARTICLE 1 of 1 (opportunity 1 of 6)
============================================================
⏭️  Skipping — comparison already covered: notion  airtable

============================================================
  ARTICLE 1 of 1 (opportunity 2 of 6)
============================================================
⏭️  Skipping — comparison already covered: convertkit  activecampaign

============================================================
  ARTICLE 1 of 1 (opportunity 3 of 6)
============================================================
⏭️  Skipping — comparison already covered: basecamp

============================================================
  ARTICLE 1 of 1 (opportunity 4 of 6)
============================================================

✍️  Generating article: Monday.com vs Notion: Project Management Face-Off 2026
   Keyword: monday.com vs notion
   Type: comparison
   💾 Cached rating for Monday.com: 84/100 (valid 365 days)
   💾 Cached rating for Notion: 76/100 (valid 365 days)
   📊 Monday.com rubric score: 84/100
   📊 Notion rubric score: 76/100
   ✅ Article generated (20483 characters)
   🔍 Generating SEO metadata...
   💾 Saved locally: article_monday-com-vs-notion-project-management_20260823_150145.html
   🎨 Generating AI featured images...
   🎨 Generating landscape AI image for: Monday.com vs Notion: Project Management Face-Off 2026
   ✅ Landscape image generated (78KB)

📤 Publishing to WordPress as publish...
   ✅ Published! ID: 1287
   🔗 URL: https://equinoxen.com/monday-com-vs-notion-project-management/
   🔄 WordPress hooks triggered
   🎯 Rank Math focus keyword set: monday.com vs notion
   📝 Tracked: Monday.com vs Notion: Project Management Face-Off 2026

📱 Posting to social media...
   ⏭️  LinkedIn — outside posting window (10am-12pm Pacific)
   📤 Posting to X...
   ✅ X posted successfully
   📤 Posting to Dev.to...
   ✍️  Generating Dev.to summary...
   ✅ Dev.to summary generated (1344 chars)
   ✅ Dev.to posted successfully
   🔗 Dev.to URL: https://dev.to/jdhaack1/mondaycom-vs-notion-project-management-face-off-2026-5236
   📱 Social posting complete
   ✅ IndexNow submitted: https://equinoxen.com/monday-com-vs-notion-project-management/
   ⚠️  Google Indexing API error: <HttpError 403 when requesting https://indexing.googleapis.com/v3/urlNotifications:publish?alt=json returned "Permission denied. Failed to verify the URL ownership.". Details: "Permission denied. Failed to verify the URL ownership.">

============================================================
  PIPELINE COMPLETE
============================================================

✅ Published 1 of 1 target articles:

  📄 Monday.com vs Notion: Project Management Face-Off 2026
     Keyword: monday.com vs notion
     Local: article_monday-com-vs-notion-project-management_20260823_150145.html
     WordPress: https://equinoxen.com/monday-com-vs-notion-project-management/
     Status: published

💡 Next steps:
   1. Review articles in WordPress
   2. Verify affiliate links are working
   🧹 Removed old article: article_monday-com-vs-notion-project-management_20260823_150145.html
   ✅ Cleanup complete
============================================================
  EQUINOXEN MEDIA — CONTENT PIPELINE
  Running at: 2026-08-23 18:00:13
  Target: 1 articles
============================================================
📂 Loading intelligence report: intelligence_report_20260823_170236.json

📋 Found 3 opportunities

============================================================
  ARTICLE 1 of 1 (opportunity 1 of 3)
============================================================

✍️  Generating article: Moz vs SE Ranking 2026: Best SEO Tool for Mid-Sized Agencies
   Keyword: moz vs se ranking
   Type: comparison
   💾 Cached rating for Moz: 66/100 (valid 365 days)
   💾 Cached rating for SE Ranking: 78/100 (valid 365 days)
   📊 Moz rubric score: 66/100
   📊 SE Ranking rubric score: 78/100
   ✅ Article generated (21393 characters)
   🔍 Generating SEO metadata...
   💾 Saved locally: article_moz-vs-se-ranking_20260823_180154.html
   🎨 Generating AI featured images...
   🎨 Generating landscape AI image for: Moz vs SE Ranking 2026: Best SEO Tool for Mid-Sized Agencies
   ✅ Landscape image generated (88KB)

📤 Publishing to WordPress as publish...
   ✅ Published! ID: 1290
   🔗 URL: https://equinoxen.com/moz-vs-se-ranking/
   🔄 WordPress hooks triggered
   🎯 Rank Math focus keyword set: moz vs se ranking
   📝 Tracked: Moz vs SE Ranking 2026: Best SEO Tool for Mid-Sized Agencies

📱 Posting to social media...
   📤 Posting to LinkedIn...
   🖼️  Uploading image to LinkedIn...
   ⚠️  Image registration failed: 401
   ❌ LinkedIn failed: 401 — {"status":401,"serviceErrorCode":65602,"code":"EXPIRED_ACCESS_TOKEN","message":"The token used in the request has expired"}
   📤 Posting to X...
   ✅ X posted successfully
   📤 Posting to Dev.to...
   ✍️  Generating Dev.to summary...
   ✅ Dev.to summary generated (1444 chars)
   ✅ Dev.to posted successfully
   🔗 Dev.to URL: https://dev.to/jdhaack1/moz-vs-se-ranking-2026-best-seo-tool-for-mid-sized-agencies-4jca
   📱 Social posting complete
   ✅ IndexNow submitted: https://equinoxen.com/moz-vs-se-ranking/
   ✅ Google Indexing API submitted: https://equinoxen.com/moz-vs-se-ranking/

============================================================
  PIPELINE COMPLETE
============================================================

✅ Published 1 of 1 target articles:

  📄 Moz vs SE Ranking 2026: Best SEO Tool for Mid-Sized Agencies
     Keyword: moz vs se ranking
     Local: article_moz-vs-se-ranking_20260823_180154.html
     WordPress: https://equinoxen.com/moz-vs-se-ranking/
     Status: published

💡 Next steps:
   1. Review articles in WordPress
   2. Verify affiliate links are working
   🧹 Removed old report: intelligence_report_20260816_170236.json
   🧹 Removed old article: article_moz-vs-se-ranking_20260823_180154.html
   ✅ Cleanup complete
============================================================
  EQUINOXEN MEDIA — CONTENT PIPELINE
  Running at: 2026-08-23 21:00:10
  Target: 1 articles
============================================================
📂 Loading intelligence report: intelligence_report_20260823_170236.json

📋 Found 3 opportunities

============================================================
  ARTICLE 1 of 1 (opportunity 1 of 3)
============================================================
⏭️  Skipping — comparison already covered: moz+se ranking

============================================================
  ARTICLE 1 of 1 (opportunity 2 of 3)
============================================================

✍️  Generating article: Wave Accounting Review 2026: Is Free Accounting Software Worth It
   Keyword: wave accounting review
   Type: review
   💾 Cached rating for Wave: 70/100 (valid 365 days)
   📊 Wave rubric score: 70/100
   ✅ Article generated (13956 characters)
   🔍 Generating SEO metadata...
   💾 Saved locally: article_wave-accounting-review_20260823_210122.html
   🎨 Generating AI featured images...
   🎨 Generating landscape AI image for: Wave Accounting Review 2026: Is Free Accounting Software Worth It
   ✅ Landscape image generated (159KB)

📤 Publishing to WordPress as publish...
   ✅ Published! ID: 1293
   🔗 URL: https://equinoxen.com/wave-accounting-review/
   🔄 WordPress hooks triggered
   🎯 Rank Math focus keyword set: wave accounting review
   📝 Tracked: Wave Accounting Review 2026: Is Free Accounting Software Worth It

📱 Posting to social media...
   ⏭️  LinkedIn — already posted today
   📤 Posting to X...
   ✅ X posted successfully
   📤 Posting to Dev.to...
   ✍️  Generating Dev.to summary...
   ✅ Dev.to summary generated (1670 chars)
   ✅ Dev.to posted successfully
   🔗 Dev.to URL: https://dev.to/jdhaack1/wave-accounting-review-2026-is-free-accounting-software-worth-it-4j72
   📱 Social posting complete
   ✅ IndexNow submitted: https://equinoxen.com/wave-accounting-review/
   ✅ Google Indexing API submitted: https://equinoxen.com/wave-accounting-review/

============================================================
  PIPELINE COMPLETE
============================================================

✅ Published 1 of 1 target articles:

  📄 Wave Accounting Review 2026: Is Free Accounting Software Worth It
     Keyword: wave accounting review
     Local: article_wave-accounting-review_20260823_210122.html
     WordPress: https://equinoxen.com/wave-accounting-review/
     Status: published

💡 Next steps:
   1. Review articles in WordPress
   2. Verify affiliate links are working
   🧹 Removed old article: article_wave-accounting-review_20260823_210122.html
   ✅ Cleanup complete
============================================================
  EQUINOXEN MEDIA — CONTENT PIPELINE
  Running at: 2026-08-24 15:00:13
  Target: 1 articles
  Pre-write research: ON
============================================================
📂 Loading intelligence report: intelligence_report_20260823_170236.json

📋 Found 3 opportunities

============================================================
  ARTICLE 1 of 1 (opportunity 1 of 3)
============================================================
⏭️  Skipping — comparison already covered: moz+se ranking

============================================================
  ARTICLE 1 of 1 (opportunity 2 of 3)
============================================================
⏭️  Skipping — comparison already covered: wave accounting

============================================================
  ARTICLE 1 of 1 (opportunity 3 of 3)
============================================================

✍️  Generating article: Squarespace vs Elementor 2026: Website Builder Showdown for Small Business
   Keyword: squarespace vs elementor
   Type: comparison
   🔎 Researching Squarespace (web search)...
   💾 Cached research for Squarespace (valid 365 days)
   ✅ Research complete for Squarespace
   🔎 Researching Elementor (web search)...
   💾 Cached research for Elementor (valid 365 days)
   ✅ Research complete for Elementor
   💾 Cached rating for Squarespace: 70/100 (valid 365 days)
   💾 Cached rating for Elementor: 76/100 (valid 365 days)
   📊 Squarespace rubric score: 70/100
   📊 Elementor rubric score: 76/100
   ✅ Article generated (21838 characters)
   🔍 Generating SEO metadata...
   💾 Saved locally: article_squarespace-vs-elementor_20260824_150308.html
   🎨 Generating AI featured images...
   🎨 Generating landscape AI image for: Squarespace vs Elementor 2026: Website Builder Showdown for Small Business
   ✅ Landscape image generated (87KB)

📤 Publishing to WordPress as publish...
   ✅ Published! ID: 1298
   🔗 URL: https://equinoxen.com/squarespace-vs-elementor/
   🔄 WordPress hooks triggered
   🎯 Rank Math focus keyword set: squarespace vs elementor
   📝 Tracked: Squarespace vs Elementor 2026: Website Builder Showdown for Small Business

📱 Posting to social media...
   ⏭️  LinkedIn — outside posting window (10am-12pm Pacific)
   📤 Posting to X...
   ✅ X posted successfully
   📤 Posting to Dev.to...
   ✍️  Generating Dev.to summary...
   ✅ Dev.to summary generated (1531 chars)
   ✅ Dev.to posted successfully
   🔗 Dev.to URL: https://dev.to/jdhaack1/squarespace-vs-elementor-2026-website-builder-showdown-for-small-business-5h8d
   📱 Social posting complete
   ✅ IndexNow submitted: https://equinoxen.com/squarespace-vs-elementor/
   ✅ Google Indexing API submitted: https://equinoxen.com/squarespace-vs-elementor/

============================================================
  PIPELINE COMPLETE
============================================================

✅ Published 1 of 1 target articles:

  📄 Squarespace vs Elementor 2026: Website Builder Showdown for Small Business
     Keyword: squarespace vs elementor
     Local: article_squarespace-vs-elementor_20260824_150308.html
     WordPress: https://equinoxen.com/squarespace-vs-elementor/
     Status: published

💡 Next steps:
   1. Review articles in WordPress
   2. Verify affiliate links are working
   🧹 Removed old article: article_squarespace-vs-elementor_20260824_150308.html
   ✅ Cleanup complete
============================================================
  EQUINOXEN MEDIA — CONTENT PIPELINE
  Running at: 2026-08-24 18:00:15
  Target: 1 articles
  Pre-write research: ON
============================================================
📂 Loading intelligence report: intelligence_report_20260824_170242.json

📋 Found 3 opportunities

============================================================
  ARTICLE 1 of 1 (opportunity 1 of 3)
============================================================

✍️  Generating article: Best CRM Software for Real Estate Agents in 2026: Top 5 Picks
   Keyword: best crm software for real estate
   Type: buying_guide
   🔎 Researching HubSpot (web search)...
   💾 Cached research for HubSpot (valid 365 days)
   ✅ Research complete for HubSpot
   🔎 Researching Pipedrive (web search)...
   💾 Cached research for Pipedrive (valid 365 days)
   ✅ Research complete for Pipedrive
   🔎 Researching Close CRM (web search)...
   💾 Cached research for Close CRM (valid 365 days)
   ✅ Research complete for Close CRM
   🔎 Researching Copper (web search)...
   💾 Cached research for Copper (valid 365 days)
   ✅ Research complete for Copper
   🔎 Researching Keap (web search)...
   💾 Cached research for Keap (valid 365 days)
   ✅ Research complete for Keap
   💾 Cached rating for HubSpot: 90/100 (valid 365 days)
   💾 Cached rating for Pipedrive: 82/100 (valid 365 days)
   💾 Cached rating for Close CRM: 75/100 (valid 365 days)
   💾 Cached rating for Copper: 74/100 (valid 365 days)
   💾 Cached rating for Keap: 70/100 (valid 365 days)
   📊 HubSpot rubric score: 90/100
   📊 Pipedrive rubric score: 82/100
   📊 Close CRM rubric score: 75/100
   📊 Copper rubric score: 74/100
   📊 Keap rubric score: 70/100
   ✅ Article generated (33172 characters)
   🔍 Generating SEO metadata...
   💾 Saved locally: article_best-crm-software-for-real-estate-agents_20260824_180527.html
   🎨 Generating AI featured images...
   🎨 Generating landscape AI image for: Best CRM Software for Real Estate Agents in 2026: Top 5 Picks
   ✅ Landscape image generated (92KB)

📤 Publishing to WordPress as publish...
   ✅ Published! ID: 1301
   🔗 URL: https://equinoxen.com/best-crm-software-for-real-estate-agents/
   🔄 WordPress hooks triggered
   🎯 Rank Math focus keyword set: best crm software for real estate
   📝 Tracked: Best CRM Software for Real Estate Agents in 2026: Top 5 Picks

📱 Posting to social media...
   📤 Posting to LinkedIn...
   🖼️  Uploading image to LinkedIn...
   ⚠️  Image registration failed: 401
   ❌ LinkedIn failed: 401 — {"status":401,"serviceErrorCode":65602,"code":"EXPIRED_ACCESS_TOKEN","message":"The token used in the request has expired"}
   📤 Posting to X...
   ✅ X posted successfully
   📤 Posting to Dev.to...
   ✍️  Generating Dev.to summary...
   ✅ Dev.to summary generated (1570 chars)
   ✅ Dev.to posted successfully
   🔗 Dev.to URL: https://dev.to/jdhaack1/best-crm-software-for-real-estate-agents-in-2026-top-5-picks-2b3a
   📱 Social posting complete
   ✅ IndexNow submitted: https://equinoxen.com/best-crm-software-for-real-estate-agents/
   ✅ Google Indexing API submitted: https://equinoxen.com/best-crm-software-for-real-estate-agents/

============================================================
  PIPELINE COMPLETE
============================================================

✅ Published 1 of 1 target articles:

  📄 Best CRM Software for Real Estate Agents in 2026: Top 5 Picks
     Keyword: best crm software for real estate
     Local: article_best-crm-software-for-real-estate-agents_20260824_180527.html
     WordPress: https://equinoxen.com/best-crm-software-for-real-estate-agents/
     Status: published

💡 Next steps:
   1. Review articles in WordPress
   2. Verify affiliate links are working
   🧹 Removed old report: intelligence_report_20260817_170245.json
   🧹 Removed old article: article_best-crm-software-for-real-estate-agents_20260824_180527.html
   ✅ Cleanup complete
============================================================
  EQUINOXEN MEDIA — CONTENT PIPELINE
  Running at: 2026-08-24 21:00:11
  Target: 1 articles
  Pre-write research: ON
============================================================
📂 Loading intelligence report: intelligence_report_20260824_170242.json

📋 Found 3 opportunities

============================================================
  ARTICLE 1 of 1 (opportunity 1 of 3)
============================================================
⏭️  Skipping — comparison already covered: hubspot+pipedrive

============================================================
  ARTICLE 1 of 1 (opportunity 2 of 3)
============================================================

✍️  Generating article: MailerLite Review 2026: Is This Email Marketing Tool Worth It for Small Business
   Keyword: mailerlite review
   Type: review
   🔎 Researching MailerLite (web search)...
   💾 Cached research for MailerLite (valid 365 days)
   ✅ Research complete for MailerLite
   💾 Cached rating for MailerLite: 79/100 (valid 365 days)
   📊 MailerLite rubric score: 79/100
   ✅ Article generated (16155 characters)
   🔍 Generating SEO metadata...
   💾 Saved locally: article_mailerlite-review_20260824_210203.html
   🎨 Generating AI featured images...
   🎨 Generating landscape AI image for: MailerLite Review 2026: Is This Email Marketing Tool Worth It for Small Business
   ✅ Landscape image generated (68KB)

📤 Publishing to WordPress as publish...
   ✅ Published! ID: 1304
   🔗 URL: https://equinoxen.com/mailerlite-review/
   🔄 WordPress hooks triggered
   🎯 Rank Math focus keyword set: mailerlite review
   📝 Tracked: MailerLite Review 2026: Is This Email Marketing Tool Worth It for Small Business

📱 Posting to social media...
   ⏭️  LinkedIn — already posted today
   📤 Posting to X...
   ✅ X posted successfully
   📤 Posting to Dev.to...
   ✍️  Generating Dev.to summary...
   ✅ Dev.to summary generated (1517 chars)
   ✅ Dev.to posted successfully
   🔗 Dev.to URL: https://dev.to/jdhaack1/mailerlite-review-2026-is-this-email-marketing-tool-worth-it-for-small-business-5fo8
   📱 Social posting complete
   ✅ IndexNow submitted: https://equinoxen.com/mailerlite-review/
   ✅ Google Indexing API submitted: https://equinoxen.com/mailerlite-review/

============================================================
  PIPELINE COMPLETE
============================================================

✅ Published 1 of 1 target articles:

  📄 MailerLite Review 2026: Is This Email Marketing Tool Worth It for Small Business
     Keyword: mailerlite review
     Local: article_mailerlite-review_20260824_210203.html
     WordPress: https://equinoxen.com/mailerlite-review/
     Status: published

💡 Next steps:
   1. Review articles in WordPress
   2. Verify affiliate links are working
   🧹 Removed old article: article_mailerlite-review_20260824_210203.html
   ✅ Cleanup complete
